Date,SPY,IEF,GLD,USO,BTC-USD
2015-01-05,-0.01822500866868967,0.006082976731615012,0.014964618775983719,-0.05689220002997445,-0.13781772680388163
2015-01-06,-0.009463541333905456,0.006695517238659917,0.01133448217141997,-0.040179219638777575,0.0417958802770686
2015-01-07,0.012384237994788515,-0.0001857807111423532,-0.005908836993974842,0.017573302401255066,0.0280729729527459
2015-01-08,0.01758960393172633,-0.004086924605768488,-0.004217399700950183,0.009750803012601377,-0.038046038508232904
2015-01-09,-0.008046045796849368,0.004920864229117237,0.011320872784880804,-0.014662144335963977,0.02460744467252288
2015-01-12,-0.007864455114131499,0.0035138303201214683,0.011025431201653892,-0.04876285857295213,-0.08106133538385282
2015-01-13,-0.0028162630771932794,0.0009224161475830668,-0.003379471739693634,0.01198992312190796,-0.17030572694913534
2015-01-14,-0.00605556574166052,0.00459954411675877,-0.0016093040146014643,0.03622572730777439,-0.23755771549530522
2015-01-15,-0.009203189312895097,0.008499801553258223,0.024864209830664365,-0.04592070307550402,0.164002352794029
2015-01-16,0.013029227164671838,-0.007398674949602618,0.01297967953352017,0.049199365319475004,-0.008360051860799687
2015-01-20,0.0021303680903950826,0.0022890697301131795,0.013618890362551296,-0.04748171364983298,0.0153456050346086
2015-01-21,0.005035171193974397,-0.004768151355123332,0.00024156831944978564,0.016454323887500507,0.07114626123199319
2015-01-22,0.014761455740129586,-0.002484507316265217,0.008017360134577187,-0.020466922911320802,0.02828326756390444
2015-01-23,-0.005497551549928346,0.006520539979590084,-0.008017360134577146,-0.023831400959499545,-0.002260455630801953
2015-01-26,0.002338548859522075,-0.0022910227588417787,-0.010031679362329541,-0.007676397751250976,0.1606838713000024
2015-01-27,-0.013277997584015929,0.0013756456396205692,0.011399158685807192,0.01995361072107624,-0.03724435725045598
2015-01-28,-0.012906999212092787,0.007667223674899724,-0.007909034514030033,-0.03850044031878442,-0.11900073718364432
2015-01-29,0.009200694207773679,-0.003553334600201795,-0.02178803552843412,0.007220298519253612,-0.0017200206333921858
2015-01-30,-0.01265445458643297,0.008722424222696373,0.022031068542067805,0.06611098969068768,-0.030823974429389264
2015-02-02,0.012308206292322472,-0.0012513649632250518,-0.008378450604819716,0.04391491200333266,0.050818634600293004
2015-02-03,0.014357194237465475,-0.008472360634033048,-0.011254031870982083,0.05231317999106829,-0.04710245086441019
2015-02-04,-0.0038151546317305753,0.0016456553364705203,0.004368788786280421,-0.07074189332293147,-0.0018277448453036722
2015-02-05,0.010044460601933787,-0.0036604936777887426,0.0017257602352123193,0.04020911380165503,-0.0438935079933491
2015-02-06,-0.0027692365252291926,-0.011247894215314318,-0.026204564931172653,0.022858066726938138,0.02346618327569626
2015-02-09,-0.004485523951024778,-0.0004637852058433254,0.004457337052542182,0.015290876219724248,-0.009747467744994518
2015-02-10,0.010597034788354099,-0.0025075709930856096,-0.005891255467082124,-0.04288954438171348,-0.0012319433610069224
2015-02-11,0.0005801693001995622,-0.00037092919763117205,-0.01188773038576783,-0.02296497700455844,-0.002979369869067089
2015-02-12,0.00957056413204187,0.00037092919763122203,0.0023036284035265445,0.035556946415724856,0.01169767654801286
2015-02-13,0.004107820930493308,-0.003352805576349739,0.005439474740014081,0.022681411545161158,0.05978710744575146
2015-02-17,0.0015721199557258176,-0.007116089034265832,-0.016838734326833547,0.008627308964993355,0.03416769347110008
2015-02-18,9.536084480355034e-05,0.00478073218420482,0.0028404943034609498,-0.027146387622821205,-0.03035636359272711
2015-02-19,-0.0007142815884864588,-0.002528326318494412,-0.003444070035884628,-0.008342063228950545,0.01660519034172677
2015-02-20,0.005982607320559643,-0.0005624391417205749,-0.005708895866845205,-0.023842229389137496,0.014444690551578291
2015-02-23,-0.00014211764164568877,0.004586115007162108,0.0013003471683988895,-0.02938182003790141,-0.020250545899613785
2015-02-24,0.002836686354855997,0.00660780429215681,-0.0014738237281034486,-0.003872740213453003,-0.0006574070841032816
2015-02-25,-0.000850100059745084,0.0009275335464343174,0.003810143280624359,0.03325456025135437,-0.005312847871439998
2015-02-26,-0.001181665930788167,-0.005949352465152507,0.003192846928133665,-0.033809050336958114,-0.004406063968623295
2015-02-27,-0.003412472553979272,0.0035366952390813427,0.000775127851616969,0.0038748840487300568,0.07102164294766813
2015-03-02,0.006293965973680892,-0.007471842489682296,-0.004140821554351363,0.012081383240462106,0.08254766306414521
2015-03-03,-0.004112361635137053,-0.0021581869981439745,-0.0018169945131893267,0.009236690432433683,0.021645212985012714
2015-03-04,-0.004225177952243252,0.0007502563509743835,-0.0031225683060647487,0.02773513552006208,-0.03104098668249274
2015-03-05,0.0010938924787860069,0.0005634661389224012,-0.0009560698660537595,-0.015907077186930536,0.011236844892019125
2015-03-06,-0.014164404693552136,-0.010279618982188907,-0.027684033513420175,-0.02544111925564375,-0.012589019563885341
2015-03-09,0.004136141131092243,0.004634466508563488,0.0009828943243309087,0.006012623191280947,0.0600682144230055
2015-03-10,-0.016354822324832374,0.004237059386023846,-0.004924161015297649,-0.02427038773620317,0.007406767027843437
2015-03-11,-0.002344821773901577,0.001783778511503189,-0.006031419233618076,-0.00784753962588042,0.015707453323950217
2015-03-12,0.012634002845855493,0.000937058957605079,-0.0002709060307489861,-0.018745218823633465,-0.006855895378802532
2015-03-13,-0.006151061020483384,-0.0015001267373373143,0.0014440077763354022,-0.037387608107253376,-0.0311121803793417
2015-03-16,0.013272019932614119,0.003465831763449618,-0.0006315097549614711,-0.027150920321405633,0.018252660687044675
2015-03-17,-0.002976845921475936,0.0020556867173714684,-0.005429372519536195,-0.024142326262919945,-0.017664059044773035
2015-03-18,0.011949791824683613,0.011413422733678827,0.019409393965783985,0.04890951429854715,-0.10791478367740183
2015-03-19,-0.004572003085118847,-0.004716623491078254,-0.0007122036244302048,-0.041418849704199054,0.017899766313779417
2015-03-20,0.008788277974677784,0.004070978953140199,0.011334565478751316,0.02153269161730661,0.0031414604385734918
2015-03-23,-0.001950774152709403,0.001292156291186613,0.006319701703631724,0.021078791336052057,0.018888362328336978
2015-03-24,-0.005634733338654557,0.00303780947485527,0.002446901321801825,0.0005957836580499106,-0.082590521853266
2015-03-25,-0.014762372372490958,-0.004329965766041928,0.001395583828601838,0.03338521877312332,0.0024482110178939095
2015-03-26,-0.002383908970590446,-0.005648266564683914,0.006515812793653495,0.047802099072735714,0.009439546802021883
2015-03-27,0.002287134690251239,0.0038925291477808605,-0.0036436736475295383,-0.060555965903582316,-0.006065833740133761
2015-03-30,0.012125977063927628,-9.235227505908056e-05,-0.011450652385538355,0.00523714641215322,0.002009864131931925
2015-03-31,-0.008778017447971999,0.0025864987573986768,-0.000791489742224147,-0.022895006096790883,-0.013429797994592731
2015-04-01,-0.003542701435118181,0.004747651069187877,0.016924374949796855,0.043004870041996886,0.012403125199171193
2015-04-02,0.0035914638564838067,-0.0028552441413066624,-0.002772001936393702,-0.001138330123549833,0.022920312531111483
2015-04-06,0.0067102368675056815,0.0012902268719432375,0.012156925637931892,0.048356230446707976,0.009781844521865037
2015-04-07,-0.0026498754968107482,0.0008290102862305187,-0.004982843844589143,0.03361208196586929,-0.009090445919442811
2015-04-08,0.003371706389170932,-0.0009208397589643143,-0.005527256360212914,-0.053338782490639045,-0.03275265389486289
2015-04-09,0.004413367145506241,-0.004061449948679234,-0.006952344453191623,-0.00221601241687918,-0.00550856238328955
2015-04-10,0.005442477699080051,-0.00027767106445000084,0.011273125412459931,0.02085691165794541,-0.031702583387589446
2015-04-13,-0.004533250435896638,0.00203367172213319,-0.007182773547924921,0.004876745127608368,-0.04987368465911709
2015-04-14,0.0019112933251207468,0.002950089582104745,-0.006098084431298223,0.017149385857450614,-0.024465706767396074
2015-04-15,0.00447669073717139,0.0005521399538124806,0.008613598755223903,0.046205956773007484,0.02110272663610571
2015-04-16,-0.00028513330569442,0.0007361691565275748,-0.0034713349747602833,0.011601716602185225,0.02095542078043026
2015-04-17,-0.011570035640059062,0.002020786933847635,0.004942989742755055,-0.005027681769273907,-0.025213125195807665
2015-04-20,0.00909541019947288,-0.001837399757592445,-0.007641555546604684,0.0025169526318786625,0.007794328069181663
2015-04-21,-0.0011921134514572488,-0.0021163365777039965,0.005736617532052148,-0.02236995288939394,0.0462926999365405
2015-04-22,0.00490219662918477,-0.0058209995786066655,-0.013524881601083907,-0.004637995915279165,-0.004656580910825517
2015-04-23,0.0025129704847750853,0.0030537485539195545,0.007265135996097461,0.020450590527956513,0.009714594733087079
2015-04-24,0.0023177519863095838,0.0035040272152158784,-0.014141033700353254,-0.004565067623147137,-0.022210307810530832
2015-04-27,-0.004166329718704763,-0.0015660928122989172,0.01996737439576267,-0.007655031843709516,-0.008607121510312307
2015-04-28,0.003173852004152387,-0.00462070849798587,0.008633395454348151,0.004089981263258659,-0.01507693138911128
2015-04-29,-0.004123194737920669,-0.003711982844841432,-0.007073870774361553,0.026184801243726498,-0.00020810680116101977
2015-04-30,-0.010070915844249299,-0.0002798298420179167,-0.01781862923365432,0.019198196300873955,0.04476096650210979
2015-05-01,0.010783007373546042,-0.005481165348667691,-0.003442946542885586,-0.005377701093138972,-0.01736823289978208
2015-05-04,0.00284356791224623,-0.0020624979662092332,0.0089796944769085,-0.00589966956943259,0.02946107704715096
2015-05-05,-0.011518245217076862,-0.0016908460505309546,0.0028006293425995657,0.02339285674158273,-0.012194490570728496
2015-05-06,-0.00412522371384988,-0.004899913505719181,-0.0005245000462393765,0.0028859792061798834,-0.02721337153245333
2015-05-07,0.003981799613703752,0.004241294090785826,-0.008253646349355704,-0.03023140635256595,0.032337406914244825
2015-05-08,0.013080296125494786,0.003849640823017269,0.0048375401365222245,0.010832174296317524,0.0271381890420925
2015-05-11,-0.004784398112091937,-0.009887817090478875,-0.003868158154194018,-0.0019608298574418205,-0.00701619389106064
2015-05-12,-0.0029958345339959865,0.0007566400256096869,0.008507714570103646,0.0175102051502989,-0.004328871534384656
2015-05-13,0.00019015829901622663,-0.001324965345956903,0.017745568671579635,-0.006287767248904864,-0.019833570375609212
2015-05-14,0.010374044143451812,0.0034036202473233758,0.005390825055101934,-0.003889160039908846,0.002332538373417759
2015-05-15,0.0010833037792501252,0.007146249078732052,0.0029823930374759115,-0.0004872218660594329,0.002849091256635625
2015-05-18,0.0031018779268410963,-0.006769022150470425,-8.510645761585739e-05,-0.003906251147172869,-0.01902192845142544
2015-05-19,-0.00032829265101026744,-0.004443706953747006,-0.013967043221181913,-0.04043482592779086,-0.005078760472612182
2015-05-20,-0.0007047134276796549,0.002177364358745328,0.0016381642703537944,0.010641144011872798,0.008889134295103438
2015-05-21,0.00290836735564933,0.005938753683521665,-0.0033654032062089196,0.03272477659671385,0.005650190252098664
2015-05-22,-0.0023917309286156092,-0.0022577453749991695,-0.0007782781051664031,-0.01227009259181436,0.021039654392675935
2015-05-26,-0.010809822815493154,0.006197410787192597,-0.014727247977664972,-0.028043873778222494,-0.01353844152885436
2015-05-27,0.0094473076012336,-0.0005620191618779663,-0.00017563013383993815,-0.01072264505909877,0.0007040801201424068
2015-05-28,-0.0011287500750158943,0.000936337651893674,0.0011407772346871212,0.004098362587884798,0.0005266583962282316
2015-05-29,-0.00623235631645989,0.0005610297087123636,0.0007014013330434771,0.037626711993877494,-0.0013151069966266735
2015-06-01,0.0020344545257091257,-0.0044217286425794885,-0.0008767951003625541,0.00245887236330674,-0.061625238237443536
2015-06-02,-0.0009931145836456535,-0.006987117516434118,0.0040269605877943865,0.015594842736981602,0.012823055324273793
2015-06-03,0.0026460299727709656,-0.008563626116100488,-0.0071898573672245485,-0.02497070864861168,0.00031438017957116854
2015-06-04,-0.008482407880267853,0.004861260753182701,-0.0070646979352704175,-0.0256102487909828,-0.006885832118475905
2015-06-05,-0.0017152571740496644,-0.007253798181340759,-0.005331436918291504,0.012133605603430374,0.002795569450765387
2015-06-08,-0.006168290268040905,0.0014357547793245606,0.0029358308942225293,-0.009593637846376417,0.015601034524295412
2015-06-09,-0.00014388995052573084,-0.0032578357113074823,0.002218377951124773,0.025051411400081675,0.002443544510369354
2015-06-10,0.011921905292892,-0.003845611700111623,0.008473122987024092,0.021053424927246045,-0.0010702625984199304
2015-06-11,0.003218453659282003,0.007868473700545777,-0.00458066904691928,-0.007293959961673216,0.003934540853908535
2015-06-12,-0.007684171536092331,-0.0005735965107028902,-0.0002649015739743867,-0.010794968033174404,0.0012051366843483038
2015-06-15,-0.004294764198591343,0.0023880855044533336,0.004406069740065375,-0.005937713586025608,0.029311996787701494
2015-06-16,0.0054366749475283005,0.00380890720424096,-0.0036115754437751487,0.005444240656573447,0.0577215235200358
2015-06-17,0.001616098140156929,0.0005703360161612355,0.004666106837939518,-0.002471024002946178,-0.006441746888822008
2015-06-18,0.010345583572865864,-0.0007603948662921947,0.012829091016651683,0.007394735545477154,-0.0011117713391535112
2015-06-19,-0.004449069253137211,0.005309632127837936,-0.0017357836863243674,-0.016840424907903596,-0.017832259441455525
2015-06-22,0.005110127859629725,-0.008451679124501912,-0.012939534822473103,0.006968638881931441,0.009699107943889895
2015-06-23,0.0007071744306235602,-0.0030563166403232873,-0.006621663748214055,0.01525993049488203,-0.01096724591440124
2015-06-24,-0.0072893075699755495,0.002960596943770418,-0.002661018577875129,-0.012782880014387156,-0.015598171178905587
2015-06-25,-0.003044679955905363,-0.002482185827480791,-0.0013331015376761225,-0.011445735805506407,0.00945146884397475
2015-06-26,-0.00019086843666267294,-0.00479234992659388,0.0010666233650124298,0.0,0.0032689569671338244
2015-06-29,-0.021193337912561713,0.011557649387673181,0.004520702131842665,-0.02380458394277886,0.05382218214894776
2015-06-30,0.0020910953817972503,-0.0027571270224900895,-0.006210070886037382,0.0187869926469338,0.023102661546717907
2015-07-01,0.007983484822483036,-0.0052410145226522535,-0.003476708463396305,-0.04002580398864648,-0.017064046599051412
2015-07-02,-0.0009156547829743506,0.0035413119646248515,-0.0019665798355693646,-0.008940373682312245,-0.012485740380607286
2015-07-06,-0.0028504286209887824,0.007044846844516214,0.002680686287387427,-0.06548988707498664,0.051944955356942865
2015-07-07,0.006268949025116062,0.002652685739803253,-0.011668702760757443,0.001690656183992564,-0.010548688624993648
2015-07-08,-0.01691945576962741,0.003965555221634609,0.0029749330386005784,-0.021628678901576975,0.01705095721058097
2015-07-09,0.0018076943131994099,-0.006997838142873195,0.002427551438613741,0.018809328549300897,-0.005766569135055685
2015-07-10,0.012512690218331476,-0.0069513802903680795,0.001166679551747385,-0.002261109449923085,0.056558632505455265
2015-07-13,0.010976654524254026,-0.0026797163896029345,-0.004494793701909413,-0.009096131280062541,0.024821442391130034
2015-07-14,0.00432905283767435,0.003156555294792817,-0.00225499581251802,0.01192174705793456,-0.015841069719805347
2015-07-15,-0.0003323730315111804,0.0038136949754195588,-0.005251204440368454,-0.02804188245517748,-0.0057038327096080475
2015-07-16,0.00799242447276904,-0.00038150592210758774,-0.0036377042236319986,-0.01050186498966735,-0.027452597215516125
2015-07-17,0.0008475156943730653,9.614267505122274e-05,-0.010164462693893107,-0.0035252367700641233,0.00496088681237782
2015-07-20,0.0005173475337588945,-0.002001334199829762,-0.02752685674211234,-0.017815152539876616,-0.0017584200110805502
2015-07-21,-0.003959122425998772,0.0027628112839406726,-0.003126872326802464,0.013095384214556818,-0.01134799606665116
2015-07-22,-0.0017961236371975503,0.0012353903714785812,-0.005424190670740339,-0.034289055116797966,0.005022936197976215
2015-07-23,-0.00564608911551154,0.004075876578499423,-0.00449483097628429,-0.012315473744440949,-0.0042401477702135515
2015-07-24,-0.010426180731267616,0.0009464166055963921,0.009729155735813993,-0.006838615569230891,0.043346917965858316
2015-07-27,-0.005833824971348102,0.0033027687795348336,-0.004661992801277996,-0.023991116845389647,0.018374668315904362
2015-07-28,0.01220789111695838,-0.002830222936597373,0.0015246432799856059,0.012698631779680529,0.0027310880836206508
2015-07-29,0.0068555976689182304,-0.0014189624485337752,0.0014272948765040416,0.024307796249042658,-0.01656498435681487
2015-07-30,0.0002371782019719219,0.0011349013818990744,-0.00859441451463339,-0.00865802495563383,-0.0064714333140721645
2015-07-31,-0.0015194364200501007,0.005842282152668947,0.006309807471318708,-0.03218960282695465,-0.0107343496138054
2015-08-03,-0.003378614312970838,0.003043779169682615,-0.007941503115089978,-0.03193492377346011,-0.012098198019362271
2015-08-04,-0.001955915546018368,-0.00517274862861911,0.002015250319480653,0.007915600894365257,0.014091618850608268
2015-08-05,0.0032897616869304127,-0.0038734010583682003,-0.003649612745895922,-0.01256218397964426,-0.01176525184182441
2015-08-06,-0.008221317831280108,0.0034963973492434445,0.004416281036678492,-0.010702433222525556,-0.011794015540393898
2015-08-07,-0.0019215373693675859,0.003954110257819308,0.0024875838994236877,-0.02106768118760194,0.0036118428850578886
2015-08-10,0.012520431585570344,-0.004142711974933168,0.010172637809864738,0.022411798164819963,-0.05557850235779211
2015-08-11,-0.009064318361579848,0.006582761612430256,0.005094839843947383,-0.027231129216444622,0.02212268918500627
2015-08-12,0.0011972509739157104,-0.0003752967462288655,0.013924787857253812,-0.0034566361313914757,-0.014941646019161535
2015-08-13,-0.0012447311984110912,-0.0026290802667503074,-0.008294156742538458,-0.02453676766524608,-0.008656834399337742
2015-08-14,0.0036352043065040187,-0.001033957710618483,-9.36047567321894e-05,-0.00712256442310437,0.006040512802955279
2015-08-17,0.005571388186101805,0.0017857363812963398,0.0026170571520377807,-0.007173590833488126,-0.02942594105784434
2015-08-18,-0.0029004195065259414,-0.0015987280378950627,-0.00018667516172391786,0.011453227871676774,-0.20063416232442743
2015-08-19,-0.007937255911756853,0.006098215958435881,0.013354574963244535,-0.04513137609660515,0.07132455635785633
2015-08-20,-0.02110234280385206,0.002708100470343544,0.017261484729986225,-0.004477650704262985,0.03751679130467895
2015-08-21,-0.030565137382245783,0.0040024350715064634,0.006228253314387141,-0.010526439027886638,-0.0118868375389682
2015-08-24,-0.04301911559027222,0.0016703696244242264,-0.005413696203742859,-0.057558637714155904,-0.09972507956756635
2015-08-25,-0.011837038331532709,-0.005486366311758114,-0.012472236890549283,0.019033070797595406,0.05145266189809527
2015-08-26,0.037674819105936265,-0.006173023479418691,-0.013743752566773907,0.0031373292813756722,0.018872365248561083
2015-08-27,0.024434013950306335,-0.0005638107904818363,0.0005571512452685862,0.08838078870337439,-0.004713708157642016
2015-08-28,5.063822579478517e-05,0.00018840447402418658,0.00896363798539372,0.06453854250124322,0.02905731598082126
2015-08-31,-0.008112169388407565,-0.001691352943881829,0.0011033722012558356,0.06567196505897155,-0.00580775515741329
2015-09-01,-0.030302349366458325,0.004482228418155872,0.00348589711093372,-0.0703873455417967,-0.008446556918348894
2015-09-02,0.018803280789770806,-0.0027227103289943185,-0.005325457471451406,0.01872962627856988,0.0050851953697263535
2015-09-03,0.000716128357422215,0.002441155234063167,-0.00720696468758582,0.01643152299455714,-0.00920554074485158
2015-09-04,-0.015252053468145945,0.003089438931241096,-0.0032508130940551347,-0.017094448365639656,0.013618286292616499
2015-09-08,0.02481993003824443,-0.004403116778796912,0.0002790454421465056,-0.0039866807075994385,0.05618210852091076
2015-09-09,-0.013461986355431025,0.0003756051312361876,-0.013012113659039884,-0.034544594142758525,-0.022579945075460288
2015-09-10,0.005427039497120357,-0.002255379165619289,0.002352831601258748,0.028534549321367654,0.001296586674883571
2015-09-11,0.004534196750415405,0.0026307508318887986,-0.002070138975493721,-0.018932322567352788,0.0068117443452915295
2015-09-14,-0.0037174567764697076,0.0009371667088406995,0.0005650019663848919,-0.01790676466648437,-0.04020925089933924
2015-09-15,0.012422100517758659,-0.007904547701436905,-0.003017159470430642,0.012431054503921419,-0.0014752050165764698
2015-09-16,0.008629251359080124,-0.000283204758839011,0.013226552172031262,0.05280210610616034,-0.005280859583557768
2015-09-17,-0.0022503262145353174,0.008282408918583737,0.01019855026531129,-0.008499568517422684,0.0031335504931134946
2015-09-18,-0.01647703512565557,0.00467492864190067,0.007352256373074212,-0.040876690356425154,0.013678307924647123
2015-09-21,0.005154386275455465,-0.0057067518090489315,-0.006246004616141289,0.02898755737436132,-0.02560675157248779
2015-09-22,-0.01306455378543975,0.004960325984361298,-0.006841722923155944,-0.008675403979147522,0.015438219324374681
2015-09-23,-0.0016001289093817066,-0.0011207765214160366,0.00398130520726097,-0.03270049548379848,-0.0014536376070196364
2015-09-24,-0.0036225000835126806,0.0014943349186754447,0.02075879629651289,0.0103342685877314,0.018270269270815796
2015-09-25,-0.00025882017418245144,-0.0026163689896663016,-0.006173422414314381,0.00887075844819128,0.0026188032116559834
2015-09-28,-0.025417566207498708,0.005691216998700754,-0.012739020432957309,-0.02336877119003429,0.016859430114762278
2015-09-29,0.0005850350760867564,0.0034365557537139268,-0.004066501065043471,0.015867842012206316,-0.010318932398919053
2015-09-30,0.01848618438968041,0.00018542375684033868,-0.010426483637297347,0.004779841711464279,-0.0026525785544473644
2015-10-01,0.002605904513290736,0.0007797734779412029,-0.0012172598628681067,-0.006835322627179107,0.006287901367533316
2015-10-02,0.014827163225833054,0.004812242995885037,0.020953802922526705,0.012947406188357812,-0.0010782396311614989
2015-10-05,0.017638082408290016,-0.00555457052841417,-0.0020205850578978056,0.015452073566121013,0.012937805010030551
2015-10-06,-0.0034316649064309096,0.002039871151204365,0.009971303227116472,0.04815502734563435,0.02335414868766111
2015-10-07,0.008157133044343108,-0.0025040258943472803,-0.001457494008134859,-0.010859262202180435,-0.012653776022319324
2015-10-08,0.008986229949035479,-0.002604391386946033,-0.005117883296347929,0.029739693270467417,-0.0027406993970222338
2015-10-09,0.0005961661272733775,0.0005584851186341721,0.015726912391542485,-0.0031221469843296214,0.00669225774201338
2015-10-12,0.0009433996730995448,0.003345197785332332,0.0039607110144831365,-0.04345727545419537,0.005629160970258452
2015-10-13,-0.0063222799979703315,0.0009269807921940471,0.004929015278091239,-0.016463986842864577,0.016976402807395333
2015-10-14,-0.004805332178424479,0.005453151931850055,0.017282274992371418,-0.0006642463664442694,0.009894468274496332
2015-10-15,0.015237776873915723,-0.003416049602138413,-0.004579458875531695,0.005301531495808244,0.00920791593427537
2015-10-16,0.0045365677758957895,-0.0008331192915087375,-0.007086601152338509,0.005930834614033726,0.03306241831528717
2015-10-19,0.0004915864399238433,-0.0004628708366089859,-0.004186912999915291,-0.02595821897286677,0.0021585309779915346
2015-10-20,-0.0012792927297313502,-0.0034315719642302885,0.006318212020552837,-0.006765951607697659,0.022616842061920966
2015-10-21,-0.006222987731344774,0.0034315719642303046,-0.008910332230671142,-0.0205768054630929,-0.011912782119455399
2015-10-22,0.016752605702428522,0.0010184518201351448,-0.00035807819279052113,0.00552868873568983,0.02869372725336826
2015-10-23,0.010902028018489307,-0.005659256799688699,-0.0017026075113336088,-0.016678619102683746,0.008984280367577967
2015-10-26,-0.0024605843556261995,0.0026010581777359517,-0.0006279971024889811,-0.01838808688153947,0.03134485317434139
2015-10-27,-0.0019343164752391024,0.002502617638426706,0.002241047948969033,-0.013654580428609085,0.029317184247970474
2015-10-28,0.01131006736665229,-0.005196944443652302,-0.008091400160860905,0.061050165363660314,0.03620017059679138
2015-10-29,-0.0005741568839747481,-0.006160583163335658,-0.009614564390769178,-0.0040927387666213864,0.029872560540859655
2015-10-30,-0.004319130675881833,0.0019643012234169263,-0.0038352540915993893,0.012228433758663934,0.04412825288520052
2015-11-02,0.011761656825257911,-0.0028766863378950234,-0.006517134598801595,-0.004059573827213717,0.09634197049060647
2015-11-03,0.0028950508077009766,-0.0026316125298981984,-0.014937356022442439,0.03530168347683808,0.11056939286686604
2015-11-04,-0.0030376852239616054,-0.0010356199504382461,-0.009485885776108033,-0.028544875325761512,0.019991331284302655
2015-11-05,-0.0009988372615579455,-0.0006593456464945489,-0.0031189650547963797,-0.025231535592848825,-0.06320802060226931
2015-11-06,-0.0005236030454546401,-0.006809950199036289,-0.014685120688170974,-0.01741597541121183,-0.03124236154384214
2015-11-09,-0.009375459506311534,-0.0017102019964288786,0.0028777291011320622,-0.010597034621552412,0.015335613536224065
2015-11-10,0.0023043140276980973,0.0018997851396439082,-0.002109514817878502,0.0007099914288132655,-0.12130161493200711
2015-11-11,-0.003939652586199888,-0.0004743982355855239,-0.00336521129587392,-0.023699487601053712,-0.07948267475756071
2015-11-12,-0.01405789712005709,0.0005696422775461629,0.00019257167853245404,-0.030249435718282373,0.08343250231798256
2015-11-13,-0.011291987436433823,0.0037873026890414474,-0.002796404320479703,-0.021962257442569275,-0.004145825976570227
2015-11-16,0.015092478604420166,0.0013227956945260331,0.001447402465342363,0.0249540293651162,-0.017983848559201408
2015-11-17,-0.0007299307342798154,-0.00028309697521498064,-0.013297966180688193,-0.028789875226140415,0.013045224166090356
2015-11-18,0.01574160295436356,-0.0004725322407504232,0.0008790738346113607,0.00306983826722482,-0.0015051812647567857
2015-11-19,-0.0008626609182944994,0.002170653846258175,0.010971489880734318,-0.006920454516832752,-0.025551598987975044
2015-11-20,0.0036374399593655177,-0.0013205531713807294,-0.004548773723664315,-0.002317477481653499,-0.012734415693713075
2015-11-23,-0.0011469286498304815,0.0013205531713807446,-0.008083747042833161,0.006936455553008218,0.0031748209099281936
2015-11-24,0.001337795759512246,0.0009421460943658634,0.006627707399357638,0.02277997026222532,-0.009329992771021057
2015-11-25,-0.00014281992472081043,0.0005644366422249235,-0.004673848365801943,0.005241543142168231,0.02517673649736144
2015-11-27,0.0011459080927460209,0.0010350204047414292,-0.011879763588946619,-0.027253814699948,0.0870088354510486
2015-11-30,-0.004160168367206723,0.0003759713367992461,0.006595467871597316,-0.007704154257453925,0.052446046088527765
2015-12-01,0.009490532157705473,0.005304090507917852,0.0035259646298247574,0.0015455570310713115,-0.04010493374025533
2015-12-02,-0.01025733525734558,-0.0028127926456992937,-0.015667624313787498,-0.03696844715548619,-0.009148211621262082
2015-12-03,-0.014101814234701632,-0.010572122203375538,0.010570606410359536,0.022971379629750578,0.005162169451390206
2015-12-04,0.01931521004739867,0.003694171306464275,0.021966035488281806,-0.02457518947038817,0.005901531467588603
2015-12-07,-0.00607705932572496,0.00320905482458892,-0.013063212596420425,-0.061226709487967476,0.08533495646295101
2015-12-08,-0.006742330311018486,0.0005655569160724252,0.0016544033114080684,-0.0034188034047502353,0.049392364906644164
2015-12-09,-0.007809965440500226,0.001505790571516945,-0.0019466324270582696,-0.010327103984890977,0.00480120389518298
2015-12-10,0.0025775380290948852,-0.002165530242223614,-0.0008772000837340084,-0.016572601845972843,-0.005003322142095781
2015-12-11,-0.01957134758578796,0.00797935227060744,0.0054458711721541595,-0.0267395785445564,0.08411289544844237
2015-12-14,0.00504001160662811,-0.007413834480120258,-0.012884508990749449,0.008097224127690763,-0.01731057261026715
2015-12-15,0.010442894631433068,-0.0025465188393736676,-0.0026560861191144095,0.02127737865777787,0.0464931172186154
2015-12-16,0.01452562162864671,-0.0026476398393934443,0.012043063036934096,-0.036627574349035415,-0.022575188405547387
2015-12-17,-0.015355120115533812,0.004157963911406592,-0.022141125877213518,-0.023010679819596633,0.0025115213867521707
2015-12-18,-0.017975391939290014,0.003576153172271168,0.015207174746719882,-0.007476663345923112,0.016392763646442193
2015-12-21,0.008215265304699173,0.00046982607442662254,0.010819352064225785,0.0,-0.0553798490146935
2015-12-22,0.009033282503074799,-0.002821164873164777,-0.0052488544876924,0.010266129248249727,-0.004723479133980716
2015-12-23,0.012307088305749576,-0.0022630096596011227,-0.002928003794366426,0.04449210936664083,0.013263423371260949
2015-12-24,-0.001651451031412626,0.0018325132508771034,0.007206940922791017,0.0035460995589583814,0.028047706368313604
2015-12-28,-0.0022880280775538103,0.00018848046275651733,-0.007597994957113434,-0.033291412488107894,-0.07459820581453777
2015-12-29,0.010615432159606222,-0.005297522005550858,-0.0006846940847352253,0.029745312929149434,0.025032256844190873
2015-12-30,-0.007112966078442303,0.000379227053647599,-0.007661355596264362,-0.029745312929149437,-0.014804794390454037
2015-12-31,-0.01005355406055624,0.0011375609139755614,0.0003943308023186173,0.006383942688992301,0.00920923660459228
2016-01-04,-0.014078008153967984,0.004252426212995097,0.013995827340626326,-0.0018198784076672984,0.005844963053552239
2016-01-05,0.0016897923210349231,-0.000282600666823483,0.00281458831856644,-0.029576989967065904,-0.002614903893657051
2016-01-06,-0.012694725658752824,0.00601872184453974,0.014337487598989632,-0.05297340534998722,-0.006631301754831982
2016-01-07,-0.02428396158499242,0.002154340516188115,0.014040676150811138,-0.020990280465402168,0.06527232134918742
2016-01-08,-0.011037202957968773,0.0025227151176699905,-0.0044375394222030354,-0.010152313468980687,-0.010574244034119464
2016-01-11,0.0009895418563800648,-0.0031784308814717947,-0.008934594646018349,-0.05775885361493333,-0.010651593504243833
2016-01-12,0.008035789401181099,0.004484271224582154,-0.0050729832368576954,-0.008686256936010009,-0.028817166747445385
2016-01-13,-0.025256653386546833,0.003907229875591138,0.004882048039545079,-0.008762369612589915,-0.007646965823602343
2016-01-14,0.016283412771821024,-0.002045074138343921,-0.016367021706295802,0.01528407394382834,-0.0047874381276169385
2016-01-15,-0.021699923951559456,0.0046411361466577004,0.01023674024483427,-0.048844291562291454,-0.1664338052665779
2016-01-19,0.0013303005207284807,-0.0012973701429558257,-0.0009612465570264486,-0.03472573399300649,0.04250046877677477
2016-01-20,-0.012897953029871645,0.004902538650565143,0.013279386437522704,-0.029888657219806155,0.10023896012970848
2016-01-21,0.005586272943614333,-0.0024942292129435323,0.00113814976565955,0.03809992302983384,-0.024006242647881867
2016-01-22,0.02030799087734498,-0.0022228418274466764,-0.004655791285644273,0.07968318978466506,-0.070088214427767
2016-01-25,-0.01523215795524344,0.003331643589340592,0.010233193541102439,-0.08202242562533713,0.02385489994923824
2016-01-26,0.01355079052768034,0.0007388803595116174,0.011341913483231932,0.04912470250618246,0.0010894589086653844
2016-01-27,-0.010942691256674287,0.0007386961707446025,0.0037212948296183107,0.02314153203614543,0.007162729626808593
2016-01-28,0.005195784329019245,0.0012902789593917739,-0.0107362419293496,0.055098627970001306,-0.0378833441545607
2016-01-29,0.024084710777408383,0.005330314909400231,0.0038408969118528882,-0.005167990025596831,-0.002145413118275195
2016-02-01,-0.00036122737885505626,-0.002306693350521667,0.010232704202856196,-0.06751349099596844,-0.01705753894762533
2016-02-02,-0.018187137143608006,0.007059244060579601,0.00037006835108891606,-0.05117668782447211,0.0037243945294053483
2016-02-03,0.005977460595035595,-0.0010967822166605666,0.010674654427775114,0.08603857157787267,-0.012087764139591044
2016-02-04,0.0015669758238207672,0.002374173930233332,0.012009967818587527,-0.023836477039890717,0.051739984040954964
2016-02-05,-0.01923376341694465,0.0012765638635908651,0.015703135766193033,-0.02329556718064058,-0.007846488370578702
2016-02-08,-0.013552454547655418,0.007443911729047553,0.013354185862515874,-0.030771601804859793,-0.034482598450656494
2016-02-09,5.391665083986909e-05,0.00018073037579479886,-0.002198672852432284,-0.054710434630185614,0.00689017662225599
2016-02-10,-0.0008630154485409948,0.002979284328078016,0.007717958411726099,-0.02726318327358288,0.014835057495084155
2016-02-11,-0.013093754899562174,0.004588188712676102,0.03940213823727399,0.003761726483520882,-0.00524101373583598
2016-02-12,0.020407698971857232,-0.007657745725773105,-0.00589671453081662,0.0416727158876684,0.012066925497951821
2016-02-16,0.016737024716604793,-0.002988545845270575,-0.030800736245396157,-0.0024037876570677176,0.058684285313584716
2016-02-17,0.016202653897162682,-0.0024525619470178884,0.006167287420776475,0.055016717870974244,0.021447477040665734
2016-02-18,-0.004104042304416469,0.0046266938508446424,0.024041860433202913,-0.013761672279226023,0.014429798757375453
2016-02-19,-0.00046842824758884413,0.0,-0.006020275750380445,-0.012783399697655065,-0.003766753265904786
2016-02-22,0.01437502655393133,-0.000995853496715682,-0.01793504091705753,0.041242919100413375,0.039521346886608834
2016-02-23,-0.012710070049213503,0.0019913350835104203,0.014868593832169054,-0.04946382853500795,-0.03963782937665178
2016-02-24,0.004565444743695977,0.0,0.003321549590506587,0.012888357937351805,0.00997770875420976
2016-02-25,0.012038732764517734,0.0029793668026637304,0.002632341860518043,0.02415298939897977,-0.0009675826813181336
2016-02-26,-0.0023037662988613567,-0.0048799999264625485,-0.006892743647260338,-0.0022753659248559086,0.017761730167476383
2016-02-29,-0.00787343738046639,0.001629107787671843,0.012980023419282503,0.024748200102498525,0.012749472672049988
2016-03-01,0.023234999003871472,-0.007846762628562248,-0.007360151335800538,0.01652926026052922,-0.005898152327929521
2016-03-02,0.00448236617346542,-0.001735780059685976,0.007697256644730053,0.01626058307158661,-0.0259211734527871
2016-03-03,0.003911866351290323,0.0011875138553171637,0.017125877155555313,-0.005390869144001345,-0.0055295837758946205
2016-03-04,0.003248118858660826,-0.00338494921290538,-0.0015750194994792542,0.04233432429601824,-0.02573318626747075
2016-03-07,0.00079794648400738,-0.0020178342708459343,0.004965240864288737,0.046567123253298,0.00819629677045741
2016-03-08,-0.010977901276528073,0.005767881979923212,-0.0046334482677505085,-0.046567123253297885,-0.0008427683488395658
2016-03-09,0.004927491928018112,-0.003932863434154873,-0.00832782948151173,0.05051579208421918,0.0021427764853751744
2016-03-10,0.0008021470096529502,-0.00358170704630624,0.015928644015462578,-0.010896557440487528,0.005459271215821551
2016-03-11,0.01600825804420773,-0.002855283779525818,-0.01735128256694606,0.01482969559128477,0.010870102896019172
2016-03-14,-0.001282805692891417,0.0007381218367551606,-0.012980634673388813,-0.03089428271250344,-0.012532889878533616
2016-03-15,-0.0016309985821497867,-0.00018452439833941024,0.0007632306454701139,-0.018386657496916255,0.0009408697604203162
2016-03-16,0.005770156207461181,0.005241260161787914,0.02205075556149502,0.04829917525440189,0.00043413495998539736
2016-03-17,0.006324122889629143,0.0011003174792727666,-0.0038218648773646413,0.03570083690085858,0.00861962835702918
2016-03-18,0.003922095601127547,0.001739027355378395,-0.002750755714748547,-0.006657242788053796,-0.026678073244245377
2016-03-21,0.001417969364409578,-0.0028393448346510286,-0.007036416699314462,0.010441538808836665,0.009136552088473884
2016-03-22,-0.0005377902772286873,-0.0021115691357197937,0.0029378329691904675,-0.004732634528033175,0.011503628063921653
2016-03-23,-0.006620926572421228,0.004584734482065343,-0.02289008865862743,-0.041652540420308824,-0.00011482461319438798
2016-03-24,-0.0004433605236007071,-0.0010060759986829733,-0.00240404319751751,-0.004957792690656364,-0.0039475208968670706
2016-03-28,0.0005905411859085129,0.0014641365618688483,0.0023182652611009025,-0.004982590190546584,0.01864613152944662
2016-03-29,0.009207860549831488,0.0067439520350920075,0.01835540705340136,-0.021202211053179997,-0.01835323371311265
2016-03-30,0.004377967106544318,-0.0013636110599224828,-0.014076410310244578,-0.007168555987980656,-0.0040897837626671105
2016-03-31,-0.0024299837059842152,0.003632142707383986,0.004600850924385841,-0.003087983305337469,0.004601068441725693
2016-04-01,0.006788954968750389,-0.0002906316621702234,-0.006053640735366039,-0.03889085916396832,0.0029495739086860765
2016-04-04,-0.003243246038887836,0.0011792598674453766,-0.006692995408569699,-0.02716082247119567,0.00830119663564673
2016-04-05,-0.01003809185122249,0.003982611602785974,0.012916668207256437,0.005491522930694213,0.00611729420992552
2016-04-06,0.010862198503314342,-0.0021702146736841546,-0.0061381369358647206,0.050197431068740424,-0.0014561557733853048
2016-04-07,-0.012038483886259482,0.005146667198237158,0.014179801562102948,-0.00941923758543038,-0.0015788999563638598
2016-04-08,0.002693116189667695,-0.0015321376673686972,-0.0015187338768047718,0.05323667472604265,-0.005683832552027873
2016-04-11,-0.0023498531351664642,-0.0001799196328653695,0.013419630057020864,0.02461965870062175,0.00506389706106531
2016-04-12,0.009269513726242701,-0.003978010646642748,0.00016664672071527165,0.03442028212922032,0.0063869202424251
2016-04-13,0.010050689127779426,0.0007242040372284612,-0.010719526565990727,-0.01229330951428477,-0.0034302129771983905
2016-04-14,4.7903888147278465e-05,-0.0023552958400908765,-0.014075152256168354,-0.0028585714532336753,0.001292438380009947
2016-04-15,-0.0011062798545145825,0.0029892167688594573,0.006892743647260424,-0.02219092962873828,0.01271921454071168
2016-04-18,0.007002163221024785,-0.000996001520320315,-0.0015276274565966695,-0.007835488022085767,-0.0026144813385594197
2016-04-19,0.003149418457372846,-0.0016311196261387286,0.015506833308651099,0.02620232469898998,0.016012375952933273
2016-04-20,0.000952242427347798,-0.005090994634980986,-0.005114248016109923,0.03019103374386274,0.013411121805216768
2016-04-21,-0.005392750886831188,-0.0016423971871334267,0.003775305036917395,-0.003724395453124868,0.01804237081908121
2016-04-22,0.0,-0.0010958082494552793,-0.012894694659209222,0.0037243954531247596,-0.00823986987830282
2016-04-25,-0.0017245407520756497,-0.0010972779641521355,0.0028799271415296556,-0.019709698003974954,0.034592592386602915
2016-04-26,0.0014852349761225498,-0.0021070833836616207,0.003967367637514969,0.024345792467362858,0.010054896687550094
2016-04-27,0.002055470795298192,0.005486615857086876,0.002860302869919961,0.030070594849484066,-0.04700588971564477
2016-04-28,-0.00911686194841357,0.0034596699902248217,0.018724801093336303,0.0071556585758529145,0.009676665628468313
2016-04-29,-0.005413534302510076,-0.00036373858982929766,0.019270626438691787,0.007104818703577245,0.013463193902923071
2016-05-02,0.007917287762467591,-0.002908281976435726,-0.0033213499131697927,-0.022372297372650868,-0.023180350337616323
2016-05-03,-0.008741316611506036,0.005916905659881174,-0.0022745646099545844,-0.028455377455274735,0.012592678802026256
2016-05-04,-0.005593916321802792,0.0018136806775961474,-0.006118222826125519,0.004644707965082216,-0.007986434929728583
2016-05-05,-0.00019496219168961966,0.0027146760539671377,-0.0011462207767798868,0.010142978503232047,0.0028032456633388632
2016-05-06,0.0036525214055008574,-0.0023521579841679764,0.009052054554673597,0.005489530762557972,0.02562337748220021
2016-05-09,0.000825965771002532,0.0019002967675503994,-0.02075289801818274,-0.025879422893872923,0.0019128758671441116
2016-05-10,0.012356894501001905,-0.00018085448114946826,0.002731465708414251,0.028612885482597394,-0.021041470263289737
2016-05-11,-0.009398774270803052,0.0015360896960077573,0.009378919930915114,0.0313505641661712,0.004057024567579209
2016-05-12,0.00029061229417603405,-0.0027123977035690707,-0.007892173973086844,0.009653401586853589,0.004491484985559609
2016-05-13,-0.008752585408189495,0.0037946680929052986,0.004529141979827091,-0.007011415644901537,0.001985911166300505
2016-05-16,0.009816772565874432,-0.0036137769705844158,0.0007392219670169126,0.033725664235941526,-0.0033127407078630097
2016-05-17,-0.009376874074764648,-0.0013582315704602367,0.003442329123242772,0.013513706104480555,-0.0008370650055065897
2016-05-18,0.0002926883614099787,-0.008098704276592471,-0.017497993073654197,-0.018628842536117244,0.0018405921427778833
2016-05-19,-0.0034712510176782272,0.0010046926798689699,-0.0019168712488535215,0.007662885812157976,-0.035609688044568585
2016-05-20,0.006297686643678563,0.0006384534083280671,-0.001335701516612647,-0.00339847072357534,0.008988122730631124
2016-05-23,-0.0013637496520679006,0.0006382235198991147,-0.002844207499474105,-0.007689072754261708,0.003335483960420242
2016-05-24,0.012879403794747328,-0.0016415635694802633,-0.017493154439807392,0.013628818323451529,0.004102724435104247
2016-05-25,0.006760074143268723,-0.00045660684482043076,-0.002731772964595234,0.01761052163032106,0.0080797499085015
2016-05-26,0.0002864937369142858,0.003101018019448939,-0.003425260387699169,-0.00667224537323569,0.00838338224035434
2016-05-27,0.00428998975521754,-0.0019146821677457954,-0.008268772914245718,0.002507292060202268,0.04333640303418643
2016-05-31,-0.001904294794167163,0.001185373690801215,0.003798302317157037,-0.00922435549625825,0.11541280426732416
2016-06-01,0.002047412938697133,-0.0003374318962828866,-0.0010344407576528966,0.005042062709972107,0.010360414042520567
2016-06-02,0.0030387605850259783,0.0030992377286366657,-0.002331543491761781,-0.005884897068735936,0.0019574102710910157
2016-06-03,-0.0029913738476891323,0.009240757929889567,0.027373264388307245,-0.003378378462265537,0.05641478580218467
2016-06-06,0.005075471716724026,-0.002618507683763463,0.0003364248669020046,0.018441450552963923,0.02830808134774081
2016-06-07,0.0015602279448590456,0.0014453540994092096,-0.0008412423733233627,0.014839538882911878,-0.015385797185729206
2016-06-08,0.0032539396919307006,0.0011731535843542763,0.014703707887444253,0.017038954478936833,0.008716773544990978
2016-06-09,-0.0013661823644995658,0.0015318145683834658,0.005541081570940133,-0.014586993083434694,-0.012133965657505163
2016-06-10,-0.00952291714733833,0.003505511677500098,0.004033075700703472,-0.03151173801034879,0.004930078348693751
2016-06-13,-0.007741531595326325,0.0019724911106731888,0.007365624068488461,-0.009310237047165468,0.198655828955717
2016-06-14,-0.0019689047113124842,-0.00026917052289144775,0.0010594292626908233,-0.0025543382928744913,-0.02707767672920061
2016-06-15,-0.0013950712329604683,0.0030410990510880455,0.0073849284570991006,-0.022414669218439858,0.012912921843862118
2016-06-16,0.002980450222648002,0.0010705535662405515,-0.01056665171524312,-0.02919268910385134,0.09843663970118602
2016-06-17,-0.0037312787943424874,-0.003395620558250078,0.01274729826898987,0.04562190251785008,-0.02296667978803112
2016-06-20,0.006419441293034678,-0.004305301191088764,-0.005988024654369792,0.02121420271955673,-0.0157229646047508
2016-06-21,0.0028344925431520317,-0.0022494697996583496,-0.01942288299292089,-0.0016806309778566923,-0.10062637470045903
2016-06-22,-0.0016323851100142324,0.0019798703672866125,0.000496444028716167,-0.012695944673553543,-0.11183281125116834
2016-06-23,0.012938137571287952,-0.004776820847964867,-0.0065557755937431204,0.020236759572592678,0.04567816659395928
2016-06-24,-0.03656934721575454,0.013728745366038807,0.047873912303474195,-0.04962523253845292,0.06412308826311645
2016-06-27,-0.01807221707564278,0.008607504838583893,0.0053823171279899626,-0.01859283711361757,-0.015181548435725922
2016-06-28,0.017875337127326633,-0.0001772738075893546,-0.01079376043064916,0.024714469597332544,-0.012707228240071165
2016-06-29,0.016884293159366737,-0.004073230726647519,0.004140765999889028,0.027516756891835734,-0.01105149439629652
2016-06-30,0.013552997987803204,0.0022163240765448364,0.0049939058952932335,-0.01883619648463048,0.05094960079975523
2016-07-01,0.002098159145697157,0.002637826555003507,0.015223162818061162,0.017987640726347096,0.004384970078765935
2016-07-05,-0.007218689551973673,0.0054673562933021435,0.008220905136956962,-0.05227666053192584,-0.008417763564201004
2016-07-06,0.005979560023043587,0.0001761697024078958,0.005852881673551483,0.013327573282581457,0.009946948982912429
2016-07-07,-0.0006203124414413028,-0.0013197224990134976,-0.0037695950478742334,-0.046057823092566376,-0.055814131448865864
2016-07-08,0.014780967013781957,0.0019347927632400003,0.005994014334570738,0.0009238087546641265,0.039728728712684167
2016-07-11,0.0035204125194681253,-0.005286111344698527,-0.00946861312154938,-0.016760197631533753,-0.02871034503773741
2016-07-12,0.007237143987071842,-0.005936433590516302,-0.016690387468968386,0.049460628487895224,0.025747344854117726
2016-07-13,-0.00013961181004904267,0.0025734157236606643,0.009159697327218079,-0.040114730250903195,-0.015288944121917827
2016-07-14,0.005567995262158302,-0.004174316678993223,-0.007745045230236175,0.011100936031302806,0.005500751056055478
2016-07-15,-0.001342500050096686,-0.003834265203519302,-0.003855735167465888,0.010979056984182393,0.007836069201630321
2016-07-18,0.0026836980922733873,-0.00026793323756714064,0.0015755839071671933,-0.015589502375607703,0.014743308810554336
2016-07-19,-0.0010171096708017813,0.002677145588265289,0.0013372522657107563,-0.011152521571377144,-0.00035959849243671893
2016-07-20,0.004154152969466568,-0.002052224160077015,-0.01441038163632243,0.0027997903383956933,-0.01072666729204274
2016-07-21,-0.003784416754434547,0.00223086693655182,0.015117654201499693,-0.022621113391412432,-0.0010114604291151619
2016-07-22,0.004475390234190348,-0.0008023692128249197,-0.0074907077787214,-0.006695356942058868,-0.0218808756405852
2016-07-25,-0.002720178790944081,-0.0008028402440596712,-0.006989125856947095,-0.028225714089276793,0.005331389417372423
2016-07-26,0.000461830941210276,0.0006242272337786576,0.004215211050825792,-0.00494807448344103,-0.0035424219096129757
2016-07-27,-0.0010615432415580685,0.004272586197741108,0.01598269497210111,-0.01801853646613083,0.0039322038437801
2016-07-28,0.0011538341352296424,0.0005327704590038614,-0.00289409340924044,-0.023506401253288445,0.0010432110288771566
2016-07-29,0.00161329983127625,0.0038106627397687383,0.010286811942904156,0.009264106521049148,0.002983220215594417
2016-08-01,-0.0008292537208693083,-0.003478266769193377,0.0018590671194806466,-0.03651948649422432,-0.08034316338760741
2016-08-02,-0.006427936507534333,-0.002402576932218412,0.008092864929715934,-0.008537930699803653,-0.10203010339079038
2016-08-03,0.002918386591876138,0.0005343666966879986,-0.004770787598632875,0.03785937591659627,0.033922473824015205
2016-08-04,0.0010635439828927495,0.0024013810552549336,0.0016954476164976306,0.015361343972484495,0.020852690662256746
2016-08-05,0.008145200514023532,-0.006237449401025739,-0.018025444010511534,0.002030407223730238,-0.005628873840730598
2016-08-08,-0.0005958348955389905,-0.0005363343690151068,-0.0008627837547004024,0.02404932782170141,0.027462538646019493
2016-08-09,0.0005958348955390898,0.003571091045392038,0.004072023167431496,-0.0029747851914624546,-0.005518912614127954
2016-08-10,-0.002477881195474858,0.0026695219049243796,0.004677994512329687,-0.030244163516330688,0.007292153979075189
2016-08-11,0.0046299555581696605,-0.004810247675782693,-0.006946906948684773,0.044051123004110765,-0.005050762660932431
2016-08-12,-0.0008692340003085357,0.003565650820179181,-0.0021170403750345335,0.02800762125066721,-0.0026531875140320326
2016-08-15,0.00287965022663918,-0.002940633141980339,0.003447698256792746,0.024460318841706526,-0.035194224865257556
2016-08-16,-0.00517101562133673,-0.0016974481408863343,0.004915970173444719,0.014760401298199752,0.017820376550905882
2016-08-17,0.0018792855292364512,0.0016080849435759837,0.00023348078990268189,0.006389770285773091,-0.00734023893252839
2016-08-18,0.002241612750275197,0.001784021248024385,0.004735854578729188,0.027816995008329105,0.001920622984812707
2016-08-19,-0.001463637818153881,-0.0033921061916004774,-0.008868887925520175,0.0035335691578419213,0.0022818636847428365
2016-08-22,-4.568847478615425e-05,0.0022319898977918935,-0.0014858453674488508,-0.03317201312645689,0.0191388301517917
2016-08-23,0.002011519193305928,-8.87966434241979e-05,-0.0001565049936259337,0.010879516492456677,-0.005705201028606711
2016-08-24,-0.005127859021498158,-0.0003569953791966121,-0.011176864142998198,-0.024647569907778614,-0.00555687158466975
2016-08-25,-0.000688873135067217,-0.001607798318002222,-0.0008709901258544955,0.011943193630251403,-0.004181594516967547
2016-08-26,-0.0018850747724370115,-0.0038504925698809108,-0.0014269885139346196,0.0,0.0032659352920632904
2016-08-29,0.0049121127657283095,0.0041187684545579365,0.001981375674593548,-0.009174323698832587,-0.009610419237221415
2016-08-30,-0.0016500954433585704,-8.93018041680292e-05,-0.01010635477558835,-0.011121601164400259,0.005897840381638802
2016-08-31,-0.0028479723253557712,-0.0011622567947218794,-0.0020015218438290436,-0.03509131028849337,-0.0035230737927989374
2016-09-01,4.601277611223282e-05,0.0015666064033749004,0.004078880664929754,-0.02938499730908068,-0.005522013463223132
2016-09-02,0.004497943505235331,-0.0025977336232347894,0.010164454828507231,0.017734390876625962,0.005634962090118573
2016-09-06,0.0030176004295132965,0.004653151909189661,0.016766351430797802,0.014542240895091797,0.05886991759935632
2016-09-07,-9.12565972573352e-05,0.0005354118752125164,-0.0034244132039321193,0.012434412668508492,0.0067071261444615286
2016-09-08,-0.0022855227701862792,-0.004919486647912003,-0.005315481388614766,0.04097403417721286,0.01897446284342963
2016-09-09,-0.02422587740122491,-0.004763719726877675,-0.006605326760192751,-0.03434211097844054,-0.00553158577042357
2016-09-12,0.01424541948325081,0.0009008249105390158,-0.0012631537514554386,0.004710342158681793,-0.023748974910551814
2016-09-13,-0.014480023115765382,-0.003697019993991457,-0.006657679739988439,-0.025703504975006397,0.0016395239549115224
2016-09-14,-0.0003751770321109274,0.0022558338604235966,0.0034136523813896856,-0.027372161717465208,0.0023657090055393985
2016-09-15,0.009943322268450048,0.0002707840750845875,-0.006440074325495675,0.004943182533093868,-0.00579551390802684
2016-09-16,-0.0038729023602421197,0.0010803996410777275,-0.002475784418470438,-0.013902939027250559,-0.0002998148952037711
2016-09-19,0.0001873080584573939,-0.0017120232186250799,0.002076861031546589,-0.002002048538777479,0.003706577607439946
2016-09-20,4.696804327850434e-05,0.0015325169596922862,0.0009571124160199947,0.008977631969762269,-0.0015029961233066263
2016-09-21,0.011182848357560192,0.0016185737882918392,0.014483211562644741,0.032245093042514376,-0.018521286090436524
2016-09-22,0.0062813037901829055,0.002962333179735888,0.0023544435304930274,0.012422531319477653,-0.0014261435254936741
2016-09-23,-0.005494041785476032,0.0004476087330942789,0.0006269244831308528,-0.03282149473165393,0.010914608078408126
2016-09-26,-0.008134892002585502,0.002862347614419531,-0.0007836871273146296,0.023279492216734796,0.008590546167584279
2016-09-27,0.006188491656248785,0.001696152187779267,-0.00731797170627855,-0.027212630367532294,-0.0030917504072912475
2016-09-28,0.0049513753500983375,-0.0004466087444561025,-0.0031640709801869947,0.04808618843210857,-0.0023750863514084876
2016-09-29,-0.009088758041868653,0.0006244887492836463,-0.001189120004834333,0.02044683426829496,0.001594430381482155
2016-09-30,0.0075176827977387565,-0.002499433169947018,-0.0034166360099868506,0.005504639504403548,0.006651166765530886
2016-10-03,-0.0024066263735864906,-0.0023295568454612782,-0.002550206163687112,0.015433812575551637,0.003925159460923011
2016-10-04,-0.005111056424152347,-0.004585549663649747,-0.03532787258610445,-0.0009013275636019807,-0.003156278103337991
2016-10-05,0.004415589077037905,-0.0022560662910615925,-0.0015718922897908132,0.023173962415750766,0.0037735852395111976
2016-10-06,0.0006954673471144843,-0.0020793369977915544,-0.009316280206747919,0.013998465082188993,0.0008323076058103856
2016-10-07,-0.0034354032093782097,0.0014470782343374076,0.0006682890904551575,-0.015762174313151998,0.0066658822718955795
2016-10-10,0.005194689875263368,-0.0026243129283945762,0.003501510836135576,0.029567384529962,0.003030540561889542
2016-10-11,-0.012709788292920557,-0.0002722034756611202,-0.005089499061391432,-0.007741987279652123,0.035046199059068035
2016-10-12,0.0013110553713708215,0.0,0.0015879882252557648,-0.013037961050163246,-0.007641377949793359
2016-10-13,-0.0032808250066315788,0.0020829619910178857,0.0024189937106391113,0.005235567434311715,0.0009332355641282225
2016-10-14,0.0005162392405477055,-0.0030802432201679133,-0.005597559798283797,-0.004361122668704178,0.005624946282864251
2016-10-17,-0.0034781878413955893,0.002175098781193699,0.0026773752071126027,-0.006137651574589424,-0.0018521800076498646
2016-10-18,0.006242773607479503,0.0019902898224825366,0.006164100054633751,0.007011415644901445,-0.0019308126118640864
2016-10-19,0.0026634113760791523,0.00045138190298838664,0.005713611741873303,0.018174454493724325,-0.011730713161854736
2016-10-20,-0.0018679618600542052,-0.0009033171795368855,-0.0030597728971403517,-0.019922663329643896,0.0005342972035953977
2016-10-21,0.00046704630896444066,0.0010835859550944846,0.0007451585177257722,0.004364846510272889,0.0031194639533134627
2016-10-24,0.004243852014140035,-0.0013551248960540921,-0.002237080125500534,-0.004364846510272854,0.03254315243708449
2016-10-25,-0.003356213578482031,-0.00018033840292218105,0.007519794693909835,-0.016762680403870196,0.00583679437741284
2016-10-26,-0.0020098525164896886,-0.002173172369836607,-0.0056138205649168835,-0.013435008981064252,0.03101697407941272
2016-10-27,-0.0026703166208866176,-0.003450302264311347,0.0018196962666161048,0.010762425365681979,0.014648070528238745
2016-10-28,-0.0029596382740720815,0.000181794798655217,0.004699292917769531,-0.018002268963880606,0.0019420146335618082
2016-10-31,4.6908096539477135e-05,0.000818370485086437,0.0029566431199742503,-0.044575670736106764,0.0162822477569142
2016-11-01,-0.007271486730793815,3.6009083426939226e-05,0.006457707460557924,0.0037914702232422605,0.04029305139626144
2016-11-02,-0.006037141009738769,0.0029984280553744724,0.0073872643657927,-0.027819536958811293,0.015008828651200042
2016-11-03,-0.004587538838376743,-0.0006356430958598701,0.005323910740822675,-0.019646978977074896,-0.07296402147635615
2016-11-04,-0.0011020301072985,0.0030816848698278364,0.0007237632468994597,-0.00997021061911054,0.020885316495602286
2016-11-07,0.02181704604871888,-0.004171109247050597,-0.01817197611952108,0.0178753826765744,-0.00014790446995311386
2016-11-08,0.004493779875009307,-0.003550542762611063,-0.004183952404118774,-0.005922965515349665,0.009507701949810892
2016-11-09,0.01054637705615513,-0.01534630019727259,-0.0006579098268444278,0.017664772434960858,0.018735864175560887
2016-11-10,0.0024923834673059933,-0.006037147361228249,-0.015001711673606965,-0.023623123587369774,-0.010757646118391773
2016-11-11,-0.00230776333137982,-0.0020517477384209195,-0.022377978717915834,-0.027260597555384146,0.0012249273056294976
2016-11-14,0.0007849979965269959,-0.005804950205565779,-0.008490234677527317,0.010183328941865953,-0.01602645555158989
2016-11-15,0.007772971972998625,0.0,0.008661050768427549,0.04652004198676676,0.00931509784055172
2016-11-16,-0.001880197868102499,0.0009384739512612124,-0.002992914324639575,-0.010695348620980216,0.04476444393221426
2016-11-17,0.005127467789002121,-0.004418387490353666,-0.00515153957584098,-0.009823205658532383,-0.00433755399513024
2016-11-18,-0.0022399663948923024,-0.004438087667843207,-0.008818980245606272,0.018582400924299892,0.014214767311386753
2016-11-21,0.00752309381935826,0.000851003688191331,0.0037273072140238833,0.04268080318976744,-0.016550905021679965
2016-11-22,0.0019513894138031482,0.0009453088784949962,-0.00034614845492716306,-0.0130843305521868,0.016234141375310433
2016-11-23,0.0005438647358828142,-0.0035958576797444834,-0.020019033913875547,0.0037558693442847823,-0.009028479985516568
2016-11-25,0.0037085404412087815,-0.0008541792787711963,-0.005667237234161627,-0.03238379671810523,-0.003963027871451418
2016-11-28,-0.004706121980198808,0.004544327226890612,0.01051202138010083,0.010592266515441798,-0.007900073214889019
2016-11-29,0.001948391020510536,0.0010390660478356226,-0.004668228933024833,-0.03707733587832766,-0.0002840586693164628
2016-11-30,-0.0024016651679358418,-0.006722365239073777,-0.013510086082379656,0.08294412372638459,0.013619341360082256
2016-12-01,-0.003682432562592684,-0.0038226010470295596,-0.0018809543242076046,0.035942738196737406,0.014753367423404079
2016-12-02,0.0005005756154500337,0.004478628408819276,0.005364806083291903,0.013152282710419638,0.02758985869159421
2016-12-05,0.005991000954398801,-0.00038039944232917867,-0.005364806083291772,-0.01138857347945664,-0.025048044805191728
2016-12-06,0.0031620755186750455,0.00038039944232925733,-0.0009866853717861235,-0.005300402754336417,0.007254480199637271
2016-12-07,0.0129960415125152,0.0033218346668084787,0.003583283615967707,-0.017873559661414268,0.005100679537056672
2016-12-08,0.0024459560579589822,-0.0037974024283179805,-0.0023276835438490475,0.019643512108088592,0.0034802886525932436
2016-12-09,0.006022347985075808,-0.005149359905322182,-0.010542046205441346,0.011428622042453384,0.00257062028419703
2016-12-12,-0.001148469079628095,0.00019094150345749992,0.003797113021044969,0.015611792303279297,0.009392892895784771
2016-12-13,0.006651793518318197,0.0005734346807094859,-0.003344358449500988,0.00942188206519826,0.0006011050423324342
2016-12-14,-0.008288652881783135,-0.008347299434680789,-0.01477585370302796,-0.03557857782430214,0.0011843354190241068
2016-12-15,0.004108642141644399,-0.002796964788622039,-0.013785715901107913,0.00352733725488618,-0.004351215826299784
2016-12-16,-0.0019574881963777967,0.0012555426039865037,0.006592778565065687,0.016587070410711995,0.008725572393616902
2016-12-19,0.0021746542822219522,0.004620119369977652,0.004985177307786946,-0.004338418112439012,0.009897270262693386
2016-12-20,0.0038504994720352918,-0.0021153306094718123,-0.007394390217464912,0.010380706205944773,0.010243612033812419
2016-12-21,-0.0027867757289158183,0.0016351979743751553,0.0005564603998491446,-0.015611792303279396,0.04086418376144389
2016-12-22,-0.0017289192516456366,-0.0004334748440086482,-0.0024136861188265224,0.001746765343429994,0.035627265068141116
2016-12-23,0.0014635075383336751,0.0009624875152864235,0.003155199096609045,0.008688184927953417,0.06433033120214732
2016-12-27,0.002477633254286639,-0.0014439861819769892,0.00582012137282036,0.014598724097094241,0.012089515529117682
2016-12-28,-0.008298963091335232,0.0036535885135447663,0.002759665575201272,0.0017036169498206343,0.04476426663918266
2016-12-29,-0.00022253520092430234,0.0030672150524405557,0.01305061000633585,-0.0025564336572736243,-0.0024869088545919683
2016-12-30,-0.0036617148156161405,0.002961435896593265,-0.006184651823121631,0.0,-0.01267274056710545
2017-01-03,0.0076209919387032555,-0.0004767203567082468,0.00781538513824579,-0.024180857661024607,0.08243945514219424
2017-01-04,0.005931393453663676,0.0011445363598600637,0.0035241475629946054,0.012163516284555777,0.10096034523200412
2017-01-05,-0.0007946180965499917,0.0064621416545941985,0.015395946803090798,0.010309359945159592,-0.1305752503587256
2017-01-06,0.0035712104202571117,-0.004557243072571003,-0.007399862806678017,-0.0017108219734411564,-0.1162092411941805
2017-01-09,-0.0033062152663604835,0.0037993106113755988,0.008198942430912352,-0.03219067629872767,0.0006947414011181646
2017-01-10,0.0,-0.0004746043642181204,0.004251209640407789,-0.021448608076692625,0.005358747291348979
2017-01-11,0.0028223323956700127,0.0011373594293533514,0.003088451356458922,0.026739578544556518,-0.154476649076822
2017-01-12,-0.002513260110017399,0.0005684683431600258,0.0036058581395100996,0.014840960077042963,0.03422186501689435
2017-01-13,0.0022928234223273183,-0.0021798356355670788,0.002630155985373185,-0.011329107273510889,0.0235150973517181
2017-01-17,-0.0035297646424462393,0.005016431482943818,0.014257386660884261,0.0017513540054500843,0.09702495851288899
2017-01-18,0.002207768172121046,-0.00710640491352621,-0.008495159639561354,-0.02390556122584764,-0.023761878519635897
2017-01-19,-0.0037114967218210746,-0.0038101598954046333,-0.0008709816243124942,0.0008956766309493498,0.013950027432390346
2017-01-20,0.0036672355456221456,0.00047672035670830816,0.0024367465635149513,0.019504187690197978,-0.00451146111407703
2017-01-23,-0.0026056147245935085,0.005233911297375373,0.006411370524106662,-0.006164761785516871,0.028620322240761782
2017-01-24,0.006391275934751052,-0.00380392040836367,-0.00450104004040464,0.004407251881235175,-0.031237062820323513
2017-01-25,0.008618390664978584,-0.004966118666777982,-0.00827564253844338,-0.005290970467863883,0.00987059326696027
2017-01-26,-0.0010461842405520322,0.0013399129054146887,-0.00931545140516917,0.019264983892070642,0.017639684998950036
2017-01-27,-0.001570865955256086,0.0012420872798652935,0.002028628943019752,-0.011338989183294524,0.0023555870752018566
2017-01-30,-0.006220980658213438,-0.00028649862344356575,0.004220558088409409,-0.01058209954104666,0.0006869279609079156
2017-01-31,-8.782274425026886e-05,0.0034327612008077293,0.013768096552717091,0.00353982341889929,0.052922642786310134
2017-02-01,0.0003953367178763063,-0.0019182911665861402,-0.003033641360264487,0.014035305200489975,0.019006132801864053
2017-02-02,0.0006587293813839542,0.000382136009093493,0.005540175253055282,0.0026098916027324816,0.022768592259201456
2017-02-03,0.006869209673163693,0.0007635591618196508,0.002500332582847749,0.0026030151550556764,0.01774054215906327
2017-02-06,-0.0017891913149657508,0.004758784310309342,0.013428758731216857,-0.013961819019818756,0.007968853520643932
2017-02-07,4.368259821373777e-05,0.0018029960757547211,-0.002041146037959061,-0.016836953929929576,0.022101353214739453
2017-02-08,0.0013095914349711296,0.004068004354678443,0.006195677380773958,0.0035682431632051304,0.0016192383259246404
2017-02-09,0.005914936110298829,-0.005965812161918189,-0.0076440113416854985,0.010629049549298547,-0.06679373711864839
2017-02-10,0.003938802174329259,-0.0006646644818868247,0.0026395141502793757,0.013129257832125775,-0.005757777136341599
2017-02-13,0.005427570826691377,-0.0015213252306302087,-0.00682592596717586,-0.0157759895531592,0.0019885841238618026
2017-02-14,0.003987437146579304,-0.0036236780372200334,0.0011123712399388251,0.005286392938459205,0.013941699990017325
2017-02-15,0.005206657750579303,-0.0019119538921905208,0.0044372173593291335,-0.0017590556835730964,0.0029124762485075646
2017-02-16,-0.0008516054956606363,0.0040111643739734965,0.005349691237603948,0.0043917674298809125,0.019618070354985556
2017-02-17,0.0015753310683028418,0.002665564210501429,-0.0033932974726115484,-0.001754342899250213,0.018103858479592574
2017-02-21,0.00593740864476001,-0.00047560336161695644,0.0005946540100771037,0.013083450172761177,0.06394939782523759
2017-02-22,-0.0008883482470269919,0.0016153081505547314,0.0013579197505681978,-0.015720874703391893,0.0019168315546742576
2017-02-23,0.0006768153145571284,0.0026555447324058657,0.00869753215772035,0.014853928050555546,0.043156065604358626
2017-02-24,0.0012678516435899933,0.00462969044293841,0.006369402264058673,-0.006089596506187349,0.005947789654449995
2017-02-27,0.001561900128396161,-0.0035885716165186283,-0.004857175635850916,0.0008722398066078538,0.005344831984982835
2017-02-28,-0.00270287171302309,-0.0004728534044343724,0.0009230175401251751,-0.0017452410797256523,0.0
2017-03-01,0.01390054899269769,-0.0069909757646761965,-0.0014268817535848305,-0.0043763914039894,0.03540895276981042
2017-03-02,-0.006317577743894265,-0.0028676695270907875,-0.012508578672613836,-0.02038170202682849,0.023053290497243882
2017-03-03,0.0006295933205170623,0.0009571403417708253,-0.0005955140219629334,0.010685754871378227,0.018987094918869202
2017-03-06,-0.002982522499117396,-0.00019190550708851622,-0.006745539852068352,-0.0008861523855963913,-0.0016955944632971584
2017-03-07,-0.0029913696077730366,-0.0014353649525666822,-0.008086086565359004,-0.000886853727567195,-0.039494404934135224
2017-03-08,-0.001858429200547991,-0.0033580488893426796,-0.006238117890961693,-0.054708296205593816,-0.06198638601041199
2017-03-09,0.0012674342355173198,-0.0027909830817561872,-0.005140919622256575,-0.013207771676962275,0.032921643223535656
2017-03-10,0.003498220901994814,0.002117962627852667,0.0021815968976861885,-0.023055754648253126,-0.062287794611083476
2017-03-13,0.0005046064684744351,-0.002503789886834108,0.00017429306368713733,-0.0009723120873157174,0.09817817262262164
2017-03-14,-0.0038339574458014242,0.0010603665966739942,-0.005418130142925278,-0.008793427996085,0.006537416006712844
2017-03-15,0.008616102620579299,0.008725931749253735,0.018492494054676123,0.01847408270751045,0.0077201112927306964
2017-03-16,-0.001968597439061494,-0.002772571428881605,0.004120559955210867,-0.001928685070804626,-0.05072016609052072
2017-03-17,-0.0017579405086876887,0.002677191321443893,0.0022248383768926597,-0.0028999279461947992,-0.07659209371416738
2017-03-20,-0.0010972870088895514,0.002384428605384184,0.004435011725417898,-0.005825207232514864,-0.042708606999304705
2017-03-21,-0.012922646647017753,0.0033283491797038637,0.008727009558066982,-0.015702069439714722,0.061000122725365626
2017-03-22,0.0023503606534443166,0.0018972116669360782,0.0024434516279076965,0.0009886534772782986,-0.06583995192109933
2017-03-23,-0.0010675510613866199,-0.0010433668685516117,-0.001347399463717088,-0.010929036358481095,-0.010106803783773714
2017-03-24,-0.0007268796745320609,0.0005687644551242528,0.0015998188263156232,0.00796023329575511,-0.10238115832507738
2017-03-27,-0.0010267716646299226,0.0024620642027670917,0.005621040603803889,-0.004967739024118465,0.1092706420625036
2017-03-28,0.007250591618763235,-0.0034102151134290286,-0.0041077969016607725,0.010896557440487523,0.0013187365535516804
2017-03-29,0.0009341380094152253,0.0028427588630710893,0.0024332009503229184,0.021443343301096245,-0.006880373004662187
2017-03-30,0.003179288210983051,-0.002842758863071226,-0.007233005455458062,0.019102759804597327,-0.013105023821427681
2017-03-31,-0.002330269140215624,0.001990561300619574,0.002108015430704589,0.006600745170409062,0.043243369791162264
2017-04-03,-0.0017408447130718774,0.004910347453710443,0.005292550298656713,-0.008494638179464664,0.06503466209265467
2017-04-04,0.0006371745697811904,-0.0014166052312177173,0.0022597345773738855,0.015052010020256905,-0.00927523563605931
2017-04-05,-0.002977262286534468,0.0018887530832034664,0.0,-0.002805025914906487,-0.007502123814714591
2017-04-06,0.00280750895049255,-0.0006601829844486767,-0.003685116697841802,0.016713420785715808,0.05019560806332238
2017-04-07,-0.0010198775527928276,-0.0030262639117445474,0.002346621760815808,0.009166002108157056,-0.00489921144156862
2017-04-10,0.0005951426478915268,0.0017976938129896551,0.0,0.01628998031762346,0.008654749895748392
2017-04-11,-0.0011904892216706847,0.00462087609263721,0.014378002485395934,0.002689354593307891,0.014949240225947288
2017-04-12,-0.004391449753879147,0.0030997690342047237,0.006825356086692966,-0.005386047161963924,-0.0038580352329780727
2017-04-13,-0.006516289253273024,0.0029976384856676545,0.0047420728437496,0.001798602820256118,-0.026241638711645643
2017-04-17,0.00882089107730453,-0.0015914718848531824,-0.0029407031136137306,-0.006309141535441238,0.020845464050436906
2017-04-18,-0.0029886781030227403,0.0056965327239964884,0.004733558474010278,-0.0018099966406075092,0.014765945740239381
2017-04-19,-0.0018403841403539939,-0.002610409752648114,-0.008914361418128501,-0.038786032355795794,-0.001139577024277243
2017-04-20,0.008106399394895065,-0.002243532538698754,0.001887609614885789,-0.007561465543852873,0.015405853693441088
2017-04-21,-0.0031918405170479067,0.00046741083313134367,0.002865670925194773,-0.02109380901183929,-0.005736069884235737
2017-04-24,0.010937724028469471,-0.0020598065104578097,-0.006809117727285548,-0.0068060248977024635,0.022733747245155124
2017-04-25,0.005801429834229678,-0.005168651870978485,-0.010176758825308857,0.010674498107657285,0.012195827596242196
2017-04-26,-0.00062904618666484,0.0026348908452806068,0.004894417227160271,-0.009699341641280154,0.012244046631326971
2017-04-27,0.0008389121330604565,0.0006575943607170251,-0.003730858335881937,-0.0019512647911746782,0.02820710655915428
2017-04-28,-0.0021817605471618883,0.0010322328593338982,0.003151414614046289,0.0,-0.0009490512239789706
2017-05-01,0.002516669030565507,-0.002162903680703148,-0.009149943206636764,-0.00882792935504834,0.07682148747821672
2017-05-02,0.00037723984752062803,0.0020687896333750353,-0.00016711217732273407,-0.022920738916868046,0.021723477635178665
2017-05-03,-0.001215055180867714,-0.002068789633375018,-0.014055680078894413,0.0010075798020844659,0.025330039559928564
2017-05-04,0.0011730561343953297,-0.002262204769697179,-0.010137688898777003,-0.04848812169355141,0.03143181439131002
2017-05-05,0.003929374290774126,0.00018813343879995557,0.0018819613581217375,0.020921245332342103,0.01149654917107177
2017-05-08,-0.00016676451207190622,-0.0024554673843556786,-0.0022245229386793674,0.0010346849263807847,0.10250519537657346
2017-05-09,-0.0009187363489186747,-0.0011358241710590514,-0.006013737531638919,-0.010395143778893461,0.018403898923351595
2017-05-10,0.0017943823283561064,-0.00037856263176375,-8.619187440805963e-05,0.02985296021872553,0.01793702814316485
2017-05-11,-0.002044663489666917,0.0007571631223801054,0.003956305862795571,0.008080844658730553,0.03380135427898459
2017-05-12,-0.0016725366588965017,0.005098298018553389,0.0028286293961141936,0.0010055535476462105,-0.06962597013852297
2017-05-15,0.005508442034557817,-0.0006596347031096715,0.00264989304932151,0.021869685561163157,0.008196069929760392
2017-05-16,-0.0009160673249439646,0.001318744537835675,0.004344332691827055,-0.005917218488681364,-0.002292105846447192
2017-05-17,-0.017903179614248664,0.007967892391543696,0.018026089242991115,0.007881806981718666,0.05858053337167216
2017-05-18,0.004020318797970027,-0.00028033393332805266,-0.008214659464641129,0.0068460559954256995,0.026591435579729535
2017-05-19,0.0064831372562072585,-0.00028041254247957023,0.0049536558166890015,0.021215773162361187,0.05112090162962312
2017-05-22,0.005064491250804308,-0.0011217213588010926,0.004178861021674379,0.005708904280803393,0.08930951402410209
2017-05-23,0.002210359507156146,-0.002621954431460766,-0.006358807682167539,0.009442976686715083,0.06545545339360417
2017-05-24,0.0023300823090268647,0.0020610691685354165,0.003937188086656905,-0.003766479074943084,0.05174051688319059
2017-05-25,0.004767944769236521,0.0005608852629254312,-0.0010874337201151904,-0.05427692664164695,-0.05841669584304932
2017-05-26,-0.00020661040703686561,0.0006546393874370331,0.008832634206008617,0.02362312358736986,-0.04551527081265308
2017-05-30,-0.0008692700783722294,0.002519922354859301,-0.0033239313084347183,-0.0038986367918339817,-0.012312000651976938
2017-05-31,-0.0002483656931342382,0.00046635245641003055,0.003987406451696997,-0.027724521833095508,0.04973814374809657
2017-06-01,0.00792082583396764,-0.0005228110194743818,0.0008286937780719529,-0.00503274248199306,0.05176378021810398
2017-06-02,0.0033226425542021826,0.004378682749826429,0.007345383440385594,-0.005058199149739681,0.0329535875114417
2017-06-05,-0.0007372021246527641,-0.0016745736788758292,0.0009862969865506888,-0.006103728655524326,0.07665440695033618
2017-06-06,-0.0032018313809289004,0.003160772529257565,0.011191515796581182,0.01719820561771002,0.06358522530476088
2017-06-07,0.0018486148848265503,-0.001858093942593001,-0.005294262319270497,-0.05250822366074076,-0.046847390437499754
2017-06-08,0.0004921455285537746,-0.0015822991390400836,-0.006554676702975053,-0.0031762580886458814,0.026532117208718432
2017-06-09,-0.0015188691151678956,-0.0009321289181253271,-0.009166426122606205,0.006342459496033213,0.006462467476989901
2017-06-12,-0.00020550034683284986,-0.0001861559644982024,-0.0014943988172197275,0.003156308384068406,-0.059900086351520075
2017-06-13,0.004877794458359792,0.00037298964094794034,0.0009965350816834196,0.008368241322527527,0.021348727352915563
2017-06-14,-0.0012684318875465501,0.005206325288965147,-0.005493177805750778,-0.03930413929065743,-0.08070016068395891
2017-06-15,-0.0019262741008040838,-0.0017638152480336485,-0.00418165701990386,-0.00543176104361449,-0.0168140987006463
2017-06-16,0.00021893667376827488,0.000557745897822586,0.00016757431865917162,0.006514623006883321,0.02166589360816841
2017-06-19,0.00829038803991843,-0.002788999516966164,-0.00765446009733337,-0.01307206934493735,0.02781612845168042
2017-06-20,-0.006766849035920025,0.0025097662393445365,-0.0021131828104241023,-0.018816280562287832,0.04978630510902381
2017-06-21,-0.00024707308878640466,-9.235573537237556e-05,0.002872805881766109,-0.027181715731519014,-0.012083164993093668
2017-06-22,-0.0004528722721833004,0.0009283148835123803,0.0033692883509404193,0.008004581989634052,0.006046838033450255
2017-06-23,0.0011936913100776948,0.00027820244179547457,0.004279445503073095,0.0090703486335215,0.01449481602903642
2017-06-26,0.0006577319139138277,0.0008343203300372293,-0.00899959554685728,0.007869703195384464,-0.10211491043735443
2017-06-27,-0.008088620402415151,-0.0049242093394296195,0.003794725232620457,0.01885802637992699,0.029420318014430347
2017-06-28,0.008910231613521134,-0.0009321289181253271,0.000757258608664271,0.010929007880390319,0.008714329466792743
2017-06-29,-0.008827460132588161,-0.0037361559492725687,-0.004890000706728738,0.0010863910861795,-0.013871636990232392
2017-06-30,0.00186269659130367,-0.0023421162694327678,-0.002538742638049931,0.03100194419737179,-0.023299107639985044
2017-07-03,0.0016939353369167004,-0.003679741587402377,-0.01648835238074312,0.012552454174974593,0.032994714639700495
2017-07-05,0.0023094427775755223,0.0007537298023454386,0.0036971824767883434,-0.039220701257135886,0.014684570559646016
2017-07-06,-0.009186386775158062,-0.0018857509280718894,-0.0004291636859008885,0.006465584836251871,0.0025218342707584
2017-07-07,0.006464197157178228,-0.001606103826833486,-0.010269798493159019,-0.022814680918032095,-0.035071388234270806
2017-07-10,0.0010729038274480795,0.0013227180775472508,0.0016468254331296226,0.0032912516989255843,-0.0597574135114347
2017-07-11,-0.0007424165796160867,0.0013212406353747804,0.0012982088742114774,0.015217721817477655,-0.01476351029164194
2017-07-12,0.007486397177693222,0.0029186252759723537,0.0035397924292921755,0.006451577723023638,0.02577926845049998
2017-07-13,0.001678966591708657,-0.001034649079039067,-0.0018115086761426493,0.014893928713345692,-0.017213972837918482
2017-07-14,0.0046533678186822785,0.0014107013506113192,0.008168900176639902,0.01259196941116647,-0.054273088825368215
2017-07-17,-0.00012221021598720375,0.0012214179955065414,0.004443348999716993,-0.014706183484425045,-0.002209974914698019
2017-07-18,0.0005291593126588833,0.003654079284751587,0.006966890452323186,0.00947876013949287,0.039795972717640425
2017-07-19,0.005399462441233004,0.0,-0.0002540224323477312,0.015600901137016265,-0.019794585747284255
2017-07-20,0.00044519343050183256,0.00028035237167232864,0.00135406277392805,-0.008290195341949283,0.21459581921064388
2017-07-21,-0.000890727726389399,0.0017746621007174472,0.008589562474350264,-0.028497918678843336,-0.05464632077387589
2017-07-24,-0.0002429857138067591,-0.0006534143222451658,0.0004191258176561492,0.016985530028710668,0.03212749096503664
2017-07-25,0.0024278445367343924,-0.005619659603869853,-0.0032741446924645485,0.03211051774515876,-0.06694254490338364
2017-07-26,4.0474640207101544e-05,0.0031885645230812394,0.008040236804836134,0.015174759074870108,-0.018422250208638885
2017-07-27,-0.0009299786834947539,-0.0015929219483758752,-0.0007510021513585564,0.009990130956469634,0.0547430594223052
2017-07-28,-0.0011737414973238165,0.0016867753834023088,0.00748507747253413,0.010875011179337606,0.050087183657445335
2017-07-31,-0.0005669895588242758,0.0002802576871247455,0.0004969976741389874,0.010758016489122316,0.023338847115584364
2017-08-01,0.0022261813656784695,0.002481034988279029,-0.0008284878144892227,-0.018655384563251352,-0.05617898537460666
2017-08-02,0.0004849302474218383,-0.0009352710820621103,-0.002074259170059369,0.004943182533093868,-0.002796165333308995
2017-08-03,-0.0019415611333153393,0.0034568885417588496,0.0015767861990997622,-0.01190489067958134,0.03411146270777818
2017-08-04,0.0018204928901571966,-0.002708370140601451,-0.007825504639997654,0.010918188216104852,0.031985182588555545
2017-08-07,0.0018575164945441524,0.0005613996619754508,-0.0011707593535363761,-0.0029658679413268265,0.15426958021880324
2017-08-08,-0.002463860654658035,-0.0008424404518405681,0.0029243323685439523,-0.00396825523349915,0.01206095642712161
2017-08-09,-4.0716006642293555e-05,0.001215256464338915,0.012024832535234332,0.008906461521577482,-0.022912944057223775
2017-08-10,-0.014215928667921759,0.0037308190218690606,0.007391636301004261,-0.02392933496004022,0.011544298825368856
2017-08-11,0.0014758114129527172,0.0011161118402672724,0.004734717669981235,0.008040236804836134,0.07664270358758349
2017-08-14,0.009864381632617466,-0.002419951859014537,-0.007110509708619983,-0.027398923804920247,0.16954512235730082
2017-08-15,-0.00012165302487687069,-0.0029876351537104747,-0.007739806493235807,0.003081639065308729,-0.03366926614382545
2017-08-16,0.0017426371339930022,0.0018681955310389838,0.007329654945785988,-0.018634111433689815,0.0455060905777128
2017-08-17,-0.015713419271775688,0.0035393914816858724,0.005074451187161252,0.0052110792054037,-0.010321242503651034
2017-08-18,-0.0015645149931502297,0.00018638453503275765,-0.0015523089133794997,0.03573635797550743,-0.04029362277580252
2017-08-21,0.0007824185437865353,0.000650347119575558,0.003754179507042542,-0.02642432452511619,-0.0389348657009816
2017-08-22,0.010402924272363523,-0.0019528434948753754,-0.004490378194735464,0.00616022667683875,0.024384535605044045
2017-08-23,-0.0035917816721953407,0.0034381687570589105,0.003756939159508119,0.011196010434165569,0.012360737249258057
2017-08-24,-0.0023334188349254364,-0.0015780544120829478,-0.003102527430184758,-0.017356237111004192,0.04317329334896507
2017-08-25,0.002333418834925516,0.0016710790444631773,0.0036729988686282277,0.004110998777894755,0.008481266861428458
2017-08-28,4.0732060195739556e-05,0.0009266817120536601,0.015762397031869272,-0.022822595363457477,0.0025267844814997158
2017-08-29,0.001144209362722161,0.0023141429558127635,-0.002167752218151974,-0.00737230255006186,0.04382912405601541
2017-08-30,0.004726489965696689,-0.000832531072331417,-0.0004823342716563527,-0.008492611877578856,-0.0030008191758980583
2017-08-31,0.005997948770252266,0.001572075035756938,0.011671721617894353,0.026303462475168744,0.029799367864147074
2017-09-01,0.0014132499110711555,-0.0029469021974005785,0.0019056530015576626,0.004145079661133198,0.03931965968186678
2017-09-05,-0.007208254429527203,0.006936028991084829,0.011044617985341777,0.025524611632743943,-0.11134709019727335
2017-09-06,0.0034081954705548795,-0.0023988748905654084,-0.005112698708954078,0.01202418147638046,0.04917392208622048
2017-09-07,-0.0001216182153363003,0.004332295978793153,0.010355527635419215,-0.0009965351132518578,0.0006001447663004128
2017-09-08,-0.0011750973617998628,-0.0007364007696791064,-0.0012495406412696415,-0.030366726199545443,-0.08412374960926737
2017-09-11,0.010609268164360532,-0.005723190723892492,-0.014007143976598416,0.009207242138124029,-0.016086120275531843
2017-09-12,0.0033651172803721677,-0.002409858585741085,0.0029277577169540335,0.005078750561154965,-0.007346793001922602
2017-09-13,0.00047963710630974295,-0.0020432419858431757,-0.007534611170577271,0.020060834574464767,-0.06197104848606778
2017-09-14,-0.0003196621332894562,0.00018568076013398071,0.004369098124020519,0.005940653132789356,-0.2075298468188717
2017-09-15,0.001345085556574757,0.0012078513742099987,-0.005006207576558888,0.006886372032909022,0.1423295036032813
2017-09-18,0.0021245644534275006,-0.003907857927916703,-0.009364174007229185,-0.0029454840283973755,0.11116079413655765
2017-09-19,0.001000691581238562,-0.0011192147471254011,0.002088539057238403,-0.005917218488681364,-0.0351042298413958
2017-09-20,0.00035997875820590773,-0.0019616005842259736,-0.008056762706663206,0.012776598185969566,-0.004857681376487073
2017-09-21,-0.0026832363857761474,-0.0013104386211481465,-0.007633024715442955,0.0009761083247974436,-0.07298189967391884
2017-09-22,0.00020082040116273413,0.001778246063710276,0.0045543146609353605,-0.0009761083247975212,-9.366567553529894e-05
2017-09-25,-0.0020466043819042912,0.002985358193269267,0.01041298453601274,0.029824280741589573,0.07821348925635149
2017-09-26,0.0006023980688523849,-0.000838493215380779,-0.011224726404076811,-0.0057034774120539155,-0.008625829531936302
2017-09-27,0.003886841172291119,-0.005142588608177563,-0.009464790137827282,0.0028558502340644922,0.07623090435074809
2017-09-28,0.0011987620155916282,-0.00018767593280653825,0.0018837445698112896,-0.008591952551116243,-0.006194336903600101
2017-09-29,0.0035090585336715126,-0.0012200832999066903,-0.0051683715774128456,0.0,-0.002796940229908634
2017-10-02,0.004329411731685445,-0.0011379142116564197,-0.006684614889873803,-0.021318662359293104,0.0574677020477579
2017-10-03,0.0021375772584559137,0.0014112351773257039,0.0004967317019956395,-0.0029425948124596523,-0.021048548498460898
2017-10-04,0.0011858636108661989,-0.0002824269995417625,0.0028098889387879367,-0.00987178602597209,-0.020621245145205476
2017-10-05,0.005907558764626417,-0.0010343421234022172,-0.005378816723625571,0.016724450510038385,0.023149656085278497
2017-10-06,-0.00113928556067876,-0.0012244604030300563,0.0047183541150492775,-0.02769709482744003,0.009748054894297626
2017-10-09,-0.0016525730661608113,0.001129994348648416,0.008142542011554031,0.003004482237068438,0.08782133940638018
2017-10-10,0.0026347739637981957,0.0003762918657368865,0.002617800009600174,0.027615141057408078,0.0020871274361351166
2017-10-11,0.001569806005912022,0.0011289191859182443,0.0031812040839063376,0.007751969640620806,0.009260592591038536
2017-10-12,-0.0014911230377077304,0.0009392733320126678,0.0008140547013934963,-0.012627668475722357,0.12093108463263826
2017-10-13,0.0012167342233298818,0.003374008937408047,0.007539254296557061,0.01359247598931543,0.03611310687508494
2017-10-16,0.0013325701790828641,-0.0016850029290261452,-0.006888462515220647,0.00864145107804745,0.013783962639625273
2017-10-17,0.0007048326725727469,-0.00037559277709883835,-0.006854404417199568,0.0028639383054405946,-0.021195572848553824
2017-10-18,0.0009781793353063474,-0.0025348192184783875,-0.0037735819439878113,-0.000953765375999943,-0.002647296986752327
2017-10-19,0.0002734257978764065,0.0010333543624132966,0.005900215657301968,-0.012482078644799628,0.020857095323062205
2017-10-20,0.005147219171873539,-0.0041407353130513,-0.006393454395473306,0.007699741703747836,0.0517062173997819
2017-10-23,-0.0038967683078446756,0.0009429976727359611,0.0015611723194451613,-0.0009592546250069779,-0.013587871683564444
2017-10-24,0.0017554489923608042,-0.003019812762230929,-0.0038662591759729935,0.011450495846862216,-0.07049808413802779
2017-10-25,-0.004962337662145122,-0.0016080120632578074,0.0001647984431062872,-0.005708904280803422,0.039758880928574096
2017-10-26,0.00129174546653344,-0.0013253689636852045,-0.008440935931398883,0.00855113579710948,0.026431731700242787
2017-10-27,0.008142623008312415,0.0032168901976721478,0.0047257865747334146,0.025223239077608813,-0.021211310291386017
2017-10-30,-0.0037316684708162714,0.0035834910319036207,0.0019005561122998722,0.0027636805171009212,0.05872180818591204
2017-10-31,0.0015566566867889426,-0.0006588913437423319,-0.0038047944426046506,0.005504639504403548,0.05364759642581373
2017-11-01,0.0013212454214264458,0.0006031138651184453,0.0036396966611634005,-0.0027485758715035573,0.04517490778615678
2017-11-02,0.0003884255756897287,0.001319590325289157,0.0006603535530684753,0.008222993351282392,0.04495834544204169
2017-11-03,0.0033330809821744637,0.001599360097499974,-0.0047144513322975885,0.017140747434377136,0.018096170044845903
2017-11-06,0.001546560724650208,0.0012213897550799701,0.008502950979344039,0.02908974759573352,-0.026001921108091856
2017-11-07,-0.0006958289966854409,0.00037497153997766744,-0.0036235108435323914,-0.0017391706786937654,0.017169747457020566
2017-11-08,0.0016995656548471107,-0.0012208424794158967,0.003459056119704665,-0.00698692143976158,0.043187833291546796
2017-11-09,-0.003634470826162584,-0.0003755188156417815,0.004102401645100611,0.004372564114487326,-0.04329978834888477
2017-11-10,-0.0003097859828367878,-0.005089356448114026,-0.008221702339946372,-0.003496503706704725,-0.07639967782768012
2017-11-13,0.0009295447511210123,-0.0004729345848844409,0.0014849063034307734,-0.003508772154090454,-0.008901492599152981
2017-11-14,-0.00232538206137523,0.0014168802940213426,0.002058715307154061,-0.022213263184848175,0.01155880655935634
2017-11-15,-0.00501767439783319,0.0035812437266593907,-0.001234670245587114,-0.0036003604483283115,0.09752915968167002
2017-11-16,0.008464955221287361,-0.0025429659667006088,-8.238652462762423e-05,-0.0018050959686040718,0.07327191344658618
2017-11-17,-0.0029429357619449475,0.0013191242014483043,0.011954609509226865,0.024979058384354845,-0.02088556075564038
2017-11-20,0.0017048318215266381,-0.001602224619664773,-0.012696268046166224,-0.006186555139932828,0.06182494644092662
2017-11-21,0.0065212727231734645,0.00018868290713144935,0.001647348843739489,0.010582099541046563,-0.01590258224989855
2017-11-22,-0.0008846374336984684,0.0032015504901034943,0.009175087875408043,0.01739180905944718,0.02233381227401497
2017-11-24,0.0023069608232792528,-0.0008465483288638383,-0.0025311102507151856,0.016246580316103564,1.703797824542301e-05
2017-11-27,-0.0004993665173366787,0.0006588251730802943,0.004160741332319787,-0.017109040796605,0.1735926188862903
2017-11-28,0.010093900068587793,0.00018772315578355556,-0.00016287471547679085,-0.000863204960712723,0.024194809821774188
2017-11-29,-0.000609051629369964,-0.003201550490103491,-0.006289558392421287,-0.00954451113451802,-0.017064228542038876
2017-11-30,0.008716740936116501,-0.0031169327202333476,-0.007732229391441411,0.0,0.03429276074330862
2017-12-01,-0.002077618278495711,0.0036881297636081004,0.0040380612309282235,0.017286498414170112,0.06999820553385039
2017-12-04,-0.001210547889043297,-0.0004723092272298542,-0.003377653154607993,-0.015544380895503793,0.06024944003772053
2017-12-05,-0.0036031304603082776,0.0007552839736446233,-0.007122188370048705,0.004342185833749431,0.022016762442421917
2017-12-06,0.00018989242724278346,0.0020742503476346603,-0.002079954164184071,-0.029905496503173076,0.18172416088180857
2017-12-07,0.0031481253838357543,-0.0017912663401487975,-0.013246352701112026,0.011540307034965516,0.22511895434132784
2017-12-08,0.005438356237163427,-0.0007545339065282575,-8.43525069872456e-05,0.014023003634458181,-0.07722626494389065
2017-12-11,0.003008410043571914,-0.0006613664901985945,-0.003974813553107367,0.009528059057065707,0.021931171160107746
2017-12-12,0.0017632410559890851,-0.0008506646581870032,0.0011856318079057743,-0.013889181725769854,0.027866079189228038
2017-12-13,-0.00011232734155474778,0.004057831395062714,0.008596013189973703,-0.009661880965754027,-0.05957373243077356
2017-12-14,-0.004094598248780768,-0.00037647601422178005,-0.002015942432484809,0.00878743620014663,0.009450503424906668
2017-12-15,0.00829286862158197,-0.00018873718910929175,0.00209987057429634,0.002621210109037261,0.06672275050137494
2017-12-18,0.006321194286916141,-0.0022643211179481787,0.004604277886820867,-0.001746765343429887,0.07647705726637663
2017-12-19,-0.003847578594479801,-0.0045432736605802515,0.0007513783425439744,0.0061002933473979296,-0.07254290633921227
2017-12-20,-0.0005243534844435436,-0.002945710785696875,0.0026671102328525206,0.008650523519235261,-0.06700506450657447
2017-12-21,0.0020576733787658606,0.0007050619233770554,0.0014140004111240193,0.0025807056598702504,-0.05069001039219793
2017-12-22,-0.0002616104125313239,0.00038077878495413237,0.005222850279184247,0.0017166960375328724,-0.1332232172821606
2017-12-26,-0.0011970385498684467,0.0003804539556942026,0.006839416919106556,0.024567094580536828,0.1518365624907216
2017-12-27,0.00048643103853201455,0.004273633326388732,0.003770551302149118,-0.0025135943787406964,-0.016363152489107035
2017-12-28,0.0020554433703356147,-0.0012323317661667472,0.0050595432932777126,0.004185873840350228,-0.08097704981335378
2017-12-29,-0.003777759765361357,0.0016111985614126797,0.006490919761210391,0.003336113271444303,0.003396832333957667
2018-01-02,0.007131860835185919,-0.00332065768187041,0.012058023762451863,0.004983354676116774,0.021992661653767686
2018-01-03,0.006305121654123721,0.0010445829542630358,-0.0026403330092135157,0.022123021016935106,0.014505086054969111
2018-01-04,0.004205985124240577,-0.0004747975916703406,0.005114278310262769,0.0024281463103586875,0.02585842824803167
2018-01-05,0.006642104972452197,-0.0012353500278249538,-0.001036702137934486,-0.004862202869080574,0.11094452953729485
2018-01-08,0.0018268970035461502,-0.00047579031132280583,-0.0001596255390370604,0.005670302216639084,-0.1388378134003492
2018-01-09,0.0022610086826372368,-0.004768497905027418,-0.004639219643041588,0.015230721823584602,-0.03861992220665626
2018-01-10,-0.0015312215109763922,-0.00028720121172568603,0.002402270692406848,0.008712974752519545,0.025562164635524225
2018-01-11,0.007269548434291176,0.0006692551951162231,0.003273877321212141,0.0015760053694820746,-0.11058116741362263
2018-01-12,0.0064979839053874175,-0.0006692551951162904,0.012044492942167013,0.013297034269914658,0.04198319183702074
2018-01-16,-0.003423839507008856,0.00047820127835210437,0.001652690627169873,-0.008583716861875436,-0.196150019384302
2018-01-17,0.009486114444086,-0.0022007888271666763,-0.008132363237354055,0.001566132201023957,-0.02662523913776235
2018-01-18,-0.0016821928750045986,-0.003166137677638734,-0.002222213448585594,-0.001566132201023956,0.025266707476315743
2018-01-19,0.004539332253163887,-0.0025984085950242846,0.0044394996120163946,-0.003139716949284924,0.011480784055017625
2018-01-22,0.008098175875150602,-0.000385274609012183,0.0018177059354296304,0.004705849150308774,-0.060003441856622736
2018-01-23,0.0021201499693376262,0.002887582974875116,0.004961985943158681,0.014757590861425557,-0.005779885423653502
2018-01-24,-0.00038842549135365413,-0.0019235824924767999,0.012104345577545294,0.019091835705849852,0.04418609725643604
2018-01-25,0.0004237294194296859,0.00221176466847388,-0.006697849027902464,-0.012176698644190704,-0.008842259367552611
2018-01-26,0.011511313270808555,-0.0029828360474377564,0.0007811756386790387,0.013688377243514108,-0.007846394102556208
2018-01-29,-0.006652204369129905,-0.0025087948606768683,-0.005637857183470335,-0.009867261633959267,0.011127149553966915
2018-01-30,-0.01030978478073176,-0.002321149920794788,-0.004328123373076199,-0.01614798979142569,-0.11132515302966894
2018-01-31,0.0004963914963337366,0.00029017550239330035,0.00668108957049156,0.006182394212767231,0.011295200421318582
2018-02-01,-0.0011356520889766472,-0.005171612459239181,0.0032848909860550284,0.019832857212617874,-0.10845799638872773
2018-02-02,-0.022010109707531523,-0.003710887787624891,-0.013204686797240324,-0.015220979648588694,-0.03775622775012468
2018-02-05,-0.042722480917719706,0.008184509198867996,0.0025286437555192493,-0.02092284768187551,-0.23874030029910423
2018-02-06,0.01951059034482402,-0.004376321591520383,-0.01055189964568088,-0.00549672744519776,0.10870919082663183
2018-02-07,-0.005439262330920057,-0.002928193437486524,-0.004716772083453344,-0.026327801293144725,-0.017261906053983648
2018-02-08,-0.03823070157440597,0.0008795890606580168,0.001521419504394612,-0.022895499905206302,0.08115416198669995
2018-02-09,0.014909947396892385,-0.0017595832305189788,-0.0016817358427458674,-0.019207312626077954,0.05546355066788704
2018-02-12,0.014577502286208875,-0.000292949525082688,0.0047973715177869495,0.002526374955982918,0.021467611717940465
2018-02-13,0.002484378330445636,0.001662109511943399,0.005647253596785453,-0.0016835405972190289,-0.03746663522015054
2018-02-14,0.013405937593722033,-0.006075585738496806,0.0169088525197643,0.025781088356846314,0.09916074093751738
2018-02-15,0.012679275571847051,0.00029480143982756247,0.0011691607653979673,0.012240023651351534,0.06836184023155013
2018-02-16,0.00029294319456498645,0.0023553805536429264,-0.0032769459911664296,0.004046965511881032,0.006617573638271057
2018-02-20,-0.006280769439575127,-0.0010790653005010964,-0.013532867750937797,0.000807446850250043,0.1082321041179471
2018-02-21,-0.004986752804932685,-0.002948068946079581,-0.004604964057785746,-0.008103802876676008,-0.06459170224791023
2018-02-22,0.0012952730733879986,0.0013769522531101141,0.005080177401414419,0.024116939701984655,-0.06626121098880938
2018-02-23,0.015813671005994102,0.0038260260840365075,-0.0012676571223934087,0.014195845715225475,0.02916567969339066
2018-02-26,0.01154516086073578,0.0011739093943851822,0.0024545525850455277,0.007022986221274762,0.006348117057278656
2018-02-27,-0.012565082934509612,-0.0031343875065019938,-0.010493774054732095,-0.01646450709470564,0.0340346060989737
2018-02-28,-0.010181668885813467,0.0023519651674678886,-0.0010394376248337527,-0.022383007864911635,-0.03102947063646394
2018-03-01,-0.01464748131943175,0.004293881567895666,-0.0022425027652310265,-0.0016180831906848837,0.05182687604474616
2018-03-02,0.005141996642011177,-0.0037157993434473457,0.005357640797750738,0.0016180831906848834,0.012288390831968733
2018-03-05,0.011491582776315405,-0.001273867403007225,-0.0016761714003699012,0.017628683023116994,0.04298153693384054
2018-03-06,0.002531635915506721,-9.880360305681633e-05,0.010726720619181963,-0.0015898618519740164,-0.07101737882303372
2018-03-07,-0.00036645317677556455,0.0,-0.006422202914569186,-0.017656904361827958,-0.0785471416488412
2018-03-08,0.004827381454286565,0.0020577932464402606,-0.002389131123572836,-0.01632695557235102,-0.05895751127349285
2018-03-09,0.017252785771264014,-0.0021555897742792287,0.000956349666608725,0.0259966427157707,-0.006134788034011313
2018-03-12,-0.0012560325121187107,0.0023515821685571713,0.0,-0.00805160395273488,-0.014284020556032829
2018-03-13,-0.006483626608447715,0.001662682963447814,0.001909899228192024,-0.01056491876822412,-0.0011163614975213596
2018-03-14,-0.005144728940534753,0.0019529107621600505,-0.0006362480921955626,0.0032626425892958387,-0.10603202002040293
2018-03-15,-0.001090470109494973,-0.0003903323181894994,-0.0063846619697597,0.004874129868569639,0.0037476840392196608
2018-03-16,0.0010839510868761834,-0.0011712677095841602,-0.002404835241203122,0.016874649933240952,0.00450614197866649
2018-03-19,-0.01362274009053848,-0.00097759679669742,0.0021646240154515875,0.0,0.03445455795110484
2018-03-20,0.0016993031806525397,-0.0019575115357908087,-0.0044947919586221805,0.02050546788981583,0.03224371887087316
2018-03-21,-0.0019213848853663522,0.0006851222403760226,0.017305793278474,0.02847440356321523,0.0017722101148143986
2018-03-22,-0.02531460916013026,0.004103936850598435,-0.0039610286020946425,-0.01760477881183498,-0.022745729727735496
2018-03-23,-0.02154496926030252,0.001364152993721515,0.01285555168848731,0.02516335052371081,0.017168711059965366
2018-03-26,0.026991271967196546,-0.0027296175120048666,0.005236622780197456,-0.005285002518728157,-0.07847888972440469
2018-03-27,-0.017158122970603793,0.005646381304730214,-0.006177451915059315,-0.009889781225786246,-0.04692919680936608
2018-03-28,-0.0029590481042191226,-0.00019411937286306006,-0.013901136089334824,-0.003062786623056672,0.01538459954530477
2018-03-29,0.012696447042218673,0.002037289459102012,0.0004770798243684067,0.003827038005511924,-0.10442950860100436
2018-04-02,-0.021820665580990058,0.0010185953373561237,0.01161839746199109,-0.02710195940022752,-0.01149532159013597
2018-04-03,0.012735548905007707,-0.003205387886528314,-0.0075722010717776825,0.005479516487195603,0.051223352843477454
2018-04-04,0.010642288102979859,-0.0005836785542202946,0.0011868954626521053,0.0007802790222550478,-0.08422475580705478
2018-04-05,0.007860956965319,-0.002534349957125951,-0.005153580456720969,0.0007797449931572696,-0.006201068910304803
2018-04-06,-0.022537926360590984,0.004381878643093062,0.004678991304775993,-0.025257829906287995,-0.026050420941338085
2018-04-09,0.004916296845764441,0.00019417730404290887,0.0033963960355940744,0.020570363116520444,0.02005134038409015
2018-04-10,0.015775234181414237,-0.0017495037774102244,0.002362787969159084,0.03689884654098108,0.009412414998555812
2018-04-11,-0.005256096769690243,0.0009724767900311918,0.007757730797944395,0.014981539434586074,0.019352815614150316
2018-04-12,0.00819351575941959,-0.0036036319312350794,-0.011698777825105413,0.005191012606259984,0.12412693581038274
2018-04-13,-0.002937418989729347,0.0008777600319786314,0.00653361006986455,0.0022164569290063604,0.0008501580097129826
2018-04-16,0.008187936229183545,-0.00048744741359533247,0.0014113245973425364,-0.01262549814886826,0.020397289485947025
2018-04-17,0.010641889699594544,0.0005846333490699576,0.000939797609092718,0.002239622661707458,-0.01962125912828721
2018-04-18,0.0007402454037293322,-0.0039062363080426964,0.0007824607184664891,0.03444827740875869,0.03253592757494634
2018-04-19,-0.0055634685574584,-0.002744229592544607,-0.001957330849889553,-0.007956617339569183,0.015906496489625957
2018-04-20,-0.008515366460367161,-0.0033412906778931047,-0.007630932179694891,-0.0014535218715317525,0.06437648463049019
2018-04-23,-0.00014998670067922274,-0.0009851118108203057,-0.008007927882251619,0.012287836274580221,0.009568750776767585
2018-04-24,-0.013558901861393934,-0.0011837321197103892,0.004844167468111617,-0.017391725884585128,0.08235319918742609
2018-04-25,0.002468878784801238,-0.002172721004763738,-0.006517267321502421,0.0029197072579049094,-0.09193210663750347
2018-04-26,0.010114039463175666,0.0028633939559159524,-0.0035146807713917604,0.003637704223631948,0.04808821013231678
2018-04-27,0.0009382881058087809,0.001675484305848522,0.0042320403061771,-0.0029091595446315436,-0.0322395933068439
2018-04-30,-0.007719946057777649,0.0010809673460844334,-0.00727744165435215,0.005085419545045134,0.027816756035231743
2018-05-01,0.0017748881260936352,-0.0015670523733046608,-0.007088207443339079,-0.01386381454692326,-0.01324016669459219
2018-05-02,-0.006740247044615174,0.00019755552654971786,-0.00048510316641562344,0.004398864879378146,0.012739001376982891
2018-05-03,-0.0022058437144082048,0.0025614435477053984,0.005082068394914099,0.010913139940358998,0.05353715789106724
2018-05-04,0.01286332924222738,9.846430787630318e-05,0.0020898820929316714,0.019348540482765818,-0.004433170333562973
2018-05-07,0.003377331514120275,-0.000491864066599381,0.00024084765259023235,0.0007094876986072959,-0.034369951142338984
2018-05-08,0.0,-0.0016753901373507264,0.0001605124693187213,-0.0028409082114789347,-0.014853101418770562
2018-05-09,0.009619538955026865,-0.0022699261709190088,-0.002088981225264128,0.021808775899822393,0.009737078547251641
2018-05-10,0.009307228274551634,0.002073486359510136,0.006813368242228766,0.002779707295346711,-0.03062326710905233
2018-05-11,0.003046856061790147,9.803958335197361e-05,-0.0014389666321499815,-0.01116549270774328,-0.0689361065966995
2018-05-14,0.00047577815137614816,-0.0021715259428621734,-0.0040883630684626394,0.009081453536580257,0.03209219428812594
2018-05-15,-0.006910346899480441,-0.0055497243108513445,-0.016277595476396185,0.0013898198397616184,-0.023964474196194036
2018-05-16,0.004196228484075034,-0.002088809058715113,-0.0015524980696371136,0.0041580392777204826,-0.016772482047846687
2018-05-17,-0.0008453284534072807,-0.0005980191111365542,0.0005722435830601718,0.002072521168021144,-0.03335153970564195
2018-05-18,-0.002503119184816168,0.0038785571792442908,0.00040857173330558584,-0.004149346602260974,0.019168176638719434
2018-05-21,0.007490575310071254,0.00069497000924573,0.0005716827532715196,0.016495203421086246,0.020159160351513262
2018-05-22,-0.0027839566770444524,-0.00039711980631637405,-0.0005716827532715781,-0.007526525767200488,-0.045839471398213046
2018-05-23,0.0027472623345016246,0.004553953077551939,0.0010614187645907496,-0.003439988918195905,-0.06206765944472573
2018-05-24,-0.002050927925857296,0.0025640815288987292,0.00853209120176816,-0.015278093397883141,0.0038982826938899168
2018-05-25,-0.0023852176418359245,0.003933846819935896,-0.0030793967645780895,-0.043625054769713456,-0.014229521588760126
2018-05-29,-0.011567476586411952,0.010736862403622467,-0.00016231041385129715,-0.012504765588807289,-0.0010098883107376897
2018-05-30,0.013256359819603561,-0.0042807016121839256,0.001460093554237964,0.023409971246344558,-0.008880942351451794
2018-05-31,-0.006145116176905566,-0.0004876340105889563,-0.0021909715513725716,-0.02045357875802911,0.011764678499798073
2018-06-01,0.00977026096365645,-0.0037012536413293523,-0.004967644235411557,-0.02238900896985221,0.006289122618005123
2018-06-04,0.004740008309636937,-0.00353833904967489,-0.0009801121170807511,-0.009859777638919251,-0.00358397342882636
2018-06-05,0.0007272516928710498,0.002556436029641781,0.003914822104047846,0.007593079829078862,0.015749961130953748
2018-06-06,0.008325662430848415,-0.004034277701183727,0.0005696358194504353,-0.0045489403200443795,0.002645286611436144
2018-06-07,-0.00010823741142216992,0.004230606663041007,-0.0004882216623280107,0.014334499118422947,0.0031646133192780724
2018-06-08,0.0029522432991285147,-0.0013753892226446023,0.0012201695433653895,-0.006010530580521904,-0.006968564365645907
2018-06-11,0.0013293283588635882,-0.000983936007420338,0.0017868849442266759,0.006759259570440785,-0.09889802411309356
2018-06-12,0.0012913518310200636,-0.0005904022317716244,-0.003332688774722517,0.0029895360782867674,-0.04813047339938324
2018-06-13,-0.0031962126629955898,-0.0011824978241931688,0.003008032375587246,0.0052103317572621734,-0.035954273506747965
2018-06-14,0.0025147889266431533,0.003150194798955662,0.0015411027282310494,0.003705094226839857,0.049982602628063255
2018-06-15,-0.0012767092296665677,0.0007857015252168334,-0.016672509186741995,-0.03538195608867654,-0.033321874056011454
2018-06-18,-0.0020585503824215924,0.0004905662228697948,-0.0018972637609840908,0.018223721470401768,0.042191279404934466
2018-06-19,-0.003840214103858639,0.0026469066135108264,-0.0025629178089953803,-0.011350830670274845,0.00520115825376602
2018-06-20,0.001704485612301272,-0.003235283699601757,-0.0044802273887545,0.010598084756168939,0.0009758784644155417
2018-06-21,-0.0062887099711107786,0.0026477281887980677,-0.0017477352868705306,0.0022565399927468167,-0.006931549314601128
2018-06-22,0.0018214218995766171,0.0001964713260734052,0.0024126912728642744,0.05196925032376133,-0.10092513460307667
2018-06-25,-0.013706521987108993,0.0013698212118120245,-0.003746388732216758,-0.01799256827309263,0.026838873122114117
2018-06-26,0.0022117507118460324,0.0004884600049117214,-0.0052686490212925504,0.03566711758337602,-0.025199768617492124
2018-06-27,-0.008318432064446105,0.003804960210715107,-0.005718147886604777,0.02628084585669858,0.010360226200307545
2018-06-28,0.005701131331310604,-0.0009739025665085467,-0.003040547998821346,0.014232706761606815,-0.04207551892667362
2018-06-29,0.001438258196150244,-0.00078042705433603,0.0036306900201949913,0.013369234048948237,0.051961304162501123
2018-07-02,0.0021358808385514836,-0.0006841739447404396,-0.010080153442110952,-0.006662275138479282,0.061719329676020895
2018-07-03,-0.0035375945311616626,0.0025395912250941177,0.010080153442110855,-0.0026773752071124826,-0.012871725512867362
2018-07-05,0.00812535885593905,9.751983530621253e-05,0.0033656028250155126,-0.00942770243599627,0.01663832736937995
2018-07-06,0.008422449559721216,0.0008777976715392777,-0.0015972634935638506,0.012105077643108671,0.005162002311365564
2018-07-09,0.008963918200236107,-0.0025368382646227426,0.002436881277559937,0.004668210902232766,0.01017507520741219
2018-07-10,0.003592056812857671,-0.0007825444280302463,-0.0018481290459546572,0.0026578063893591027,-0.06302716705344925
2018-07-11,-0.007341204454895009,0.0020516311190510736,-0.010905978807671088,-0.05174736949617598,0.010178711879892067
2018-07-12,0.009024928951047097,-0.00039037990155221385,0.0041565812124297165,0.005574921866023984,-0.026285767240593776
2018-07-13,0.0007872572184163441,0.0016581314751540944,-0.004411618657356192,0.005544014339650492,0.001482289507841217
2018-07-16,-0.000894621963833416,-0.0016581314751540845,-0.0005102701051305093,-0.03731518386660384,0.07765193290630984
2018-07-17,0.004037221296570049,-0.0005860841084287343,-0.010862735754725461,0.0007171193638754296,0.08243286458020968
2018-07-18,0.002101252013570192,-0.000781584045469856,0.00025795416772476286,0.010695329844088356,0.006771106197490973
2018-07-19,-0.003778490564869152,0.002733194843687923,-0.004308123245285948,0.00212538035686825,0.012951038487558252
2018-07-20,-0.001143836163808468,-0.00351566470625744,0.006455244826308788,0.001414392334674109,-0.015212500162381477
2018-07-23,0.0018579851516435171,-0.004903253913456267,-0.004815949835095058,-0.00424926039014947,0.04740008411185143
2018-07-24,0.00501935456186267,0.0006879211116896315,0.00034477603659500224,0.009887043192739068,0.0884546416030793
2018-07-25,0.008486375732437048,-0.0006879211116897284,0.00550018047205447,0.01326375721480062,-0.029254690417220935
2018-07-26,-0.002361622484442489,-0.0010821468551522762,-0.00782971239395345,0.0034614219497075935,-0.028491418656974198
2018-07-27,-0.006799778639243483,0.001573803658833448,0.0005181795313150905,-0.010420418876011401,0.02648726157352419
2018-07-30,-0.005237125980045326,-0.0012787740225955536,-0.001555212880989931,0.015246329260443565,0.0018929037555089347
2018-07-31,0.004917159822133125,0.0013762678030795105,0.0029355602050311473,-0.01804353126984335,-0.05013794188199755
2018-08-01,-0.0016719845986202955,-0.002365319094170249,-0.007355188129705078,-0.013394601471836201,-0.02019234469295715
2018-08-02,0.00543295254510178,0.0011836348669831457,-0.0053993230298752665,0.01898120297170265,-0.0076040421112573775
2018-08-03,0.004275682386980286,0.0025597308294534452,0.003486767260953241,-0.006287076144319846,-0.017699946974245928
2018-08-06,0.003660573393117453,0.0004911493681729113,-0.005147198608389075,0.0027991593241903,-0.06711595979730203
2018-08-07,0.003297242739697616,-0.0020654796664372533,0.002271488910587502,0.003487916820129643,-0.028995953086401502
2018-08-08,-0.00042085157682453044,0.0008860034775010375,0.002788736658924094,-0.03255772701902756,-0.06853482384772068
2018-08-09,-0.001367067872762497,0.002750560646290645,-0.0014805645831976347,-0.0014398493690991067,0.040774573013564665
2018-08-10,-0.006722559251239421,0.004307251162977803,-0.00043582289228197795,0.014306381987610884,-0.06016427603596317
2018-08-13,-0.003750476506201879,-0.0002930793090482354,-0.015199092023381782,-0.0049839686253434785,0.018083705994485052
2018-08-14,0.006360400427652343,-0.0009770649667737404,0.000973327608104041,-0.001428604368947594,-0.015661306329478587
2018-08-15,-0.007495348954245459,0.002441512243450895,-0.016766621575930757,-0.034912603403233024,0.017398593339543036
2018-08-16,0.008058716294741404,-0.00029273615609846796,-0.0008097887609237462,0.008843085190925335,0.004146085616168998
2018-08-17,0.003514176394317404,0.000390538659592651,0.009228205066865915,0.004392354544334278,0.038083278208336936
2018-08-20,0.0021376112328749504,0.00311683359285424,0.0049818196508907165,0.005100240490024198,-0.042227815819996115
2018-08-21,0.002342866612971395,-0.001361930909199087,0.0029240568705197916,0.005074291021060674,0.028168761359932258
2018-08-22,-0.0005941978282576691,0.001848099504198169,0.0022095550764809732,0.03131932340737553,-0.017419128922693004
2018-08-23,-0.0013284892659200021,-9.726925644057862e-05,-0.009491353686729823,0.0,0.02450168206824125
2018-08-24,0.006000347932612796,0.0002921422466810654,0.017318039357996126,0.011149930366993946,0.027928230011097385
2018-08-27,0.007864399509767887,-0.002238153133284535,0.0037595032326643405,0.0048392554920467425,0.02421066676691009
2018-08-28,0.0004831122560414658,-0.0022429003369119085,-0.007973022006627225,-0.0048392554920466254,0.030277809712914813
2018-08-29,0.005366283490790286,-0.00029272529553327773,0.0045637840256251986,0.015813292115572284,-0.006945951847084595
2018-08-30,-0.00405706381156394,0.0018535124412406357,-0.004915718883921124,0.00612039673577441,-0.009829420799983127
2018-08-31,3.463674005057608e-05,0.0001949499597465156,-0.0011445940280617694,-0.002715545579214714,0.008469072019252824
2018-09-04,-0.0017234718106863495,-0.0022880286668637492,-0.005122797149079999,-0.008876815858883008,0.045021099837277645
2018-09-05,-0.0026950634216800873,-9.746556266293164e-05,0.003447511831347845,-0.006191980810988192,-0.08041781637747243
2018-09-06,-0.003014729836235431,0.002053428837068512,0.0019395335367870974,-0.013199189932779179,-0.03958783805725853
2018-09-07,-0.0019450736939094642,-0.004503671627182752,-0.0027340278330774677,-0.0013996123920221144,-0.009556698168818017
2018-09-10,0.0017371236702423947,0.0005885512293282884,-0.000706792407982718,-0.004913993418416489,-0.021470246884650407
2018-09-11,0.0032917185340502987,-0.0036351589771080545,0.0006184538252070439,0.027075610048828493,-0.0013437780737511058
2018-09-12,0.0002422850395520895,0.0011807110266455639,0.008355710260063364,0.012253342610799795,0.004829112103060521
2018-09-13,0.005897047110104853,-9.853778542836767e-05,-0.0035975648169408914,-0.019816156916410768,0.025723516554865874
2018-09-14,0.00017202453435416232,-0.0018699362026457311,-0.006526220333750846,0.0006899088897857804,-0.0007060768656483014
2018-09-17,-0.005308293403821825,0.00019734293536652882,0.005206771454576303,-0.0020710903291758453,-0.03619457011966312
2018-09-18,0.005411161340606235,-0.004145401157864653,-0.0014974516487718237,0.015089402523647237,0.01424242361641818
2018-09-19,0.0010651180804383338,-0.0016826377981361555,0.0038711539862427546,0.01687518999687701,0.004266345706214488
2018-09-20,0.008071075701144048,9.974093660940823e-05,0.0034188014897895418,-0.009414957960316982,0.01875390373168553
2018-09-21,-0.00091399558172978,0.00039600528690596757,-0.0068493312914384265,0.010752781438702515,0.032486665751885406
2018-09-24,-0.0033275533018060585,-0.0010903384607911938,-0.00017621292914007548,0.01919952795715822,-0.020936438692687763
2018-09-25,-0.0009281751713808074,-0.0009907875862287985,0.0015850681638403528,0.0013106461550945368,-0.02284124873972531
2018-09-26,-0.0029963968880121522,0.0032680176216406333,-0.005293338005935142,-0.010533395645426063,0.007499922625336217
2018-09-27,0.0027900449877182568,0.0,-0.008884998236125718,0.009878287292031359,0.027598692087246655
2018-09-28,0.00010341791484375529,0.0004941764000844691,0.0063164577082286105,0.016894503395033632,-0.004897601761743681
2018-10-01,0.0034681207628353195,-0.0025379392936897617,-0.0016864375351172442,0.027329273022400714,-0.008238038938529965
2018-10-02,-0.0005830058390820841,0.002578081551966039,0.011482223287117932,-0.005028289945385187,-0.005099772645630063
2018-10-03,0.0005483392940985352,-0.0074559206394824926,-0.003959744500981412,0.013145731679002301,-0.00819539381745712
2018-10-04,-0.007846018577772233,-0.0025975864347205276,0.0005289130805079614,-0.021371030558327626,0.011331035300968855
2018-10-05,-0.0056124535071277225,-0.0024039048335146355,0.0028159089867124108,-0.0031816884471163316,0.0069383488553248175
2018-10-08,0.0,0.0004012386911860574,-0.011133826368821452,-0.0006375056157252931,0.004482214661502917
2018-10-09,-0.001460919766040641,0.0019028745003119966,0.0005329800140063239,0.008888908664000304,-0.0014426384505712788
2018-10-10,-0.032175430305833475,0.0005000671447591062,0.0024835810584159217,-0.028206971530613325,-0.008634710127935695
2018-10-11,-0.022272800132769225,0.004091552679921147,0.025366544894876334,-0.02835668443987925,-0.051295382144624056
2018-10-12,0.013793236432677382,-0.0011956578493651142,-0.0047616679491750925,0.01130707610403272,0.0029271598167849833
2018-10-15,-0.00563280851391133,0.0005981465789381583,0.006660030947980057,0.0006611721815625741,0.05003871210879862
2018-10-16,0.02163034612952853,-9.968169493812352e-05,-0.0017255996137757622,0.003957753619039446,-6.521446177784128e-05
2018-10-17,0.00017804801707038887,-0.0028944495978147624,-8.637796161615032e-05,-0.02465968970736263,-0.00786572755709154
2018-10-18,-0.014546376164252755,0.0017972018995157737,0.001122068685606197,-0.017699527687414847,-0.010401673695689338
2018-10-19,-0.0005428164576229691,-0.0011980851746823606,0.0007761304849288288,0.010929059852906247,-0.0017462065653074937
2018-10-22,-0.004498817022823514,0.0001999971966205932,-0.0025893597255193914,0.0013577397919764238,0.003358409940001427
2018-10-23,-0.005103764299833766,0.0025930892195391727,0.005859562733875961,-0.048654475352606176,-0.0017619397642864927
2018-10-24,-0.030767113107391022,0.0053647810395192055,0.0023171370069294235,0.00071201347454566,0.0030990249977650625
2018-10-25,0.017781445531345058,-0.002380774127908405,-0.002231204310531111,0.011323535438335522,-0.0030141263870882
2018-10-26,-0.017743524113787438,0.004458875425984645,0.0031736109331066205,0.008409291722483735,-0.00023782477161892504
2018-10-29,-0.005555780921436009,-9.853542540346878e-05,-0.003947139978932357,-0.015471494983161372,-0.022194383606997586
2018-10-30,0.014709751471130045,-0.0021774249423932835,-0.004394427867848015,-0.005685866451180081,0.00025896418864301634
2018-10-31,0.010624150027940229,-0.0024806106160799126,-0.005628951974666804,-0.017254186042734886,-0.0026336269445917018
2018-11-01,0.010585724443599252,0.0008554514315453735,0.01277086763550321,-0.024221361988251786,0.009479090296346939
2018-11-02,-0.005940691460915433,-0.005586040152879632,0.0001715043948444399,-0.011206663117237324,0.0016700572222643
2018-11-05,0.005501860133946742,0.0006005355465797468,-0.0024032178261358607,-0.0007516143647683416,0.0048750831799336605
2018-11-06,0.006308118703503415,-0.0011007004610693242,-0.002839826579174042,-0.009063497339854334,0.0064204349103652286
2018-11-07,0.021182831730539028,0.0,-8.61993040877103e-05,-0.009146396250620574,0.010642787457474817
2018-11-08,-0.0018164303280738096,-0.001402240339463029,-0.002156939731312277,-0.016988845832593042,-0.011771661474414798
2018-11-09,-0.009816399901953137,0.003900659613667479,-0.011291663536045476,-0.010963331699554855,-0.0106081363243139
2018-11-12,-0.018862081706171267,0.0029908839515781164,-0.007188596482678694,-0.017474652184552738,-0.002249780872175644
2018-11-13,-0.0018727913638053636,0.000796281992334032,0.00035180582721631255,-0.06539358667287812,-0.001850602522267611
2018-11-14,-0.006860019044169263,0.0020858935721546077,0.008233404279793029,0.02199752282782176,-0.10277649273173681
2018-11-15,0.010382395362745144,0.0006950067470491,0.0011333182475063862,0.002507292060202268,-0.015864955827275286
2018-11-16,0.0025975358506884474,0.003069565251684656,0.0073788789662288,0.007484455348968228,-0.012915841594389046
2018-11-19,-0.017059447105440804,0.001482125186804072,0.0004323180677422659,0.005782804086030959,-0.13499103892158043
2018-11-20,-0.01867955779355109,-0.00019792338048499152,0.0,-0.07436144524206592,-0.09007563428611133
2018-11-21,0.0034015428169098722,-0.0001975044820517151,0.001641277459165227,0.021940326334595563,0.033203655465095516
2018-11-23,-0.006700942872996543,0.0005923964606010699,-0.0007771357154266267,-0.061764641035960646,-0.05701668937195936
2018-11-26,0.016015266397351017,-0.0007898483243336653,-0.0011235233509469095,0.010105704669432584,-0.14001743164228367
2018-11-27,0.0033588915109124253,0.0009873273952382322,-0.005984687209490868,0.0009136802061545243,0.010945085463912742
2018-11-28,0.02276424194470977,-9.850577910064768e-05,0.00373378036345705,-0.026841034420163338,0.10822444579237071
2018-11-29,-0.0021876435788103113,0.0025626591712524707,0.003115272664463216,0.019508286181337414,0.005020181260204391
2018-11-30,0.006076594797139469,0.001966887240531686,-0.001729479411524255,-0.012963176624406903,-0.06308129823555883
2018-12-03,0.013154850233145405,0.0021836711544471156,0.007501675441848404,0.0491008546890108,-0.031131695910708062
2018-12-04,-0.03293895889687869,0.004606582958391081,0.006080599945141696,-0.008017873646044447,0.015988811461090185
2018-12-06,-0.00151830440985328,0.002539358323573581,0.00017072178718187972,-0.021700736385888035,-0.11668536935118556
2018-12-07,-0.02350987827886788,0.002922017693707194,0.008077219150826301,0.015419814111754002,-0.029151749215485624
2018-12-10,0.0018949573007560408,0.0005833983469224526,-0.003477935715567025,-0.03293981817572827,0.023899334858293868
2018-12-11,0.00022728138673047454,-0.0025307317611477603,-0.0011903699128753065,0.018433684270128904,-0.022540327664477524
2018-12-12,0.005022736039273209,-0.002732056298186317,0.00212467676965701,-0.01194319363025131,0.018046272769709704
2018-12-13,-0.0003391681871243566,0.0005858626954826945,-0.0022097759847801487,0.035409995273460525,-0.05096896140814731
2018-12-14,-0.018637593414888205,0.0015615873008821472,-0.004007006751401848,-0.035409995273460525,-0.021718554248833184
2018-12-17,-0.019812991608410678,0.0029210597520649448,0.0068957425332182515,-0.03479428505486952,0.08944209528219259
2018-12-18,-0.0010972356520230744,0.002461814664760522,0.0023726710074086807,-0.06524050751278508,0.04148507479472932
2018-12-19,-0.01508909419049804,0.00349225075416465,-0.0061126025718981495,0.023221688695820135,0.013408299801074757
2018-12-20,-0.01641193603469495,-0.0012598508626047082,0.015295836918707156,-0.030397495397267903,0.09867679132172595
2018-12-21,-0.020702119126753928,0.000871877807548801,-0.004370461193212718,-0.015552472368380914,-0.05926230044008081
2018-12-24,-0.02677834569702962,0.0025161925321583647,0.01089057789030817,-0.029694624856559212,0.04566364705148646
2018-12-26,0.0492895496988482,-0.0047464653319926435,-0.003003949025405859,0.063596169888741,-0.05578674019702387
2018-12-27,0.007648480943822443,0.0025213561702511246,0.0075760760319352385,-0.028690465826778176,-0.0539162995271533
2018-12-28,-0.0012909134424667838,0.00540856949277325,0.004055775698519239,-0.00939956313517144,0.07104028607292981
2018-12-31,0.008720772257765411,0.0037503882606685535,0.0015682595209626012,0.013548942782280192,-0.047283429619104284
2019-01-02,0.0010397025872072238,0.002108686897048764,0.000659591337713554,0.019477861483309145,0.05223829160589126
2019-01-03,-0.024152198094422005,0.00791707498581422,0.00902531942317299,0.010101038089280461,-0.02742232180619206
2019-01-04,0.03294704107335872,-0.00810826840180509,-0.008119106827353268,0.0228525090991826,0.005452331614920808
2019-01-07,0.007853762731880315,-0.0027817883795790803,0.0034525160778516237,0.010747505038418521,0.042510901248586884
2019-01-08,0.009351271851788271,-0.002500413855253325,-0.0027117139907279018,0.020202711024708143,0.0013901547706836324
2019-01-09,0.0046626669639633885,0.0005774848481792607,0.006397649700215412,0.05105518806135765,0.0011030020343775215
2019-01-10,0.0035213628003983835,-0.0004814217453205329,-0.005904086348646452,0.004514697460094532,-0.0924592824929815
2019-01-11,0.00038638995217050943,0.00298030519012344,0.0017256811414607263,-0.018182388447055147,0.002291770109090111
2019-01-14,-0.006119642932496735,-0.000575954437728862,0.002378067354322114,-0.01945406845412085,0.005054984870562084
2019-01-15,0.011395664822163185,-0.0009611355187644917,-0.0017215161032263467,0.028586587014616627,-0.020548563372547957
2019-01-16,0.002416592641985414,-0.0005771961319754424,0.0031947551186356582,0.005439761235844491,0.006679301401546422
2019-01-17,0.007558397101634635,-0.0018293803938142842,-0.0013094038577051105,-0.0027162249781250676,0.006424485580328479
2019-01-18,0.013222154160311144,-0.0031851749846706543,-0.008966489387798326,0.025068518173326417,-0.005649816019732142
2019-01-22,-0.013602759921210116,0.0034749216533092576,0.0035468368649853345,-0.01694204869842973,-0.014668165057360693
2019-01-23,0.0020903728328569094,-0.0004823344439168033,-0.0014007184915951448,-0.006314833306151579,-0.005411671839448025
2019-01-24,0.0005314486598145581,0.003175938706285675,-0.0015678713054947328,0.010801174686528798,0.004381431105509742
2019-01-25,0.008425488426084147,-0.0023085625110154996,0.014511460180241248,0.0071365087390651135,-0.00030542026954499585
2019-01-28,-0.007629136362421016,0.0002885728721676104,0.0034938106026215594,-0.027028689806628467,-0.03658441182238729
2019-01-29,-0.0013278007234776195,0.0028847940326494647,0.005580978043920208,0.018996504436613958,-0.006456126661071388
2019-01-30,0.015707040684738115,0.002301345099324461,0.005710387238117351,0.02127737865777787,0.010978782970954
2019-01-31,0.008743976152322593,0.004587214626451918,0.00048105804332541224,-0.004395544401113802,-0.008176606850343018
2019-02-01,0.00048132229788350325,-0.0053653710864889955,-0.002006018726865743,0.02437019883364198,0.00868238253365107
2019-02-04,0.007010795541095489,-0.0022118128819053375,-0.0043467903708823,-0.011240941001516383,-0.008288761421215849
2019-02-05,0.004183067980450456,0.0017314808652027073,0.0025781491687657575,-0.01842966058646215,0.0020802425249583987
2019-02-06,-0.0013192246231924557,0.0007680841205180423,-0.006781846869660092,0.002653671033303085,-0.015287693750092953
2019-02-07,-0.009578614098987071,0.0032603286634206186,0.0024273450059934865,-0.02233232666332138,-0.004196583300843028
2019-02-08,0.0012209671169047275,0.0013392648144585717,0.003791101346321012,0.0009029552806786066,0.07569393609415692
2019-02-11,0.0005546706908311006,-0.0015305835677921623,-0.004923141507008373,-0.006337702910273306,-0.005016847229195102
2019-02-12,0.012777116375349255,-0.001341317617137655,0.0021013677593768472,0.01353197175728539,0.0013963105132088508
2019-02-13,0.0032417341709436915,-0.0024957764134675826,-0.003963908091330168,0.01600036847491353,-0.0058905436608690425
2019-02-14,-0.0022207895046399487,0.004697916678352796,0.005577307519395154,0.012270039261207146,-0.004190873583172263
2019-02-15,0.01083853208602368,-0.000956760542905674,0.005947180522781207,0.01983682985073146,0.0010859628225890826
2019-02-19,0.001728962391381454,0.0017220391122877872,0.015109582852092095,0.005959974688193254,0.08628175799766276
2019-02-20,0.0020134542387522476,-0.00019104442316780057,-0.0017378437981698566,0.012653106134899167,0.013269765098495359
2019-02-21,-0.0035620510002818215,-0.0029678098584759653,-0.011370537714508392,-0.004199938122786598,-0.01149189028232773
2019-02-22,0.006181091288228157,0.0029678098584758734,0.0035920768439101198,0.005874938848870427,0.012917451356471413
2019-02-25,0.0013595326242813923,-0.0015309946891200119,-0.0010363715360959395,-0.03231574758733027,-0.03114522819626507
2019-02-26,-0.0007151326491473655,0.002963995045831733,0.0016736332310033522,0.005172461541607876,-0.007325399279809829
2019-02-27,-0.00042941093874681414,-0.003538667696233338,-0.00711234367844341,0.022109763206885617,-0.000859279158257992
2019-02-28,-0.0018648370138408378,-0.002589988784384039,-0.005629776625606553,0.005033522838836801,0.0009701838898456305
2019-03-01,0.006224883440927371,-0.003287344610881764,-0.017163968380321165,-0.024567094580536915,0.0012440007407169633
2019-03-04,-0.00364442313591903,0.003085091184701959,-0.0026289836177433583,0.011935379799684176,-0.025726336642254186
2019-03-05,-0.0013613419448345967,0.0005770756467429758,0.0013153870929190252,0.001693438523767318,0.035213632013154125
2019-03-06,-0.006075117219428822,0.002786220401426955,-0.0009041270457165541,-0.005939745569189823,0.0019403387629408418
2019-03-07,-0.008400540765171884,0.0033521101630931784,-0.0008226265106168819,0.0050934251497289345,0.0019299650258204676
2019-03-08,-0.0020021120722640492,0.00143285970343652,0.010886084259377201,-0.006797042099549453,-0.0026502747112911442
2019-03-11,0.014397241583355301,-0.0007635553965523207,-0.004896357818091546,0.011021740981276035,0.0010493249311857955
2019-03-12,0.003763975559330045,0.002766992710808184,0.006035459879402026,0.002526374955982918,0.0010055701480762823
2019-03-13,0.006597715573309518,-0.0003815107706008396,0.006968612448215201,0.024918169492546195,-0.00062410552370009
2019-03-14,-0.0006404406041551292,-0.0014305359321812002,-0.011614284265949192,0.002458066525081204,0.00450815746490209
2019-03-15,0.0049283612386736425,0.0031450074308924684,0.00456433710702197,-0.0016380394900281467,0.009268473031698707
2019-03-18,0.003619616769493988,-0.0013329607281104736,0.0005690800870331783,0.008976038178621457,0.01791426446817403
2019-03-19,0.0002477994248177363,-0.0006672788386921524,0.0027594883221057557,-0.002440073309847798,0.009547038273958657
2019-03-20,-0.003014597783013946,0.006936099563771835,0.006463126873942885,0.017756743334276254,0.003992356946232674
2019-03-21,0.011231564965390205,-0.0004740391341840542,-0.004034541087699915,-0.004811590728468497,-0.014328401790338464
2019-03-22,-0.019434120534745976,0.007362619987956021,0.0023420233902432335,-0.0170251413102791,-0.0013307952232004976
2019-03-25,-0.0007522786055433313,0.00253556354048679,0.007633907060241407,0.0016340247212281787,-0.015249427623961401
2019-03-26,0.007426528303932387,-0.0008443873310728351,-0.0049754946888428755,0.017799844114906406,0.005538472822803469
2019-03-27,-0.005242611884066154,0.002906080193836073,-0.005243016760484571,-0.010479750263093552,0.02526980216177766
2019-03-28,0.003782805296423532,9.352627655972896e-05,-0.014253957303041619,0.000810063119673768,-0.004403784140031825
2019-03-29,0.006285886073102265,-0.001592431337955866,0.0009019770912032663,0.012072550346032765,0.007166825802505177
2019-04-01,0.011789507162786884,-0.006900199908277558,-0.003941890257643701,0.02527778337960515,0.014487790832901202
2019-04-02,0.0004897092675424899,0.0017010806955381865,0.003695988550420936,0.014711882429315273,0.1600419797683949
2019-04-03,0.0015725451055402203,-0.0031213111008941935,-0.0014767440573913667,-0.001538497054516753,0.018907492969508402
2019-04-04,0.0026496906103923466,0.0010420122565398399,0.0025419025120261784,-0.005403308803099366,-0.010150461847883017
2019-04-05,0.004828613452741573,0.0004729674442922627,-0.001065158454634802,0.017645225355108565,0.022870127391310363
2019-04-08,0.0007624018337630031,-0.0016095247268839905,0.004335552354601057,0.01883294887430688,0.04902759131296927
2019-04-09,-0.00513868535294799,0.0017985622611228402,0.005210460213684454,-0.005237550021834728,-0.016163226787921488
2019-04-10,0.003405337968075735,0.00236156144100743,0.0030808947099307334,0.0059835574477820124,0.02271680293391717
2019-04-11,-0.0002773499817798262,-0.002267273116792715,-0.012872932029622242,-0.010494803074675015,-0.050075525287191475
2019-04-12,0.006743105786708369,-0.004643610790475202,-0.0009844542413608548,0.0022581667284274818,0.004934263167637184
2019-04-15,-0.0006549953310448022,0.0013289850484284093,-0.0018896884121835308,-0.004521516346960882,-0.004416949710274036
2019-04-16,0.0006549953310447355,-0.0034212648062705896,-0.009004202217837268,0.009770849332607403,0.032703409546246745
2019-04-17,-0.0024500958504838108,0.00019052330166346787,-0.0019104067944000637,-0.006754258613625093,0.003123420280683767
2019-04-18,0.001967694680549009,0.002376565616018485,0.0007480072379889946,0.003007518260451599,0.008805048106448882
2019-04-22,0.0008612339600320009,-0.0014253662601884324,0.0,0.025937014115832577,0.018879200251623388
2019-04-23,0.008951548255213706,0.001805138482484523,-0.0020790892290242957,0.008740032721951818,0.03153767871024236
2019-04-24,-0.002221880580510135,0.003789029408339378,0.002909503431152912,-0.008008754536357163,-0.019479346575944603
2019-04-25,-0.0006161943452996458,-0.0012299191730662216,0.0008297251865102907,-0.011025512055932695,-0.047660910406896226
2019-04-26,0.0046460565760873245,0.0026477730622952215,0.006613259149985578,-0.03306083086800518,0.013123813423158957
2019-04-29,0.001566417286709397,-0.002079535805567185,-0.004459139554905491,0.010638351947797579,-0.0060789614828541125
2019-04-30,0.0005107088243140737,0.001984687457946759,0.003057434262503009,0.004524926328367429,0.019508686623198813
2019-05-01,-0.007545444017284379,-0.00045425234038548346,-0.0066225029075604345,-0.005281015232411518,0.009665964737195984
2019-05-02,-0.002160927502309628,-0.0028433702625945086,-0.003827907452540267,-0.0307244269345303,0.018809979754905393
2019-05-03,0.009740185623089108,0.001327616917825406,0.005902166622599615,0.003892585028106524,0.04666729598003433
2019-05-06,-0.004123666940162954,0.0025566380259217807,0.0013252386046357174,0.015420491570830362,-0.003731179580201647
2019-05-07,-0.016840900681255024,0.0033986858484298713,0.0033055276063594123,-0.02635812767692299,0.01428706601857112
2019-05-08,-0.0013900847099044104,-0.0018868863835291017,-0.002478073455137969,0.012490466976035362,0.025899955314045275
2019-05-09,-0.003030393039288496,0.0026400756359350867,0.002395550981643927,-0.006225694920304227,0.031601133315537946
2019-05-10,0.005011213896057239,-0.0006591498845558216,0.0018959191232165698,0.0023391614800014593,0.03255511923946928
2019-05-13,-0.025452073168631024,0.004982128093437325,0.010159840539079522,-0.012539337069036934,0.2030463997518023
2019-05-14,0.009002977987193123,-0.0009380922190488563,-0.0017133695443152437,0.014873039639396719,0.022709207625678487
2019-05-15,0.00584061869465076,0.0031859124285180014,-0.0005717761663673002,0.007740006200573995,0.02602089592487963
2019-05-16,0.009218858235460117,-0.0019671567473847308,-0.007216080906090217,0.013022020267986503,-0.03981349360704293
2019-05-17,-0.006486081535359854,0.0004687135916053741,-0.007102776783024275,-0.004576698988345351,-0.07108127725881802
2019-05-20,-0.006634061210121158,-0.001687469272738488,-8.290551782707826e-05,0.00533738941848616,0.08285706954868192
2019-05-21,0.008975078753463525,-0.0011276828459466203,-0.0023236423674714048,-0.0015220325839760387,-0.0018795372127934414
2019-05-22,-0.003076005554228246,0.003002644730917969,-0.0009975291545631813,-0.030153064852282523,-0.0362187635444826
2019-05-23,-0.0122940428386553,0.006070612369439522,0.007704775453647589,-0.05236795493070863,0.025934032858881368
2019-05-24,0.002265850024238422,-0.0002793789749569416,0.0010723379767872785,0.011513235021806536,0.01329951557921589
2019-05-28,-0.009343974352364278,0.0043679384992560185,-0.0038822269155751525,0.0,0.0877531280505357
2019-05-29,-0.006733286535336582,-0.00037063404298906755,0.0003309964016131658,0.0008173461151756568,-0.00695935212814635
2019-05-30,0.0027274337665968073,0.0036108212037154895,0.006761236816409685,-0.040005296451461676,-0.040056647967728856
2019-05-31,-0.013566823819142893,0.006633325541022457,0.013386857013473643,-0.05775881924829193,0.03019403993490808
2019-06-03,-0.0025460918298888468,0.004799458862539228,0.014329650783140814,-0.009959395095772788,-0.04356239154314412
2019-06-04,0.021474324360383358,-0.0036687825622402645,0.00031967486235552026,0.015350195691257638,-0.06300147834270085
2019-06-05,0.008624866311797147,0.0,0.002553665830468566,-0.035571409608527685,0.014996473539935253
2019-06-06,0.006481587742275404,-0.000183650029288712,0.0032623544765036684,0.026570500362328102,-0.00028224106582634646
2019-06-07,0.009957240619878432,0.003943950616478123,0.005624438342681366,0.015253693953564946,0.027977129076807897
2019-06-10,0.004578636585602587,-0.0049557650290262415,-0.010003215486538885,-0.010743155238379957,-0.005437662200411531
2019-06-11,-0.0002428718852144278,0.0,-0.0011975692988471266,0.0,-0.009117973017984032
2019-06-12,-0.0017664540604338328,0.002572646888226448,0.005179100221238763,-0.04322505656872614,0.027144739690551607
2019-06-13,0.00411774495106356,0.002474878949571695,0.0061006935016299476,0.022305735765589245,0.010388753446054437
2019-06-14,-0.00110562115683643,0.0007324449753053831,-0.0003160129284807664,0.005499506691382986,0.05471566495081175
2019-06-17,0.0003801289801027007,-0.000183144628921329,-0.0006322652864021801,-0.011954088169074001,0.06958652943068523
2019-06-18,0.010416766954868388,0.0019196357217201336,0.005047324392238259,0.039896458181857004,-0.025932150849555906
2019-06-19,0.0022545159605902344,0.0027353176466281895,0.006038970838080658,0.0070859396556866554,0.020894883881637273
2019-06-20,0.009509306211357099,0.0016382051050170148,0.024866155493817887,0.04487383146656209,0.02698349626412288
2019-06-21,-0.0014547922945642043,-0.0040997208451536375,0.00661369341666817,0.01007564210537492,0.062790586710018
2019-06-24,-0.0012254079566271685,0.0034627658046367028,0.014741593126273352,0.003336113271444303,0.08196681544062635
2019-06-25,-0.009856068980114856,0.0015452737987445688,0.0019392450876947497,-0.0008330053614967008,0.0684254031313087
2019-06-26,-0.00099792326231809,-0.004095907635019254,-0.009207653748305768,0.023879270686039678,0.09886766271923943
2019-06-27,0.003539239324804988,0.00300522729884749,-0.0009781791081800058,0.0,-0.15181967393698742
2019-06-28,0.005132612351123217,0.000454470027268229,0.0027063662544696662,-0.020551483761718278,0.10391011328681186
2019-07-01,0.009038045970230956,-0.00125682348502768,-0.019559428102497136,0.019737464261657442,-0.1590259165175732
2019-07-02,0.0026005316550805715,0.003548888206445408,0.02113481354805423,-0.04838307547239397,0.020439793649304375
2019-07-03,0.007963474915555442,0.0019062007156177873,0.0016477026920105947,0.005965134663009992,0.10197242314626954
2019-07-05,-0.001138272664969902,-0.006367212230688296,-0.011212861349998495,0.015177302251847914,-0.08573872330948126
2019-07-08,-0.005510287432625941,-0.0010043475336324258,-0.006453396174434407,-0.0016750007260837867,0.1125218171691108
2019-07-09,0.0012458081086530127,-0.0006393903445499167,0.0034976216131429347,0.009178175021962496,0.0231592932804558
2019-07-10,0.004766491098706916,0.0005479070970742886,0.015664164068756106,0.03989131088449698,-0.0337512276446848
2019-07-11,0.002341357403792348,-0.004944686780471751,-0.008479433149487648,0.0015949331789711565,-0.06788441618712997
2019-07-12,0.004467433909007239,0.0011005899976215035,0.006235244213343071,-0.0023932785412444702,0.039472753868564206
2019-07-15,0.0003324151194524896,0.0021069128736261795,0.0,-0.017728124349274198,-0.08114117347266227
2019-07-16,-0.00323079415891408,-0.0021981707997333444,-0.008498565150237166,-0.018876268059657485,-0.13937670558066412
2019-07-17,-0.006827825404757443,0.004666069752987377,0.01633123396202252,-0.026869769235445744,0.022551278856090203
2019-07-18,0.003654141045990534,0.0024618234187399855,0.01401922107283276,-0.016302341046914748,0.09561955306661926
2019-07-19,-0.005570375488974759,-0.0018226668436975174,-0.01483691752503857,0.009470553292824507,-0.012808461572604499
2019-07-22,0.002453128209795323,0.0004557909508900313,-0.0001487748968767623,0.0008565506920663852,-0.01797762558619315
2019-07-23,0.00712496343553857,-0.0016428712086134533,-0.005668654760058427,0.01106866221175278,-0.04370796659547665
2019-07-24,0.0046885440081964975,0.001459713843206366,0.005073447292028362,-0.01880399522275856,-0.009013724991008056
2019-07-25,-0.004788948012988797,-0.0017336632001484363,-0.007095118991376651,0.0008624604805014589,0.010131621144278298
2019-07-26,0.006678176142714426,-0.00018259118630777966,0.00164757936404381,0.0043010162698867834,-0.004199559341958318
2019-07-29,-0.001823022917485321,0.0009132894750398378,0.006637600502192369,0.01448683889183121,-0.036225536898156364
2019-07-30,-0.00245736176624387,0.00045629048796914977,0.0033393742390960437,0.021758200031587148,0.009231027857063211
2019-07-31,-0.011000859823394233,0.0025515026344949715,-0.013199706898717264,-0.00331674947862314,0.04857531814577599
2019-08-01,-0.00874667514799097,0.011278353866779271,0.0237382025873749,-0.06254710948290525,0.03066254026424243
2019-08-02,-0.007557766394533796,0.002071875498899804,-0.003819352910475418,0.014919023787118794,0.011330721144643396
2019-08-05,-0.030534660653942964,0.008600141308377034,0.013885007839557597,-0.009628053319254941,0.11547381708019212
2019-08-06,0.013925712011613592,0.0016041116905311777,0.008095529492025941,-0.02043603237922422,-0.02813163305123966
2019-08-07,0.00059049648438981,0.0,0.01507548681526026,-0.027299255230182378,0.03961210267399502
2019-08-08,0.01942995631198993,8.902838749456237e-05,0.005022054446004403,0.011009274912558846,0.0020443450527850055
2019-08-09,-0.006834337945421988,-0.001514967965732926,-0.003321683939870917,0.02877893739671327,-0.008684364496770227
2019-08-12,-0.01224821581475345,0.006311980100250962,0.009651773675578623,0.007067160673785595,-0.04133166407356546
2019-08-13,0.015431905183816383,-0.003551284126512822,-0.005977346952418699,0.04391581590945587,-0.04370714338940503
2019-08-14,-0.030013628585241012,0.006648396150709343,0.00681829671908825,-0.036898249708517496,-0.0806379719242745
2019-08-15,0.002638355860063677,0.006340423021136169,0.006632923311853109,-0.007898171734791078,0.025522045965721746
2019-08-16,0.014647166850788866,-0.0026370994996006572,-0.00642279632319684,0.004395544401113905,0.006071112000481698
2019-08-19,0.011975788854958218,-0.004764423460908044,-0.011765243129746363,0.022550845897713643,0.05089918277860038
2019-08-20,-0.0076921670599596715,0.004412369767961074,0.007765153200510364,-0.0025761914651854663,-0.01409860264611838
2019-08-21,0.008102749952625837,-0.002645406725127248,-0.0031694374885161206,-0.0017212102322177218,-0.05984026786228671
2019-08-22,-0.00030777649226882553,-0.0022093130256256414,-0.002542737809443374,-0.0069144550170160204,-0.0006901282262681483
2019-08-23,-0.026023453884642025,0.006701860743762718,0.0194004358255685,-0.029931826296912035,0.026965838908487968
2019-08-26,0.010997901971682053,-0.0009669183442949864,0.00013874512727632068,-0.000893989801040758,-0.0035752398936555367
2019-08-27,-0.0039314157976546435,0.004301320014295429,0.009525229640210546,0.02123971588506069,-0.018030983225030404
2019-08-28,0.007017018423938844,0.00035047395555490914,-0.002820513317677276,0.019081260889778403,-0.04324433232151661
2019-08-29,0.012692073185763491,-0.0019280491668110969,-0.007190355573252848,0.01195568375708668,-0.025355880586420892
2019-08-30,-0.0004443474068189973,0.0002629422210216096,-0.0025705723222454796,-0.02754044094016042,0.009207926773968323
2019-09-03,-0.005864362942809438,0.0021941370137128447,0.013817145553141903,-0.021164790721390606,0.10149944313938315
2019-09-04,0.011286109468472735,0.0015764940016663152,0.006224182405113975,0.04274525697335767,-0.002737943980703232
2019-09-05,0.012773842307212166,-0.008084927156855123,-0.02429383958928248,-0.0008543553656814744,-0.0017912085396542573
2019-09-06,0.0007719914440788626,0.0006175719267275319,-0.008559662387184017,0.005965134663009992,-0.021237571181720684
2019-09-09,0.0005029294752832538,-0.00619206144271743,-0.0037414803722944866,0.02599722602634983,-0.0017718372091034054
2019-09-10,-0.0002347825998922936,-0.0073026168455695315,-0.008594766463448816,-0.008312631714299452,-0.021417820975587025
2019-09-11,0.007085630303576646,-0.000983498012367741,0.0060453662250154515,-0.025360550948501346,0.006149168432955224
2019-09-12,0.003458344229623384,-0.002239827845903653,0.0020542492696135994,-0.018143049106236618,0.022513994030435
2019-09-13,-0.0006644236706798266,-0.009188392667695553,-0.008313640257218174,-0.00261900515003773,-0.004774055257204667
2019-09-16,-0.003093474672518462,0.004334781608954231,0.008313640257218249,0.11467022340914805,-0.008116684239868088
2019-09-17,0.002529054112221372,0.002609654561094704,0.001979350045407386,-0.04300025220697764,-0.003462462705750272
2019-09-18,0.0005976184705423139,0.00035930292676408115,-0.006305141849164153,-0.015580436344921483,-0.004209930227213259
2019-09-19,-6.628438174148713e-05,0.00044896761494558944,0.004042645700960864,0.007410424941033927,0.0066619464013658175
2019-09-20,-0.004735774803666515,0.00573098657440192,0.011751169204553406,0.0008200270350531057,-0.00829163618618558
2019-09-23,-0.0002348845923962362,0.0014272440884556203,0.005580782257567522,0.0008193551416479644,-0.045441815222616234
2019-09-24,-0.007877943917394364,0.00498074569198013,0.00527299162043293,-0.025716923185649804,-0.1209936495214672
2019-09-25,0.005897383190593584,-0.006586558917306685,-0.018719501081169466,-0.00843882042561318,-0.015616015371176536
2019-09-26,-0.0020855566477893293,0.0021413765824011303,-0.0002821278180384957,0.0,-0.04433175093227527
2019-09-27,-0.0054012841619679765,0.0014246903020265701,-0.005161727926224835,-0.011935379799684245,0.01623387232043621
2019-09-30,0.004626828810904367,0.0007998854495952135,-0.015647105922203676,-0.02782785608057803,0.005079569443804085
2019-10-01,-0.011965966663674735,0.0027659332650632187,0.005457893373498284,-0.013315826930753194,0.005939522648697366
2019-10-02,-0.017822903113522453,0.003457003287701026,0.011606023170116823,-0.018945090433871735,0.005947039319423827
2019-10-03,0.008159543859895892,0.005207947108995903,0.004520416059329575,-0.004564064281324912,-0.01597938661828606
2019-10-04,0.013441589442343421,0.0019347341278211296,0.0,0.010013707284229146,-0.00656542608285994
2019-10-07,-0.004324487608500406,-0.003344736218964021,-0.00856363541098911,0.0,0.00482430416150488
2019-10-08,-0.015646485861632416,0.002113938620262127,0.00870459991703739,-0.013680068922315245,-0.0020443649815999844
2019-10-09,0.009451838715918051,-0.0025544414831437695,0.0009156241246349503,0.0091407791178648,0.04362860415666088
2019-10-10,0.006740904565497945,-0.006281993956407467,-0.008767683192965708,0.01803473723541785,-0.0010786272982693222
2019-10-11,0.010313487905614212,-0.006857454884987166,-0.005554769940672898,0.02034572608402001,-0.03131474095669686
2019-10-14,-0.0011144160259684139,0.002766147192010601,0.003991150393420187,-0.021239715885060614,0.0063402562653607645
2019-10-15,0.009851712090972789,-0.004823500229765724,-0.0069950016712766044,-0.010791460989319174,-0.02042493372661194
2019-10-16,-0.0016073457065461454,0.0019679661549892253,0.005713914835703777,0.007207231283841115,-0.019423891941978407
2019-10-17,0.002944829724459556,-0.00035754623298142103,0.0014233647353723328,0.012488957079089718,0.006981979739066776
2019-10-18,-0.004386770979818841,0.0008933419830291194,-0.001067306413452129,-0.0053332985032367684,-0.016259940076949107
2019-10-21,0.006756127316668807,-0.003668729467028905,-0.004781550075213642,-0.0008916834068991662,0.033364922681691965
2019-10-22,-0.0032720182019037288,0.002328579553605844,0.0029287043785159624,0.0115300712683183,-0.02028232136663908
2019-10-23,0.002905202327100675,0.00035738108695444374,0.002351027592914482,0.026969835512198333,-0.07231210270483085
2019-10-24,0.001632994325440453,-0.00017879644048561898,0.007090719694468963,0.006843476372820875,-0.0028228801699561206
2019-10-25,0.004086457558478207,-0.002148950102372231,0.0023289599557340403,0.008489047900755609,0.14476109386093217
2019-10-28,0.00562065054385721,-0.0037708095392144487,-0.008637230479381003,-0.015332524273576596,0.066492453389752
2019-10-29,-0.0002966240105573026,0.0008991295664681211,-0.002776885194246242,-0.006026681711100929,0.018362811918533402
2019-10-30,0.0030623217924463718,0.004842045428649866,0.005475210184932403,-0.00954451113451802,-0.023825095718831422
2019-10-31,-0.0026669538535039465,0.0063303180043923785,0.009948844935468628,-0.014932211824421322,-0.0006673727616756513
2019-11-01,0.009221476160810298,-0.0018887512850273298,0.0009123470738276627,0.03393099699113524,0.006664947063719231
2019-11-04,0.004009811910965554,-0.005096704289169071,-0.0028801514371747305,0.010212926151275472,0.01622720733621759
2019-11-05,-0.0011070311766254737,-0.005392957402406149,-0.016312331868591004,0.010109595950462544,-0.007473715309565572
2019-11-06,0.00022802807875758964,0.002880031312635575,0.004281068530555171,-0.01010959595046244,0.0019624814591623348
2019-11-07,0.0035105104579214387,-0.008029796624916853,-0.015643205521891117,0.005909657827675809,-0.010018996001742247
2019-11-08,0.0024633645104309423,-0.0013599498769062764,-0.0063847338065501705,0.009216626382455856,-0.05121408380627322
2019-11-11,-0.0019118159014999778,0.0010882557663126746,-0.0024048241483873045,-0.00837521037242228,-0.005362839378222957
2019-11-12,0.002105798310185297,0.0004523717359853127,0.002695874927586959,-0.0016835405972190289,0.0065865532404471615
2019-11-13,0.00032369325773987757,0.0027137922579717165,0.003994072881030811,0.0075535527316445954,-0.0008397010971480578
2019-11-14,0.00145456172961635,0.005045657553139034,0.004194711040663475,-0.004189381156568845,-0.011437202181483985
2019-11-15,0.007210411102703297,-0.0008093428152776448,-0.0025291110010524226,0.014172815635481811,-0.02512939756383665
2019-11-18,0.0007374851701804126,0.0017074649351785515,0.002962025072169786,-0.015012818129741251,-0.021749923275093855
2019-11-19,-0.0002887655466012166,0.001883500008806035,0.0005049030061831341,-0.028122853232090857,-0.01249037483855615
2019-11-20,-0.0037256356935577595,0.003667945765090922,0.0005045382424530197,0.028122853232090718,-0.022039071560940312
2019-11-21,-0.0016102619668496726,-0.002503346616181896,-0.005492097356825017,0.024897568044001943,-0.049086768125686187
2019-11-22,0.002221428053950597,-0.00017914331700012305,-0.0018857951599790925,-0.007404406890556329,-0.04635206471928927
2019-11-25,0.007720651909601415,0.0004475545990623421,-0.004803179633254922,0.0,-0.02083393968057909
2019-11-26,0.0022627288636009684,0.0018775936623057561,0.004803179633255016,0.006584379855503273,0.010057835510045162
2019-11-27,0.0044479357548948125,-0.0025933547696398896,-0.005314014225370608,-0.0041100951585080455,0.04248662643530125
2019-11-29,-0.0037159328721321685,-0.0008069213464451207,0.006184806112979683,-0.04377807233649538,0.0300266422291613
2019-12-02,-0.008530806042000199,-0.0035965911995566664,-0.0005079436043828876,0.004293711260928543,-0.058260671619511886
2019-12-03,-0.006729238733790767,0.0088786252506605,0.009534253178573626,0.0076825090971441535,-0.0002517083198087148
2019-12-04,0.006151136264295137,-0.0038467031991049013,-0.0013667767637935283,0.035911947136930675,-0.00934813254089389
2019-12-05,0.0017967600085887117,-0.00233314461637042,0.0005757184354598549,0.0,0.026704767756073822
2019-12-06,0.009092309446911313,-0.0030589204827044577,-0.009977704836757457,0.010608024264459481,0.013162839304284675
2019-12-09,-0.003148955723474214,0.0008105269398895012,-0.0002906488870483782,0.0008113776539731411,-0.019548145146260902
2019-12-10,-0.0011155776463990365,-0.0011708813908396817,0.002830699660654389,0.004854412362131144,-0.016728999152694785
2019-12-11,0.0028346725368639906,0.004137883158631624,0.006861935627691577,-0.007290445465444954,-0.008373983817170333
2019-12-12,0.008581946676712518,-0.007931760680050354,-0.0035334849047766476,0.005674899267636442,0.0035554716584630377
2019-12-13,0.0005989128417444975,0.005865244555432583,0.004468872836715887,0.009654128659371554,0.0036588787977558162
2019-12-16,0.006846585185280165,-0.004689178351456638,-7.198939739749056e-05,0.007974554363745601,-0.04749522159367947
2019-12-17,0.00021881252651274777,9.029602243150914e-05,-0.00021577975709612248,0.010272718728782075,-0.043028139847750044
2019-12-18,6.258445407363528e-05,-0.0027148141009401164,7.200493236905694e-05,0.0015710532736032035,0.09150203958984561
2019-12-19,0.004090827380634029,0.0007801395325783792,0.0025862126377012157,0.003134795876705592,-0.01021559978849091
2019-12-20,0.004374643815339436,0.0,0.0010039397404910592,-0.0118064826316772,0.002215025702357289
2019-12-23,0.001526662298149409,-0.0009072939807890792,0.003077203372165587,0.005527033022613976,0.01877478450987132
2019-12-24,3.0927417115905317e-05,0.001723294656371064,0.009387789011397068,0.005496727445197771,-0.004509590580982912
2019-12-26,0.005309388537116722,0.0014484347921087787,0.00782659080315549,0.00935313769465962,-0.011477712142868366
2019-12-27,-0.0002480068514989724,0.001446339862764523,-0.0003512560225688557,0.0015503494532850275,0.007037180653861685
2019-12-30,-0.0055284248204559685,-0.0006325929602091482,0.0021055808220621446,-0.0015503494532849685,0.0003986452276054964
2019-12-31,0.0024266837785672274,-0.003622279431155057,0.001891143454574884,-0.006225694920304227,-0.013722694823239307
2020-01-02,0.009308226439830357,0.0046160694698807484,0.007320953634035891,0.0,-0.029359311413479416
2020-01-03,-0.007601083621684261,0.006661033328189769,0.013181265882528811,0.02847440356321523,0.050171745960031294
2020-01-06,0.003807608295196145,-0.0010775948410543903,0.010434868967011986,-0.0015186379264742413,0.05616562099224607
2020-01-07,-0.0028155024519129906,-0.0014375985439315391,0.003927428056507489,-0.002282217271654169,0.04952688932640552
2020-01-08,0.005315085438773475,-0.0023409935296956675,-0.007529802584635164,-0.03645229236741834,-0.010321673202805576
2020-01-09,0.006758099395407582,0.0007208645012783954,-0.0056676844863565315,-0.01351909885099501,-0.02516485111441786
2020-01-10,-0.0028819492723918447,0.002159155649523004,0.006008107616788398,-0.00642571889132259,0.0358370170573265
2020-01-13,0.006853632127891761,-0.0011689367786335463,-0.007447144703816297,-0.017066650815750945,-0.0027417352722781674
2020-01-14,-0.0015254439357642782,0.001978069653602837,-0.0008919411826434922,0.006535964868773553,0.0805965063783667
2020-01-15,0.002257023567010655,0.0025117280058148243,0.005817289492435278,-0.008176613636745635,-0.0023537488141357047
2020-01-16,0.008284202176722245,-0.002062988705945345,-0.0015707412123407796,0.008990633136806635,-0.009494746324859216
2020-01-17,0.003107344429753449,-0.0008081195819828551,0.0018437252860089575,0.0032493905145450537,0.023255338715640103
2020-01-21,-0.0019598900456680953,0.003945207023446087,0.0010909837309721073,-0.0073260526039015976,-0.02072427811237755
2020-01-22,0.00012064947114001891,0.00017928203139028898,0.0003405975107135845,-0.02817089032347976,-0.007461951294768086
2020-01-23,0.0011462034055816708,0.002502300657456709,0.002245598875511729,-0.02037420022529741,-0.03211536772319544
2020-01-24,-0.008932587162162609,0.0035632217162356646,0.0058285535187767275,-0.019922663329643896,0.00461893300829455
2020-01-27,-0.016159306222098813,0.006736666830936916,0.006802125843070944,-0.029296361821332474,0.05352795690272583
2020-01-28,0.010424303380878052,-0.003362460160362505,-0.00896686803661793,0.013422985965499316,0.04914065669354804
2020-01-29,-0.0008260439519952641,0.004774949771590932,0.005403248480831511,-0.008032185370014456,-0.004493658672814258
2020-01-30,0.0032399671752652162,0.0009702593872090929,6.731894098032181e-05,-0.007194268847012137,0.020437036918080173
2020-01-31,-0.01832490756094189,0.005010702044901751,0.005775708477189364,-0.02189866434552886,-0.01680504867594127
2020-02-03,0.00740110465180404,-0.0008522020415389508,-0.006516877595597702,-0.03282060949871829,-0.006115408162597332
2020-02-04,0.015126522614245512,-0.005816869288619874,-0.013094308186782415,-0.004777858327833979,-0.0121854536490776
2020-02-05,0.011481493952892299,-0.00434093825363979,0.0012285555646719122,0.024599181380850797,0.04602834799275258
2020-02-06,0.003359629152882819,0.0007100146225235886,0.005373934234125879,0.0037313441273882603,0.012033084493942919
2020-02-07,-0.005344263352864462,0.004779398054893003,0.002642363450658169,-0.015009648550555185,0.0067748353927720014
2020-02-10,0.007437875500855614,0.0019403580232106058,0.0025679490647931946,-0.01523837557190871,0.0061740737967538204
2020-02-11,0.001731507258861105,-0.002382131554057878,-0.0034478924308700464,0.007648213516381114,0.03505244674627077
2020-02-12,0.006422242930024101,-0.002565230335333764,-0.000813078481224605,0.029096413305094455,0.011475404940052
2020-02-13,-0.0010674804655408988,0.000885300197517024,0.005677303718111386,0.00277133961930161,-0.010873762642183454
2020-02-14,0.0016005948510887955,0.002474312334513486,0.0041697222765956264,0.010096428755927084,0.009523015160699344
2020-02-18,-0.0025802037145449194,0.001587749357360999,0.012737350951843347,0.0,-0.016634702842213998
2020-02-19,0.004769543365233984,-0.00017656637827195373,0.005814285510176441,0.02078705617973347,-0.05144998404328957
2020-02-20,-0.004116696203135171,0.0029046032199042462,0.0040763395182913265,0.008904727373611657,-0.0025892656683303506
2020-02-21,-0.010351403730194667,0.004034154324882382,0.014913455926308593,-0.01069527911673112,0.008081532009711982
2020-02-24,-0.033728037705614645,0.007759856785401307,0.008945002656717951,-0.03836087551085429,-0.0037510848528392524
2020-02-25,-0.030770796611620573,0.0027756810655392133,-0.01803593472393269,-0.03216929830201556,-0.03248723753845248
2020-02-26,-0.0036849214278933183,-0.0005197656210444625,0.004360980385151266,-0.02039896341217621,-0.057407687925487366
2020-02-27,-0.04595110141211729,0.004840827558750406,0.00019481624361363943,-0.04106734931220223,-0.004092966388449268
2020-02-28,-0.004210802907040241,0.011147981245060112,-0.03717601874476565,-0.03432473542109871,-0.012836217768337236
2020-03-02,0.042395190029759555,-0.0006829009638290363,0.005511083646655957,0.04853820766563553,0.022485662721176816
2020-03-03,-0.029050461603826253,0.011552765575409973,0.030950390194086085,-0.0030287486389522795,-0.009274764811755473
2020-03-04,0.041173669415227265,-0.0021979745123284584,0.001752990351755443,-0.003038046553959492,-0.0037097436703969933
2020-03-05,-0.0338068073653336,0.008848295825082191,0.021370951204574475,-0.025681946538163754,0.03628484201142127
2020-03-06,-0.01666934456000795,0.010100912644159693,0.0003808885074389379,-0.09603886984081954,0.004811004368074786
2020-03-09,-0.08131231054649395,0.008929600896257005,0.0016488747161249012,-0.29189094440262797,-0.14089765259142117
2020-03-10,0.05045063247279094,-0.018527115288955745,-0.02132715182628954,0.104746801770931,-0.0017576850801850666
2020-03-11,-0.049976850287241976,-0.010029231543777753,-0.0035667044227174947,-0.042319392020375254,0.00021498848832731012
2020-03-12,-0.10056887431056999,0.0005080624654800615,-0.04070560424243849,-0.0593646231274991,-0.46473017533977296
2020-03-13,0.08202811006965667,-0.006540073272145184,-0.03099155256530076,0.06224232019097832,0.11268622219754491
2020-03-16,-0.11588643070878307,0.02607395771963676,-0.011512126298224866,-0.14012117625804185,-0.10393489512484624
2020-03-17,0.052584913068917785,-0.02539239921464451,0.01346442633870517,-0.05783927322052366,0.04124552567019178
2020-03-18,-0.05195988585750915,-0.013978149994343594,-0.02012310684271081,-0.19253111422117827,0.002448204386069575
2020-03-19,0.0021228449669542567,0.003276481508927893,-0.019086492837834465,0.1311399710821438,0.1671043242496126
2020-03-20,-0.0440503181844079,0.025158438569368714,0.014884383146683595,-0.08346254442669526,0.0012244500086869695
2020-03-23,-0.02590075500541602,0.011765065217890764,0.043231496146295734,-0.012220099466856578,0.0344917287128044
2020-03-24,0.08673098597236205,-0.006825343272460125,0.047389520259250466,0.020284651550515558,0.04844470857364082
2020-03-25,0.01485925284549324,0.000584424670224518,-0.013784208180364264,0.019881351705318302,-0.00801155993972081
2020-03-26,0.056748430866518575,0.002417534446535196,0.012740714714697083,-0.050464794703263996,0.005281211361417012
2020-03-27,-0.030238186694938118,0.007384348154878112,-0.006481449089244015,-0.07745809018014796,-0.03741337669931112
2020-03-30,0.03195959290368185,0.002311695578886754,0.004390990264267052,-0.05518636412120036,-0.006195005493668829
2020-03-31,-0.015017541248302568,0.0018123042544983495,-0.032364821693651916,-0.004739340811956353,0.001368107409615196
2020-04-01,-0.04604913498454324,0.004063052750384957,0.009411793149400162,0.039586093761089285,0.025777803165675912
2020-04-02,0.022813361455996176,0.00016426773073546468,0.01626050111056189,0.15415067982725836,0.02788875596596145
2020-04-03,-0.014559758255687515,0.0007382428913284553,0.004925309776577716,0.14375293673196893,-0.008906283829348233
2020-04-06,0.06500674820212043,-0.004520275073221795,0.02733353381543522,-0.0738472626351578,0.07692295853833174
2020-04-07,0.001018778038090079,-0.0044581771208150114,-0.005368871400719198,-0.0738272439000818,-0.013201383140758695
2020-04-08,0.03301739007769694,-0.0012424613222895631,-0.008947881947437637,0.05355002666920971,0.021734626116209514
2020-04-09,0.015102702480431178,0.0021519142538946458,0.025788169295063085,-0.07539799234303635,-0.004373997983961782
2020-04-13,-0.009171755323705417,-0.0021519142538945642,0.01699510551392902,-0.010090941631732705,-0.0646365688375548
2020-04-14,0.029065636213565775,0.0013248544697017604,0.007837301543346824,-0.056323537841474744,-0.0003813508563592871
2020-04-15,-0.02147657910526359,0.008896059046624518,-0.005115017933585634,-0.05061587008607436,-0.029712937076683203
2020-04-16,0.00481251244899758,0.00106596376732208,-0.0008653689753940822,-0.015927457323784706,0.06902911272643515
2020-04-17,0.026657295471632064,-0.002625149141643119,-0.019608466717140425,-0.035009431228183584,-0.0029015210954838368
2020-04-20,-0.017775204834977004,0.002625149141643032,0.007100853720992193,-0.1157068167730092,-0.030653978575733924
2020-04-21,-0.030833686842534954,0.002780834818195041,-0.006848673348053854,-0.2885713769998179,-0.00023764284804566149
2020-04-22,0.021951596205879845,-0.003108731064749541,0.019479888950845802,-0.1129017136383083,0.033849812461733006
2020-04-23,-7.167371854840237e-05,0.0006551684292145079,0.009905643795524405,0.05049620755046064,0.04297334717626114
2020-04-24,0.013842603432396412,0.0002457896543636255,-0.004294729942651925,-0.02687308396309075,0.016178084496425684
2020-04-27,0.014315400812716648,-0.005336221406534625,-0.00666258998355511,-0.1600043029750905,0.03189273191170601
2020-04-28,-0.004608845899919254,0.00435351247829057,-0.004466516323334757,-0.027779536507009785,0.0014686626299017075
2020-04-29,0.02584145282272507,-0.000492049342951839,0.005518192454017435,0.05480818276686606,0.11984140644428902
2020-04-30,-0.009354145695497966,-0.0023807070937893913,-0.018282683683788697,0.060363193620049715,-0.01632197818592355
2020-05-01,-0.02683022394463765,0.0013810891304170746,0.0061522933833428935,-0.013691641948678532,0.02353691044657035
2020-05-04,0.0027542560920130197,0.0001645525002178394,0.003498676361159418,0.042051326712127586,0.00538748690425361
2020-05-05,0.009196910599833968,-0.0007394785001598455,0.004232069630406605,0.08942331764069278,0.010093566989645255
2020-05-06,-0.006801492689864182,-0.003706657149822454,-0.012938939248234135,-0.031163987379635834,0.029084126239824877
2020-05-07,0.011994304582703431,0.006087662925302862,0.015234124108560072,-0.01839360041151441,0.07107536685466279
2020-05-08,0.01641092462900777,-0.0032860498807847334,-0.006028427741239837,0.04769621377985724,-0.010998547172291293
2020-05-11,0.00020501317170190306,-0.0028016130445181024,-0.006253147010599243,-0.014071491158418683,-0.13475560405655743
2020-05-12,-0.020132544552948477,0.0032953278913885986,0.0038815245238018456,-0.00949227658099905,0.0232893964825246
2020-05-13,-0.017844419813846667,0.002053774326585665,0.009576645345897673,-0.017801717856162382,0.05152160673099469
2020-05-14,0.011896580815263137,0.001558241201828755,0.008811127536123346,0.04043358662881521,0.048814308336527425
2020-05-15,0.004586143698508386,-0.0006556463466818202,0.005627947839551041,0.04288972240835763,-0.04255454133663077
2020-05-18,0.030004738107506992,-0.006169324367779359,-0.007592898231851983,0.08227336300873679,0.04182007312762408
2020-05-19,-0.010324103688739575,0.0028017529290592855,0.009603940342589153,0.005333389795786328,0.0002531804680276828
2020-05-20,0.016845409581845012,0.0002469045484304355,0.0023714668825757603,0.036163024759435454,-0.021407053865041548
2020-05-21,-0.00692778533707041,0.0006577689213584561,-0.014683616168536867,0.04852704921400598,-0.04743978112005262
2020-05-22,0.0018972614559397377,0.0018887345530177273,0.005899400714775776,-0.03949145276044047,0.011039704675422358
2020-05-26,0.012245507299519138,-0.0026293659608692672,-0.014316858429627,0.003513575872782988,-0.03858082580067597
2020-05-27,0.014768916545849895,0.0008228406081136847,0.001800809585778032,-0.026057528372762276,0.038410971222694656
2020-05-28,-0.0018462068806211112,-0.0009047471859315625,0.0033447448656947374,0.0011993080083826145,0.03686071480897355
2020-05-29,0.004445621459021317,0.003203274598583435,0.007331471236597383,0.03339530432824129,-0.00913557886418624
2020-06-01,0.00403398517862782,-0.00039384814731874865,0.004593203918142176,0.013052014942875778,0.07431041356890652
2020-06-02,0.008245753357129418,-0.0016442590907086642,-0.006497892824854574,0.031903640204930514,-0.06474947480283666
2020-06-03,0.013220401623582529,-0.005939765721738674,-0.01862251139241922,0.0018454016647477243,0.013229694990896244
2020-06-04,-0.002630220696985266,-0.003979535262917884,0.010471254055873179,0.013914510655146888,0.014793539385652563
2020-06-05,0.025306713684143792,-0.004997168789403273,-0.02048368991541374,0.04861701807171153,-0.013881075272663914
2020-06-08,0.012014988505872364,0.0010844660120781044,0.010764002439043798,-0.017470744341757487,0.010902606554413228
2020-06-09,-0.007484476634049081,0.003580035025498786,0.009595645355064148,0.0017608469509909793,0.002474647666023554
2020-06-10,-0.005595800239154377,0.007451561912856084,0.014223142854853236,0.00035181104372475716,0.00756591700730524
2020-06-11,-0.05937746447891351,0.003540754095974653,-0.007240232329265166,-0.07559720360842939,-0.05715571914128428
2020-06-12,0.011904777716666278,-0.002221651028094537,0.0014153150353447643,0.00265200737399923,0.01691958379014404
2020-06-15,0.009292406332074076,-0.0008242910930055157,-0.0017848491512042477,0.020596093650066358,-0.0031842753035456377
2020-06-16,0.019064997523556938,-0.002063185180395103,-0.0004929560183834836,0.02416814300445346,0.00919733936802677
2020-06-17,-0.0041627661617136815,0.0015683732055206232,0.0019087937874243815,-0.013110118671734063,-0.006075177257296805
2020-06-18,0.00038502657100097817,0.002224802337021506,-0.0019703951105462295,0.02211432160960262,-0.00724264397501192
2020-06-19,-0.00573149827452527,0.00032916882284058323,0.010972576221366465,0.012117046294740684,-0.013243316204145586
2020-06-22,0.006394484005781607,-0.000905549172522714,0.006441427074830093,0.026220695046794307,0.038099791204587015
2020-06-23,0.0045932894774972964,-0.00032931891945923807,0.008384398864595731,-0.009012200824934898,-0.0019773010491619188
2020-06-24,-0.025839717901331927,0.001892511144814156,-0.0034899960158010397,-0.05254019916250034,-0.033370923273779836
2020-06-25,0.010663588650752674,0.00016450955247960993,-0.0006028992986150158,0.02500585183400836,-0.005253081495321345
2020-06-26,-0.02403793660179604,0.0027098808972619614,0.0044532193863769335,-0.020977257880740802,-0.011059043986902698
2020-06-29,0.014590391311591292,0.000982937152301407,0.0005403343600226875,0.0327190728355382,0.003044229198297665
2020-06-30,0.012728336757419582,-0.001803454255376264,0.004431086497931087,-0.0074561322564461185,-0.005768117633966839
2020-07-01,0.006979971522909499,-0.0015619039878758292,-0.004491160110102202,0.01028198798787054,0.00983678469207803
2020-07-02,0.005492103236228745,0.0012332575715937608,0.0021582779375089872,0.014010723613876177,-0.011433924918011266
2020-07-06,0.015319550977516494,-0.001480209981660329,0.005970880083946397,0.007277768660642515,0.027253540738286192
2020-07-07,-0.010367832881336855,0.0032040130863956054,0.0062904343270385864,-0.005887399479732302,-0.013227475028494522
2020-07-08,0.007619545734616588,-0.0015596509039817207,0.006192353605402356,0.013455417128758659,0.01884958505462196
2020-07-09,-0.005708998163001277,0.003198462997521058,-0.002708063902871328,-0.026742363057853515,-0.016076772716190905
2020-07-10,0.010158833345505543,-0.0019668528159816675,-0.0025972650920347735,0.02158861119432621,9.051613040455209e-05
2020-07-13,-0.00869657987186586,0.0010658311752558731,0.0012403879870823364,-0.01842571441489613,-0.0038000863994744785
2020-07-14,0.0128757971529423,-8.210530374311544e-05,0.004652728164010819,0.013245197690692111,-4.331631390260929e-05
2020-07-15,0.009145498554171076,-0.00032745734527311735,0.0008809438623464781,0.014096907131679756,-0.005465061808117076
2020-07-16,-0.0032991145481082607,0.0007374011987200884,-0.009496639325154646,-0.004448290189300231,-0.006614939463274875
2020-07-17,0.0028948321222177706,-0.00024566635871499024,0.008204262794308569,-0.002059714621304416,0.002096417007004295
2020-07-20,0.008049122631315698,0.0006550743283568567,0.004808590336846309,0.0006870648619410016,0.001401958161398901
2020-07-21,0.0021252459910021584,0.0010644266618329134,0.011978962477666387,0.020394944597425753,0.022726572419009328
2020-07-22,0.0056758647764656505,0.0003270280877926075,0.015087942737564556,0.0010089352458998438,0.015923467431184803
2020-07-23,-0.012003172628997914,0.0009806632846748034,0.008786586410813348,-0.011494384614034665,0.005831453188377249
2020-07-24,-0.006461598395604541,-0.0004903215919101076,0.008542281441677423,0.00101956462361535,-0.004621806400934839
2020-07-27,0.007266074881527442,-0.0015540523505749027,0.019561196964697856,0.00946588474451959,0.14189749853966127
2020-07-28,-0.006362357455790471,0.0023714150163565775,0.008306536040413818,-0.012527637474368542,-0.007126663372121388
2020-07-29,0.012223460655144543,0.001305703358362317,0.007482169283186,0.007467764272562997,0.01704870717725163
2020-07-30,-0.003574186469265744,0.0013858971605708202,-0.007427778888433271,-0.021881194007124204,0.0009676074745081875
2020-07-31,0.007871200031764511,0.00024403942964072088,0.00904688435302792,0.00482757453601252,0.01892242337372686
2020-08-03,0.006927944323939935,-0.0004890168538945586,0.0011318982444248418,0.00924507384269192,-0.006833770034438986
2020-08-04,0.003855082181004729,0.0034186173726826253,0.021054515412853636,0.014885272397619317,-0.0036037470015529804
2020-08-05,0.006192122466004124,-0.003336927164160238,0.009240417270834574,0.014997743335538704,0.04716003790353572
2020-08-06,0.006661998623693019,0.0011404038355783872,0.013186741026147062,-0.001655330197113822,0.002784144331385825
2020-08-07,0.0007177526882418229,-0.0021196616932642374,-0.016012829047696152,-0.01099461083339131,-0.015251902049187646
2020-08-10,0.002984377349030936,-0.001061628111617003,-0.0034649534714480275,0.010331685462308842,0.023565279002469842
2020-08-11,-0.008288880823584359,-0.0034371568959007787,-0.0551897267189793,-0.011337238977812377,-0.04016111286278769
2020-08-12,0.013846285002621434,-0.0029556512004191965,-0.004679132411383586,0.02451264771994957,0.015169300755772669
2020-08-13,-0.0018095539585759335,-0.002057301145796796,0.023343474417206588,-0.005249350958782499,0.017048853955416797
2020-08-14,2.968638406587959e-05,0.0004938367748744053,-0.004318527254207777,-0.0023052766788014168,-0.001296361228177031
2020-08-17,0.0031714601708336173,0.0016455444453957468,0.02146194877539166,0.014402885025869509,0.040427244628860215
2020-08-18,0.0021580782660472857,0.0017252217940778214,0.008967673573403242,-0.00554018278623182,-0.02170941475499902
2020-08-19,-0.004172554831253563,-0.0013138157533580746,-0.03207438281593019,0.0019588470422280506,-0.01961788699136637
2020-08-20,0.0031088777585809467,0.002872170156430797,0.006890137653281628,-0.004576647051828205,0.01016132774175868
2020-08-21,0.0035409708051172234,0.0007372476083728285,-0.008043165542872153,-0.011202757963508184,-0.024361862793125022
2020-08-24,0.010082336684856351,-0.0013931008644097916,-0.005674470685927035,0.005617066622968404,0.015586893488656644
2020-08-25,0.0034933348369827273,-0.0023807852148812992,0.0012147382641175607,0.018606696112157768,-0.035306004408532356
2020-08-26,0.00997535298468266,-0.0004111784349786012,0.011739667325137685,0.00032337037695400747,0.010696334763965401
2020-08-27,0.002184381226674055,-0.0035421976542446025,-0.011629286747359606,-0.008441615949901997,-0.014463477673961746
2020-08-28,0.006438811608949532,0.001648714551474992,0.01723092629924,0.0016289053139935921,0.01916471859560327
2020-08-31,-0.0036294072770034686,0.0010709880961865602,0.00238341719432408,-0.00456768792171001,0.01191233176949521
2020-09-01,0.009374602761149972,0.003272157946900401,0.001189581722410416,0.0009805748909147635,0.02449528784504093
2020-09-02,0.014360375273963505,0.001394680556757473,-0.013218610873058246,-0.024806960345449342,-0.04759982836281475
2020-09-03,-0.03502036078884191,0.0013107796288981974,-0.008137254873336977,-0.00739503271575696,-0.108024907829682
2020-09-04,-0.00819829505018929,-0.005582570669276899,0.0027564932922231992,-0.03886986888302259,0.02568095890557451
2020-09-08,-0.02770314135865954,0.0021381396953263827,-0.0019287808618004912,-0.06372043761068975,-0.03684869679616901
2020-09-09,0.01955499364099683,-0.0004929261658169217,0.009661434230238847,0.024373431405809515,0.010879835709758444
2020-09-10,-0.017516337969133714,0.0012318969541117951,-0.0032283485242562797,-0.022879187017088607,0.011724294913524443
2020-09-11,0.0005090897698460364,0.0015583646582788425,-5.4861557792618405e-05,0.00928856730228622,0.003638635248421432
2020-09-14,0.013085714498511838,-0.0009016981930390322,0.00786160327773618,-0.003705094226839781,0.02655749783089545
2020-09-15,0.005039278644084366,-0.0004921649009258628,-0.0023956152677241513,0.021300838892814363,0.010812510742824319
2020-09-16,-0.003976363540571866,-0.0005746214852070479,0.0028305733071044767,0.041984119649834124,0.016347532426243053
2020-09-17,-0.008834306392582536,0.0003283745225612143,-0.005505121062685115,0.018298414113574888,-0.002364091830582051
2020-09-18,-0.011579760786927974,-0.0009033263874719231,0.001310849171618332,-0.005832923698026444,-0.0004023369137903027
2020-09-21,-0.01119179800727783,0.0018056903506122619,-0.020291789448272826,-0.026854222088679443,-0.04507042497530536
2020-09-22,0.01013279538815681,0.0,-0.004858095828927072,-0.004250833079078748,0.0072569445920738825
2020-09-23,-0.023464027947055814,0.0,-0.021843335368817322,-0.004982194923117625,-0.028125828810467837
2020-09-24,0.00266215297012568,0.0004920628031435843,0.0037119030895910897,0.01662869760110103,0.04893613643511954
2020-09-25,0.01603738293166412,0.0008193220478711751,-0.0028540460781505306,-0.005277043645121539,-0.00627888978372976
2020-09-28,0.016472993182899683,-0.00016359022522421853,0.010010290107421884,0.011921604978555397,0.001582586516326876
2020-09-29,-0.005460636611358476,0.0007370469950566226,0.008397048385655496,-0.03511620787180555,0.01252558330751577
2020-09-30,0.007553103901896464,-0.0027054601856557575,-0.006022969047958764,0.021075976939467358,-0.0055619032310387645
2020-10-01,0.006399707314153228,0.0005668051904542567,0.008880963695329078,-0.0279588344192667,-0.015421675401221661
2020-10-02,-0.009540052450945852,-0.0009857657545542461,-0.0008957769408936138,-0.043081293792032856,-0.004102545378274992
2020-10-05,0.01757766997857832,-0.006347674929456493,0.004861081696310086,0.05823310141913589,0.020344380441149872
2020-10-06,-0.014317977749277082,0.0023128361401955097,-0.011830479550692698,0.01633555810252083,-0.017659664062251813
2020-10-07,0.017257077605571693,-0.002891603765508005,-0.00045132478533539146,0.0,0.006069812450621233
2020-10-08,0.008823284265892285,0.0018188303712239405,0.0035486272055745486,0.02607483083551165,0.022861384647314218
2020-10-09,0.008890554675052604,-0.0004959591210927611,0.017998399966815504,-0.015563131213530512,0.013537193923190284
2020-10-12,0.015959589659522846,0.0010740453608729173,-0.002875813691634357,-0.021847269106202636,0.043411692815357325
2020-10-13,-0.0065473931055262035,0.002226013658138323,-0.01585383405158326,0.013798180990953998,-0.011267025530866026
2020-10-14,-0.006303300480819238,0.0003294298656116187,0.0030899939936110464,0.018106360603898343,0.000315673400463534
2020-10-15,-0.0012365905386561118,-0.0010709332485032536,0.003639489400711449,-0.0013811814393901274,0.005744241377636975
2020-10-16,-0.0006045301272152552,-0.0005772284539413849,-0.0034712263457632483,-0.007631019385544711,-0.01518396829079633
2020-10-19,-0.015320329381834941,-0.0016508085627193801,0.0005046193567768562,-0.004536708600425911,0.036416714532876704
2020-10-20,0.003997874209479947,-0.0021501036588387045,0.004809318137998378,0.015961445363616406,0.014734826605249336
2020-10-21,-0.0018947914929445787,-0.001325505074439591,0.00750319529892231,-0.03324886711980875,0.07338405430586939
2020-10-22,0.005470199701435216,-0.0034878798916776494,-0.009849030639627157,0.014485321037570206,0.011027987566796663
2020-10-23,0.0033893879525735125,0.001413100827584958,-0.0010630400237792174,-0.022345355162011003,-0.0026529704553783216
2020-10-26,-0.0186524344776331,0.0026546762628269515,-0.0005039129828936211,-0.02800686976623027,0.011051764795366686
2020-10-27,-0.0034536053799562494,0.0022345650169489552,0.002628864176270774,0.0211686704454275,0.04332755896265355
2020-10-28,-0.03477666294437394,-8.248876539935592e-05,-0.01627516884164325,-0.051122281716345544,-0.02844584941845549
2020-10-29,0.010112181085874703,-0.004225130242426509,-0.004153341326592121,-0.027356708366868182,0.012475103458646658
2020-10-30,-0.010479636309633803,-0.0032436632934320407,0.004550651041840146,-0.01376621066530904,0.008052075583308513
2020-11-02,0.011146331903499208,0.001715921831245512,0.00965812884851217,0.03922072186926884,0.00029278482398794155
2020-11-03,0.01750163210083285,-0.0022492262961187138,0.0056609432999779495,0.017365445379995976,0.02907841515337467
2020-11-04,0.022103383899100316,0.008387209635807044,-0.0005590140649358909,0.02658949934979182,0.013061444695718672
2020-11-05,0.019314778573577537,-0.00016560131709788162,0.022723771699055755,-0.010256525248040929,0.09741581080424415
2020-11-06,-0.0002281781290251591,-0.0033966092723071682,0.0014203529597109255,-0.025733306773892798,-0.0008969303080480761
2020-11-09,0.012487206959183346,-0.007413320971114304,-0.045280856143465276,0.05868938920334429,-0.015118674009752671
2020-11-10,-0.001467442275066568,-0.0028465074477229293,0.0033073065556014952,0.02948617124838723,-0.002704687109614758
2020-11-11,0.007400659795240922,0.001591868298784264,-0.00433598220930235,0.004486670732795403,0.026488015591815354
2020-11-12,-0.0097481094638264,0.005675918428527015,0.006042387508780373,-0.013171804407064313,0.03596670089126322
2020-11-13,0.013749695215278822,-0.0013324346937600377,0.006796565090032186,-0.018665824408295097,0.0025443132057155655
2020-11-16,0.012404960555499932,-0.0007505416791069,-5.650286865533134e-05,0.02388593789154698,0.024115941361267147
2020-11-17,-0.005392658547645379,0.002581986359507261,-0.0036759204841880807,0.002080492185030933,0.054102475844138374
2020-11-18,-0.01210768485874522,-0.00033242196543991086,-0.005738783845972931,0.00449280724223684,0.008947999876361636
2020-11-19,0.004201204779447776,0.0010813269104935253,-0.0018822296869570197,0.0030986477660088128,0.0007346200168832048
2020-11-20,-0.006871287323759615,0.0017441267598321691,0.003021229432643738,0.006168638590657919,0.04414876269819295
2020-11-23,0.005976308982255941,-0.001993749096539334,-0.019890324232127853,0.008504898896030278,-0.013908042524277017
2020-11-24,0.01598550001928134,-0.0015808977381225376,-0.015447030279527764,0.042446649969595976,0.03968026776556164
2020-11-25,-0.0015429124826198753,0.0003327456598254165,-0.0004718480371509017,0.018337383746557693,-0.019839332374638075
2020-11-27,0.002781062589858075,0.0029928626285324,-0.010198732236165305,-0.004793155861809152,-0.090670047879814
2020-11-30,-0.0044369335425771955,-0.000664207704186571,-0.006697358920117144,-0.008039921279715477,0.13727715034283186
2020-12-01,0.01087783790730071,-0.00533379369379975,0.02084085881536413,-0.011365554176248288,-0.04283053060242915
2020-12-02,0.0021018489779063587,-0.0016725493579739345,0.007493385024315116,0.011365554176248335,0.020950814137308933
2020-12-03,-0.000273013230476938,0.0026749172404387607,0.007842668530553789,0.009000404368610592,0.012643316046180679
2020-12-04,0.00858095257862599,-0.003931167629219997,-0.00283945502654119,0.00987110287328503,-0.039099467524232566
2020-12-07,-0.0020571877669370593,0.003095856043507108,0.014803945459514797,-0.005082598290205386,0.025963300904456782
2020-12-08,0.0029220182111104748,0.0010021257971459558,0.003481841534737405,0.00031842792712507797,-0.04641845955624486
2020-12-09,-0.009009141936903848,-0.0014196317840959845,-0.017241806434506103,-0.0022310668959501833,0.012625041029578565
2020-12-10,-0.000327553164125552,0.0022538830438370017,-0.0019148863181888906,0.024272285312903,-0.01569464022080565
2020-12-11,-0.001173161188801309,0.0019997257116578233,0.001856945469586849,-0.005308367602050232,-0.011347356530151446
2020-12-14,-0.004486848616493949,-0.00058261667640976,-0.005522859199322822,0.007175124825333615,0.0636978594887226
2020-12-15,0.013428799662404919,-0.0010002442509928597,0.013893989774039692,0.011435845593483459,0.008816158477203611
2020-12-16,0.0015679052439196769,-0.0008334552164674662,0.005503920929853093,0.006127493283200724,0.0930515975767781
2020-12-17,0.005576529391162751,-0.0007269468397279257,0.01046541004295572,0.012746702455993283,0.06778242711074886
2020-12-18,-0.004001172296800242,-0.0008358795538372661,-0.0016988680965652808,0.009603906282995112,0.014487680725324005
2020-12-21,-0.0035818604468048553,0.0006685651352652264,-0.0031789169989821435,-0.025409720552114774,-0.014578895731103651
2020-12-22,-0.0016868751109689094,0.001669870446621764,-0.007934507183398202,-0.016994051519646024,0.04207656794577848
2020-12-23,0.0008982938268589191,-0.0020875310262643007,0.006625879072275585,0.0203585022044973,-0.023039436663009637
2020-12-24,0.0038829517833842368,0.0014200070568560015,0.003977347328631379,0.005177358106261292,0.021057908650393337
2020-12-28,0.008554099209093566,8.335283963890206e-05,-0.003635744312567208,-0.010074822656005691,0.1319822586448777
2020-12-29,-0.0019096168050437199,-0.00016686202409187313,0.003635744312567162,0.005813038544900802,0.010198176486275929
2020-12-30,0.001425778662837525,0.0006678782911684029,0.007626026694655132,0.003958022242310707,0.05262518188935121
2020-12-31,0.005068133570271449,0.0006669103371465768,0.0037072651943418997,0.00303393669915042,0.005558802229052879
2021-01-04,-0.013707597220985338,0.00025009794638676606,0.02201425891234798,-0.019269513781507985,0.09750266904460976
2021-01-05,0.006863532798506887,-0.0023364094488905482,0.0029572490918935946,0.04705323810739285,0.06128001171320478
2021-01-06,0.005960849866311162,-0.005864980497107745,-0.016374384156319522,0.004996394980416393,0.08002182823088061
2021-01-07,0.014748024297246665,-0.0035360083425537434,-0.0023373497260989994,0.012237861725762293,0.06687092425852742
2021-01-08,0.005681937119833916,-0.002871164577117408,-0.03480879472366203,0.025730451440923834,0.0355928898794487
2021-01-11,-0.006763688019851651,-0.00194710842830261,-0.001963368081678198,-0.004809798123717891,-0.1372149091811059
2021-01-12,0.00021113767398717816,-0.00016948319080128921,0.006453094143516468,0.01798820863067492,-0.0473164778588287
2021-01-13,0.002689297825801957,0.0034690171212898653,-0.004316677807613859,-0.0027894659023265257,0.09533972073625589
2021-01-14,-0.003508259741028965,-0.002283010314770989,-0.0005192346256867747,0.01221565539459009,0.048921612778852486
2021-01-15,-0.007319346935373729,0.0027048576928999477,-0.012485246085867416,-0.025148056280825566,-0.06216649897230796
2021-01-19,0.007821455099531497,0.0005911029104622963,0.008437377567923208,0.011534797930755755,-0.02073085336392201
2021-01-20,0.013743695667429922,0.0004220241088896899,0.016151154600027997,0.001118281218452246,-0.014579216975338103
2021-01-21,0.0009112285478041841,-0.001434974397480909,-0.0006273739671711188,-0.0008386469901476758,-0.14252813081835994
2021-01-22,-0.003545691935063944,0.0015187390749313568,-0.007904302060517928,-0.014931924008750838,0.06833341147530216
2021-01-25,0.003935939924092675,0.004039607160181254,0.0008622455288576803,0.010166724449911757,-0.019561525405735965
2021-01-26,-0.0015619923983358152,-0.0003356291828943012,-0.002473656951145883,-0.0039414293097817625,0.006266383460683916
2021-01-27,-0.024744142255045985,0.0011756739585533228,-0.006355778295441206,0.0014094219816694934,-0.06787434522440919
2021-01-28,0.008563469844245124,-0.002604993576374481,0.000926931727635592,-0.007067167223092443,0.0950202595471698
2021-01-29,-0.02022250407723282,-0.001768672731954733,-0.0004054103376829626,-0.0019877812741702352,0.025090070847817985
2021-02-01,0.016508240765641405,0.0012476119899312535,0.00934152297824149,0.026368950993380203,-0.022968438634477506
2021-02-02,0.014041349679310635,-0.0025303879183754437,-0.012242430084677477,0.019194468539128602,0.057167938879420434
2021-02-03,0.0007860156268135876,-0.0024517115143333663,-0.0015117720158050482,0.016698447412993093,0.053773897801538996
2021-02-04,0.011301466114803132,-0.0003389109044312202,-0.021765636924135134,0.009834039294073163,-0.01467867670382311
2021-02-05,0.0039281904584308755,-0.002119661074857551,0.009823748692690917,0.010000011054301964,0.03245885330843299
2021-02-08,0.00719576659706725,0.0004241400870042863,0.01001975221091292,0.019448299399222043,0.19152671498584972
2021-02-09,-0.000665825090856577,0.0007631507179704037,0.0032595928083516256,0.005889136254178657,0.0061426193854515
2021-02-10,-0.00043565521471607697,0.002539965333942535,0.003654430629279855,0.002804351477916313,-0.03420320342962812
2021-02-11,0.0016134816879428482,-0.0007609870658699104,-0.008723013798522866,-0.007923301734508196,0.06446761605839371
2021-02-12,0.004927766768959769,-0.003305786631199372,-0.003041852351548402,0.02458614292902444,-0.008478464657924508
2021-02-16,-0.0008666131245971314,-0.007242191428452445,-0.014457496034195686,0.012688368761979882,0.035059159466354566
2021-02-17,0.00022967566747737468,0.0006836236630315154,-0.011417786234196115,0.010818857084082954,0.058214152169521576
2021-02-18,-0.004265193959878862,-8.543695735915983e-05,-6.0090224343136566e-05,-0.01527873321915533,-0.009038226589304248
2021-02-19,-0.0017674261902921938,-0.004024790648413316,0.004139970385631239,-0.014759496123130926,0.07828513543693166
2021-02-22,-0.007721512396002591,-0.0016316324767429815,0.014858231751961605,0.03953080149441634,-0.0305361040243421
2021-02-23,0.001213723509572939,0.0007733357074003434,-0.0023033964742125187,0.008202703699969076,-0.10458524450100902
2021-02-24,0.010958735079022074,-0.0013752242285893287,-0.0007097783269727351,0.020923280628391945,0.017881495738120444
2021-02-25,-0.024390548792706114,-0.013419379940572065,-0.018995808065307287,-0.0009416412173749658,-0.053969759252051705
2021-02-26,-0.005165968461286051,0.008937238906491606,-0.024480114534154506,-0.02745780006077444,-0.016142075456887308
2021-03-01,0.023951231274966615,-0.001123971312140399,-0.0017319159550744983,-0.017336605627759856,0.06862014128038851
2021-03-02,-0.007833938460239857,0.0018154104829272877,0.005433148366520264,-0.013140111992475226,-0.025554925208490772
2021-03-03,-0.013334089204587018,-0.0053699975556736335,-0.011082728374520621,0.026352952356860238,0.043664727693901485
2021-03-04,-0.0124522638507048,-0.004961959569525162,-0.00988559566723337,0.04584582259159582,-0.0399061221991278
2021-03-05,0.018229687291639013,-0.0013978898903532955,0.0006286134207733884,0.03131324188884815,0.007511420176535919
2021-03-08,-0.004991226377910045,-0.0039405942592796025,-0.010422315048141234,-0.021378995774652344,0.06563773283660569
2021-03-09,0.014176564001567334,0.00472735261941006,0.02104806019448947,-0.009005935177590985,0.048156840253235314
2021-03-10,0.006205266600235414,0.002093443529871462,0.005085327698430273,0.014508050705300158,0.021374179798027783
2021-03-11,0.010088084065309087,-0.00034849917866527403,-0.0008663865026826478,0.0194707711911387,0.031573000390297756
2021-03-12,0.0013458715758041064,-0.007262000136388789,-0.00018574519969141986,-0.00562115046328525,-0.008216872853115568
2021-03-15,0.005945841866371156,0.0012287238994627783,0.004386867610048303,-0.0020313776501810635,-0.025167339814397775
2021-03-16,-0.0012622375263453519,-0.00017550677233500503,0.0009244132771239594,-0.009762740493015447,0.015929471547609108
2021-03-17,0.003404068126335776,-0.0016681064399348118,0.0071195808075622735,-0.00022822900398765546,0.03572418708035779
2021-03-18,-0.014656357258662892,-0.006258035977963798,-0.0058269675795917875,-0.07952933815208219,-0.017339151916613386
2021-03-19,-0.001852352907237365,-0.0006189731385365402,0.004174394816826358,0.031617400417298505,0.008394319050580128
2021-03-22,0.007953543037524066,0.003268217315691603,-0.0014713433816878438,-0.0014375032092081529,-0.06766666430965458
2021-03-23,-0.007901941723095492,0.004925949102419996,-0.007327408483150656,-0.057736808433560625,0.0038401154329438564
2021-03-24,-0.005096575605613036,0.001315424680138914,0.003454859203276189,0.051483822162098694,-0.036551757777657644
2021-03-25,0.00561016705613482,-0.0013154246801389045,-0.0036402714825327686,-0.038362249371114564,-0.020485432915556448
2021-03-26,0.015986478099713253,-0.0033403314594508105,0.002839374216722469,0.040290377632927976,0.06428841931989358
2021-03-29,-0.0005054441535211493,-0.003439556645516379,-0.011967328788777756,0.009346968083669237,0.04630013423543698
2021-03-30,-0.0026567621526474993,-0.0008837290336035216,-0.01723957501602924,-0.01805320502669375,0.020014609919984168
2021-03-31,0.004045394275691103,-0.001415925269160815,0.015053975494509144,-0.015667380784643564,1.935944759335448e-05
2021-04-01,0.010741013964416192,0.004420243604717926,0.012549018493591777,0.031810412881896726,0.0029992328786879927
2021-04-05,0.01425137811685039,-0.002826372296986727,-0.00037046965366193687,-0.03799778585868454,-0.0006420398652886788
2021-04-06,-0.0005909358218433005,0.004853865187530312,0.007996616729269289,0.010373073649069265,-0.01476389754962159
2021-04-07,0.0011567266293478955,-0.0006167066824828552,-0.0028223021365765604,0.0039234931331157755,-0.037528870853164246
2021-04-08,0.004735448548512759,0.003429412618934986,0.010694635856861524,-0.0009794544215410044,0.03978767570422682
2021-04-09,0.007243848283777831,-0.0026371466158394584,-0.007566026934120144,-0.004419361653831711,-0.001354549836114697
2021-04-12,0.0003645762328461184,-0.0006162837421565907,-0.006082067490100263,0.006377312104574959,0.027908883485924286
2021-04-13,0.002959402689693037,0.004131118824921693,0.007061488473290135,0.012150817331938266,0.05852714345026763
2021-04-14,-0.003421109961445591,-0.0012286188654242057,-0.0043537794872208335,0.038849019436828364,-0.006219938149170958
2021-04-15,0.010685189827256837,0.006390104340883099,0.0160335365383925,0.005329627690957501,0.003232251116976691
2021-04-16,0.003336881013275654,-0.00270884515131309,0.0060295628147861114,-0.0020821326618449174,-0.027886621874568536
2021-04-19,-0.004925150175623817,-0.0010502050866565676,-0.0027691247303623773,0.003236982933916774,-0.09980433631732116
2021-04-20,-0.007348569625340382,0.0029736311429250325,0.003550241996940974,-0.013479125925535884,0.013347500558966063
2021-04-21,0.009417634862601807,0.0005234474023116788,0.009862362310853667,-0.02295689969433499,-0.04651974554182734
2021-04-22,-0.009175049904794449,0.0007857871740957328,-0.00650425423162094,0.007631796939522536,-0.040581883746807136
2021-04-23,0.010784073907706594,-0.0013092345764075099,-0.0038387727937765547,0.008752248305240276,-0.013001302685204313
2021-04-26,0.0020854618362256714,-0.001048732520106864,0.002640755671589698,-0.003066336923498483,0.055726546342877346
2021-04-27,-0.00021541380630981394,-0.003941141061922258,-0.0025205449092440876,0.018258905127549612,0.01854831914865377
2021-04-28,-0.00028752664392026756,0.0013149966838407207,0.002940064461277065,0.009695324604357387,-0.0037942553737364284
2021-04-29,0.006352538123499466,-0.0017542885442836296,-0.004142547462168167,0.016630969178615108,-0.023429673825133245
2021-04-30,-0.006592298641111184,0.0008774506117154817,-0.003374702192485256,-0.022621731883987573,0.07541518772096198
2021-05-03,0.002154443035945676,0.0017017543022202195,0.01289485518814097,0.016275409902131718,-0.009567373024509943
2021-05-04,-0.006188146796530846,0.0013137498687146,-0.007356686965198023,0.020034421465064487,-0.06999363622377694
2021-05-05,0.0003124551809256492,0.0012241015858937062,0.00413361336698124,-0.004691153187873519,0.07389708647447689
2021-05-06,0.00795403719356294,0.0004374401397676433,0.016542002735280385,-0.005613577127234463,-0.018055093557641698
2021-05-07,0.0072516614701823336,0.0003492374958434602,0.00895658735382193,0.0004502579483839958,0.016877096781434925
2021-05-10,-0.009951745225755138,-0.002010779221504945,0.0030259218728549953,0.001124715834372839,-0.026439549490953448
2021-05-11,-0.008964998847645273,-0.0016643070418930468,0.0001742848474817966,0.008729756532351094,0.015009957344289306
2021-05-12,-0.0214740009583596,-0.004833313290295959,-0.009983483413452903,0.007770097661356669,-0.142967146773037
2021-05-13,0.011940958129905584,0.003341700563765493,0.004098917859921596,-0.03167736067225913,0.011442928110092723
2021-05-14,0.015238654898572,0.0021926042256194054,0.009074563611959028,0.020335036596548024,0.003300186759766157
2021-05-17,-0.002547967350977244,-0.0009641661482889974,0.011572105937362132,0.015094633252671224,-0.1360079447719833
2021-05-18,-0.008652899433576939,0.0,0.0019442812059788442,-0.012191201414644755,-0.014531934084628221
2021-05-19,-0.002625380643929963,-0.002985534156915662,0.0006853819629941132,-0.03195014803332725,-0.14810707635188664
2021-05-20,0.010700453965897241,0.004124988692969923,0.004556871795741219,-0.022117087415870915,0.0972750161239599
2021-05-21,-0.0008188885464293645,0.0003500938758661587,0.00045446916842239933,0.02831475340241061,-0.08913981683679192
2021-05-24,0.010142665432619978,0.0009633563317793796,0.001759487487714246,0.029758726086480065,0.036875028465553294
2021-05-25,-0.0022212165817650995,0.0036667511871155095,0.009031903514378268,-0.0022237565389224214,-0.007878782581024249
2021-05-26,0.0019827036912614514,-0.0011336349660639143,-0.0017435678186662285,0.006214014609706075,0.022961565812768543
2021-05-27,0.0005245906280476308,-0.0017466691056071796,0.0003940189892895408,0.007713503239096368,-0.02205718107153495
2021-05-28,0.0017871504308345513,-8.776858215722213e-05,0.0037630876338542248,-0.002858110592903192,-0.07393611150144239
2021-06-01,-0.0008810467818003626,-0.00018320760359676327,-0.0026945732480542135,0.019837242586995457,0.02728231619618182
2021-06-02,0.0015712468941483416,0.0011367806501547512,0.004878526963101577,0.012227969036399085,0.02397778870231388
2021-06-03,-0.0037182918866454145,-0.0025377738187052096,-0.019772420864664846,0.0014914180409343815,0.042556616951370016
2021-06-04,0.009104387209745633,0.005504498317530105,0.010725633264657355,0.006155110215271782,-0.06084038726712561
2021-06-07,-0.0009707563354778597,-0.0007845264825929463,0.003999619209610979,0.00021161824599503278,-0.09470399835993078
2021-06-08,0.00021318687271173532,0.0028736447567816567,-0.003096867753862795,0.012822048508777403,-0.002627775063457771
2021-06-09,-0.0014929518732730042,0.003124743752489488,-0.0019193434836643904,-0.006285359639427327,0.10947410238213756
2021-06-10,0.00463748158334512,0.003547279905085167,0.004285131517665339,0.005240552616245622,-0.017354742993128305
2021-06-11,0.0016513050593049813,-0.0014686286275241238,-0.011316177890912231,0.005005179582537335,0.017067578415986145
2021-06-14,0.002236428461819654,-0.0031191738108581053,-0.005878166410042197,0.005187271753536714,0.07441139422057258
2021-06-15,-0.0018359808372804482,0.0001736503813954694,-0.0037848631237422004,0.013566494867255767,0.004658453327527578
2021-06-16,-0.005598894493103441,-0.006877002721188265,-0.01703600368035545,-0.00470684473423503,-0.052307031596144006
2021-06-17,-0.0003316388811384613,0.0035748846347718613,-0.03122282591641038,-0.014671181174468589,-0.007684760787668957
2021-06-18,-0.013582237402597501,0.005641521724999439,-0.005562705142465907,0.006639022098204193,-0.06140159139173661
2021-06-21,0.014214450574248862,-0.00320741513367978,0.012173251058176099,0.020467353594847686,-0.1220103903521807
2021-06-22,0.005331896349232654,0.0018219315257057844,-0.00420166857422807,0.0012147715471398123,0.025833047609393114
2021-06-23,-0.0012060439895187154,-0.001995267966826959,-0.0006618767987564016,0.006052127684481837,0.03676667515561315
2021-06-24,0.0058983074068370035,-0.00017390879344897218,-0.0006021199876096117,0.0024105863466912614,0.027475699857643344
2021-06-25,0.003545682840489072,-0.002086861356749551,0.003306999189259349,0.008192669398432578,-0.09130465397426267
2021-06-28,0.0020140092119684885,0.0031284677050207516,-5.999643961855651e-05,-0.014230104397403666,0.08470225042447661
2021-06-29,0.0005378644111207264,0.0005204739532935151,-0.010561034647227364,0.007040127097218515,0.040785121124139886
2021-06-30,0.0008413542213342862,0.0015602618533673777,0.004841763592293601,-0.000200427413466966,-0.02332520296585249
2021-07-01,0.005521353319754569,-0.0007194259921551575,0.0034354496150826534,0.014726591790788236,-0.04281824560087459
2021-07-02,0.007614388716528166,0.0036348582558870927,0.0065369291506959725,0.006105412872255298,0.00963202091343982
2021-07-06,-0.0018231434061919296,0.0052560992726077005,0.004949187883217545,-0.02043111355236838,0.009926319850057335
2021-07-07,0.0035280790297616306,0.0029179382141597703,0.0037995736126820853,-0.02516369911662871,-0.011157826650301255
2021-07-08,-0.008181541721238032,0.002566990111843819,-0.0006520293887520076,0.017519303400777134,-0.029311778537964177
2021-07-09,0.01061829567814459,-0.005055591684334245,0.0033150614410246745,0.017812927447246028,0.02761736344787324
2021-07-12,0.003575511290349555,-0.0005154405970809765,-0.0012418718351821449,-0.0019856732677942016,-0.01918287490754947
2021-07-13,-0.003414759854071791,-0.0030983121806739044,0.0013009357869861221,0.016558630429281487,-0.013782086425800635
2021-07-14,0.001491073267987139,0.00430095096441181,0.010697757313475486,-0.02875757377561238,0.0036725998364308425
2021-07-15,-0.003421496948602031,0.004197348842986668,0.00017546425482688882,-0.013368638156530003,-0.032249468356842406
2021-07-16,-0.007874443008124721,-0.0001706928725011075,-0.009751038308664077,0.0020370443754190552,-0.01136653085848622
2021-07-19,-0.014877967501822879,0.008513508739228313,0.001179853512608669,-0.06951627893717599,-0.01940013065818903
2021-07-20,0.014228695279900139,-0.0012723014055607898,-0.0012979424872485647,0.014510231412515527,-0.033338555734212405
2021-07-21,0.008063651955514473,-0.005788962839434349,-0.003726190289074976,0.037142952008094726,0.07443417235693212
2021-07-22,0.00209196021844142,0.002302586327411546,0.0019535411866020086,0.018473385028781236,0.006283788882169604
2021-07-23,0.010235444952949459,-0.0015343669143528947,-0.003139340880551927,0.006082805730659389,0.038503942271904575
2021-07-26,0.0024518622580061997,-0.0006826888223896973,-0.0023758261058627853,0.004034642339618615,0.10602229284594054
2021-07-27,-0.004567978742307449,0.00425904613440232,0.0016636888817755746,-0.004034642339618609,0.0539428534880362
2021-07-28,-0.00041017047334272744,0.0008498336383411628,0.0050335632022407,0.005040841278820103,0.01483512651645551
2021-07-29,0.00413872474643033,-0.0030625136528373694,0.011044023020098688,0.018334474589103467,0.00031287370059631146
2021-07-30,-0.004868348952952911,0.0028077378256041795,-0.007918108309762988,0.00039487577836507583,0.0541722306526184
2021-08-02,-0.0021002097168415245,0.004376896064090486,-0.0012374082182159806,-0.029649598568201038,-0.07453583859567306
2021-08-03,0.0081026726557622,0.00025381402443292773,-0.0007077270423842932,-0.006732695740543785,-0.0271224912051319
2021-08-04,-0.004931192310297126,-0.00025381402443285206,0.00023593466942563418,-0.03436043849730391,0.04094316463847637
2021-08-05,0.00631316668752044,-0.003646132175178224,-0.003959922253451811,0.018888236633179716,0.027838357371246687
2021-08-06,0.001650851505732132,-0.005878472237705791,-0.025308704477345147,-0.011079841359769874,0.04653814062641624
2021-08-09,-0.0008138317049086748,-0.002138574556979532,-0.017894816057729707,-0.0206017956414738,0.0796299996467546
2021-08-10,0.0012431631152983766,-0.0018855100637996532,0.00030914743149373187,0.0229115207701759,-0.01697414139260822
2021-08-11,0.00248184697071034,0.0011145877517601056,0.01369082807188368,0.012919515705086015,0.0001887605723412682
2021-08-12,0.002992597120562286,-0.0010288472591399615,0.00024383177142714218,-0.004149399474018191,-0.025891753544200504
2021-08-13,0.0018180771197330557,0.0057308939087681934,0.014224167163591615,-0.01402719906493521,0.07300947971891747
2021-08-16,0.0023520150718610595,0.0022151790349724536,0.004975891262677384,-0.008256623270613174,-0.03814700916556422
2021-08-17,-0.006576987274984021,-0.0005103280496355011,-0.001496155150116038,-0.00982701928702805,-0.02886919903458737
2021-08-18,-0.011005402476298316,-0.0005115751478162973,0.0007783092556947036,-0.025659165109115145,0.002364966650012081
2021-08-19,0.0015470623522438646,0.002212691650706697,-0.0029367165231408677,-0.013973856179309099,0.04188585333234935
2021-08-20,0.007925852596180267,-0.0009352673174205004,0.0005400158455303154,-0.030387828904086894,0.05459790698385328
2021-08-23,0.008758038305801921,0.0002553043199286466,0.012104007439095057,0.05422471184909837,0.004186120845078289
2021-08-24,0.0015859958342121087,-0.002726004490735418,-0.0004742535717267673,0.03261392896464085,-0.03784489433094968
2021-08-25,0.002096148296238259,-0.003931124337588646,-0.006961609676564189,0.00924575697462749,0.02596012195042943
2021-08-26,-0.005920547652590863,0.0,0.001133835388463418,-0.006926291261662087,-0.0421022974523753
2021-08-27,0.008900952699893707,0.0032487646387056803,0.014917723322635659,0.014012609833968386,0.04409943030226678
2021-08-30,0.004388189365529866,0.001961308286659394,-0.004947859047149437,0.0051786753147627825,-0.041700089144257706
2021-08-31,-0.0014827484566849831,-0.001875778793472128,0.00200564206756742,-0.007465828979621637,0.002371071858731938
2021-09-01,0.0005311302484244431,0.0004268538564658558,5.88968847449306e-05,-0.002292396730733525,0.03500565378801719
2021-09-02,0.003072245707493487,0.0011941616611394741,-0.002655242464544409,0.021057765023962303,0.00979272478817146
2021-09-03,-0.00024286065992685732,-0.0023901314566762647,0.010637446088029513,-0.005942050343037052,0.014044128006187486
2021-09-07,-0.00358206598789103,-0.003939410803668276,-0.019778020504279115,-0.012823317950191726,-0.06640940489713831
2021-09-08,-0.001218971412323175,0.002742313641916174,-0.002507544166051433,0.01138373528873871,-0.015494793572991005
2021-09-09,-0.004289366891792092,0.002819358896680667,0.004413734414974538,-0.01743868463138708,0.006488390533953229
2021-09-10,-0.007915901876162638,-0.0031620419129902723,-0.005071495164425335,0.021751230298356867,-0.03303518664446581
2021-09-13,0.002556061624202787,0.001197963856261129,0.0033441618437189445,0.013838241047701913,0.0017621978864764444
2021-09-14,-0.005411052342846551,0.0037548577412990563,0.006417907636002404,-0.003441610186611406,0.046272006777909304
2021-09-15,0.008317825071969069,-0.0017053304347072775,-0.005881528710091136,0.027601697306119475,0.022754601314508963
2021-09-16,-0.0015863880450771447,-0.0031615427263758287,-0.022902242747818987,0.00019730025294666215,-0.0081907394359386
2021-09-17,-0.009788920533619452,-0.0029147074998104876,-0.0015862999324902439,-0.007523319317769283,-0.010854079709278335
2021-09-20,-0.016814783539920698,0.0050519736283322035,0.007118755657039398,-0.014411803360289788,-0.09826240691849591
2021-09-21,-0.0009450842562417008,-0.0005979224844119283,0.00664689654260444,-0.00040323942883313627,-0.051488267863326775
2021-09-22,0.009707738520097032,0.0009397686157064676,-0.0037409995549623856,0.017989645626378586,0.06839960199678301
2021-09-23,0.0120766126639057,-0.009092160688111509,-0.011613566243419594,0.017671803305539066,0.02985630902322461
2021-09-24,0.0016459758695648642,-0.0030199246804714663,-0.0012850982867509395,0.008527156774534996,-0.04686219528987527
2021-09-27,-0.0028650443173156024,-0.002682670255997259,0.0020798706668898187,0.020816184787313022,-0.014199853523481406
2021-09-28,-0.02035777804784269,-0.003820289872416142,-0.009763940911599527,-0.009685733585303844,-0.028852332947741827
2021-09-29,0.0016817714830935728,0.0010433876665511285,-0.0045149330127863515,-0.00152791913074966,0.012828924814572349
2021-09-30,-0.01229759463447979,0.0012159112615921835,0.01781698430701417,0.004576698988345329,0.05218276011816411
2021-10-01,0.011814113839854787,0.004073632216458367,0.0022505110921036547,0.013230148566782401,0.09420841893127979
2021-10-04,-0.012979914390419262,-0.0012115814550583725,0.004667408258473528,0.02283168052701363,0.02048744985142258
2021-10-05,0.010351314650605277,-0.0031227492121920146,-0.004667408258473519,0.020705413889333023,0.047747610534684515
2021-10-06,0.004147292195015797,0.0002603894235103351,0.002669757352534067,-0.026780017500881825,0.07201410137731079
2021-10-07,0.008608622334920678,-0.004003107068376772,-0.005285683868044846,0.021914696547885023,-0.028498794333346032
2021-10-08,-0.0018253716469037022,-0.00218231460476561,0.00042627404378714777,0.0019850337391385613,0.0030037607441677503
2021-10-11,-0.007266080992454033,-0.002449822349229753,-0.0018893655741350408,0.01271847103451547,0.0631319193015135
2021-10-12,-0.0024649085599728056,0.004545180880758811,0.004504271350483098,-0.0012467664675561883,-0.02543576350608531
2021-10-13,0.0035912501480638488,0.0019165540206362553,0.01763773443447277,0.0008906963598861551,0.023978814816483514
2021-10-14,0.01668092874556693,0.0023473991309244362,0.0024434808580754102,0.0115076337419032,-0.0013872457018979745
2021-10-15,0.0075868386962247535,-0.004962202907338724,-0.0160204917648545,0.005967026197924586,0.0718874583745788
2021-10-18,0.0029562514247902156,-0.0013971087757510907,-0.002482990902389477,-0.0033301659098051565,0.006991272784242729
2021-10-19,0.0076854104284234,-0.0035892943264582773,0.003208519186409284,0.008043391773563368,0.03541344366049976
2021-10-20,0.003919984994096159,-0.00043870047356294,0.008725778175468667,0.01211717752020398,0.026577834542035658
2021-10-21,0.002604812450070917,-0.0026357826256278444,-0.0008991093021597419,-0.01229131880264214,-0.059027668390729156
2021-10-22,-0.0010370352160716425,0.0025478164835595987,0.006098334452755203,0.01074159564510878,-0.02470225108270476
2021-10-25,0.005348589484673112,0.0012281717139724826,0.006890365329616705,-0.0034523933339523395,0.03795038687769316
2021-10-26,0.0008998442006114506,0.0012258865038684685,-0.007427027125168416,0.01066399713809446,-0.04337718610106227
2021-10-27,-0.004440131385770137,0.005586631000933071,0.0026206236403640355,-0.02687633302179633,-0.03166384386368273
2021-10-28,0.009602798702089686,-0.0026145662479689865,-0.00023791366260843256,0.00874896195963918,0.03593449158802419
2021-10-29,0.0020268355780823405,0.0004362877700966098,-0.008544299301700552,-0.004364912968413896,0.026144375505153635
2021-11-01,0.0017186534877102503,-7.861243240653e-05,0.005207004497418708,0.006627112716290071,-0.019858399094867907
2021-11-02,0.004035027763694218,0.0024414710088874877,-0.0021513131388870075,0.0,0.0357758773484733
2021-11-03,0.00608677362315327,-0.003140174771091873,-0.0083501482773226,-0.03881055254059268,-0.004062805617150114
2021-11-04,0.004701368830383101,0.005402305219053717,0.011277125295739413,-0.007618429556688859,-0.02439903425460908
2021-11-05,0.003463701654663833,0.005459474962230038,0.012978359326946427,0.02924764151134426,-0.005328129187967981
2021-11-08,0.0008532865028468553,-0.00433105878714885,0.003585184846901929,0.009503783578212731,0.1001851509422911
2021-11-09,-0.0033109850571731735,0.0045899919142189825,0.004916006634195484,0.015296683760210513,-0.008845099182201409
2021-11-10,-0.008077279487881549,-0.008590076567597643,0.010800248284572371,-0.028875949977955874,-0.02995816542044536
2021-11-11,0.00032361525026025075,-0.003229906746465687,0.005586453042738802,-0.0017771192398281883,-0.0006967481072823624
2021-11-12,0.00751830145720674,0.002096344788936715,0.0018934614978916627,-0.004278111281319079,-0.012300437518712916
2021-11-15,0.0003423783192357066,-0.003933820464776163,-0.00154894492430588,0.0016064287827814688,-0.009365857500370892
2021-11-16,0.003949946260596614,-0.000876365775007847,-0.007260156004477963,0.0023158657822633685,-0.05492245425158357
2021-11-17,-0.0024321596549817886,0.0035875225806699393,0.009095692432078762,-0.021583585242609525,0.00343096492223367
2021-11-18,0.0033907136511355154,0.0006113634931020525,-0.0032143154449525086,0.00995031711888432,-0.058423750403308876
2021-11-19,-0.0017897709622747273,0.002702717752452502,-0.007675708262916443,-0.03238187420872413,0.02046697304630566
2021-11-22,-0.002819314177679888,-0.007340347750503643,-0.02267561664312034,0.012381235248081988,-0.03199831049826229
2021-11-23,0.0013252132990272767,-0.004129981433896298,-0.008690053468478977,0.031633907084367203,0.022481248103212805
2021-11-24,0.00266629946986318,0.0030772713455669088,-0.0009569597921073518,-0.005710216971873679,-0.02263871996463873
2021-11-26,-0.022555685905217854,0.012823427873472902,-0.0016168462526691021,-0.11861104238229331,-0.04936196286050174
2021-11-29,0.012192100282413625,-0.0022559750708339207,-0.0013795005365548109,0.010821690878243483,0.07611754010353458
2021-11-30,-0.01964932833274018,0.0059761820368962925,-0.006744546424564762,-0.046092954289012306,-0.013955922421075117
2021-12-01,-0.011169437793362033,0.0018821260613640105,0.003980006790395922,-0.018325924657032255,0.003928780734843055
2021-12-02,0.01520005197392854,-0.0021585082388683547,-0.005552205835401061,0.02622619579128065,-0.013227302108743101
2021-12-03,-0.008739074526645194,0.005860794425098538,0.008376819081740972,-0.006023507936502145,-0.05233158566534184
2021-12-06,0.01177340321932371,-0.004996970041093994,-0.0024635953850727986,0.05097029234168372,-0.05790820753128781
2021-12-07,0.020473999915769193,-0.003807499513941647,0.0035432060613326127,0.021156554964686693,0.002319467736866812
2021-12-08,0.002644383641580205,-0.003212999205484048,0.0005393685677794685,0.015960304750538758,-0.0038592862213869153
2021-12-09,-0.0067744622256759555,0.002519208366600311,-0.006130129283900702,-0.027070441278895175,-0.057721555808476536
2021-12-10,0.009369591293944287,0.0006937908388836182,0.004211020685246302,0.01960273015478214,-0.009035819421615396
2021-12-13,-0.00889799284980255,0.004757496753954155,0.002518126917516811,-0.011404398608271873,-0.010764521753285891
2021-12-14,-0.006903840244455226,-0.0017277510948854513,-0.009385206339641532,-0.010160315502650334,-0.002674827620426481
2021-12-15,0.01550436528761623,-0.0014704355116272102,0.004282351988516796,0.013653435868815043,0.04783877809998121
2021-12-16,-0.008857561289379392,0.0029070492085323655,0.012024970840539904,0.004831394172570662,-0.025504064198459072
2021-12-17,-0.010700060075276092,0.002243888919871902,-0.002143116686188639,-0.02123801553367177,-0.031180093256039692
2021-12-20,-0.010690293521388556,-0.0008623913261616195,-0.004240244730917084,-0.017481518901270664,0.014570845851164232
2021-12-21,0.017603118419706836,-0.003976576631994112,-0.00041897618344674124,0.032919068808959624,0.042928792887466996
2021-12-22,0.009948997438781545,0.0009525286828354749,0.00935611880010715,0.01749203376803489,-0.006315834406489169
2021-12-23,0.006202932640110038,-0.0020793244619978983,0.002251481491211197,0.012309624653455446,0.043381939329586325
2021-12-27,0.014052956927745185,0.00034691856990475386,0.002364450476828884,0.025825854657926008,-0.0028419275682948957
2021-12-28,-0.0008177230013281502,-0.00017317495394922227,-0.004319380340024978,0.002747464189462748,-0.062151426511976506
2021-12-29,0.0012786327453185714,-0.005128657036296605,-0.0002965516280151311,0.007471627689956004,-0.024336011956341844
2021-12-30,-0.0027685138574004174,0.0033060020173099384,0.007151581744182501,0.00036298136196358135,0.01566773871313257
2021-12-31,-0.002523287690582963,-0.001129852382563418,0.006808358432551388,-0.013521087955069774,-0.018649172756865187
2022-01-03,0.005773190293320995,-0.009347842667692677,-0.015503300973700684,0.008608922300184752,0.003270042051984343
2022-01-04,-0.0003349937258296052,-0.0005265282549349858,0.007339514803169255,0.013765808899177159,-0.012138934663861074
2022-01-05,-0.01938890420804042,-0.004224192824321592,-0.003012197052209778,-0.0028823627729382298,-0.05206628845481275
2022-01-06,-0.0009398154897593011,-0.0024724630633315443,-0.012319703780209438,0.02599859909660947,-0.009410297303589778
2022-01-07,-0.003961195870533007,-0.003276663717585933,0.004540812572282988,-0.0038746301632312623,-0.037847988650375176
2022-01-10,-0.001245359163904838,-0.0002661657423719704,0.0030355936239956378,-0.009040180870163358,0.006317171772508396
2022-01-11,0.009067196993123368,0.002392552398832554,0.01199245713664559,0.03499307360114083,0.021633410637439378
2022-01-12,0.0026998004372034774,0.0001771847468989136,0.0026391371424113854,0.012813022341733761,0.027993907251911834
2022-01-13,-0.01387439592438589,0.0031806808184552207,-0.003402771341298051,-0.010923463932520085,-0.03137582795207003
2022-01-14,0.00040896158269596104,-0.006904306893243761,-0.002883829150556528,0.02875706852475856,0.011859664695822615
2022-01-18,-0.017868199254448606,-0.007579092789707843,-0.0016516182679313014,0.016537502405449878,-0.016942519184628895
2022-01-19,-0.010438018001866072,0.0024135127110702474,0.015755750605134237,0.0013112281186550545,-0.01500991044287061
2022-01-20,-0.011129897873498102,0.0021406586419312583,-0.0025020112544038944,-0.006408688314779263,-0.02581674309560386
2022-01-21,-0.01982582246251182,0.005774664584025518,-0.003267771913809988,0.0019762676597125358,-0.10960468291543993
2022-01-24,0.0042378857035065476,-0.0008861575977370774,0.005479160681096094,-0.011084540199705041,0.005389352048233727
2022-01-25,-0.012284357113136291,-0.001330868096460876,0.003192034576976311,0.014205732736116533,0.008142486826951165
2022-01-26,-0.0025116809679690106,-0.007127900429749243,-0.01629856790431354,0.011577774261702983,-0.0027608244495656064
2022-01-27,-0.004950378194485655,0.004193804195198182,-0.01298211532059733,0.002914042920782401,0.007733837890785913
2022-01-28,0.024532259059477705,0.0023121445029212727,-0.002987752337666492,0.0017766395487242746,0.017247505090414967
2022-01-31,0.01785065555555117,0.0,0.005907056331230696,0.008196081532559862,0.018325313348447378
2022-02-01,0.0067342373463531715,-0.0013524165143311297,0.0008325368758188378,0.0007999238524597116,0.006737318502634114
2022-02-02,0.009667222876233509,0.0020459797655511384,0.00361943388995412,-0.00015990918217524656,-0.04731073995912287
2022-02-03,-0.023785592617942525,-0.004274384755094416,-0.0014224174555621005,0.015710834511345476,0.005441215831991581
2022-02-04,0.004691035804525378,-0.0077038497690135824,0.0015408910869810946,0.02180440407714029,0.11062688345744714
2022-02-07,-0.0032144207329530454,0.0002699192618208403,0.007375317353577323,-0.003549712036491044,0.05483863574338098
2022-02-08,0.008194151305569662,-0.0032418505287302585,0.0030522079460774463,-0.016524169895133563,0.006324808965338507
2022-02-09,0.014530206813984932,0.0013520817643078264,0.003393414275398407,0.008607913695975846,0.00498211368199733
2022-02-10,-0.018129013851558053,-0.009230170870210906,-0.0038037857675304026,-0.00327790957629632,-0.01760339378138894
2022-02-11,-0.01991582601826506,0.01031036203194083,0.018875607865561438,0.027449662089240996,-0.026921126055171853
2022-02-14,-0.0032746538466931277,-0.006952461064189864,0.005336451777182292,0.009386938778892762,0.0042115662722224485
2022-02-15,0.015998384013433488,-0.002994153308881083,-0.009545260370239185,-0.031845952640917725,0.045630604487240684
2022-02-16,0.001120136511955558,0.002087819445820212,0.01023173130733765,-0.011578878628861228,-0.01385529504989858
2022-02-17,-0.021592923469977418,0.005336158240634067,0.013575508168976262,0.009866139977941472,-0.08108233071910446
2022-02-18,-0.006496172820534365,0.003242143013376749,-0.000733724019731723,0.008843432273036696,-0.012586526423760572
2022-02-22,-0.010789533739547994,-8.999966963683503e-05,0.002086858856896338,0.01228144173862909,-0.04456856016148077
2022-02-23,-0.01789802462530495,-0.005229160532560167,0.004497100140272996,0.010623820587493109,-0.026183634615420347
2022-02-24,0.014937102010836957,0.0023476042780938666,-0.006471023453826176,0.001508500489626163,0.027399579951549815
2022-02-25,0.021824084524286087,-0.00027058708927351656,-0.0033362372759372606,-0.008173093606205214,0.022738450595305906
2022-02-28,-0.002561865488048152,0.01130161114946298,0.010311993951243732,0.025211422714287172,0.09664446705281779
2022-03-01,-0.015347446694554727,0.00969251238659393,0.01800043176575384,0.06233167712390556,0.026533380332524757
2022-03-02,0.018229167922742984,-0.015143837745715134,-0.010460864384517259,0.04890948300334435,-0.009753715935407227
2022-03-03,-0.004990975685119745,0.004299282626778642,0.005935763844875876,-0.011870755037184696,-0.03409447865241336
2022-03-04,-0.008157625789559128,0.009871078306919757,0.015803608419049087,0.06405202634966742,-0.0812852755652355
2022-03-07,-0.029922596748641634,-0.0042565692235072075,0.014753495270293054,0.03596758743301458,-0.027866346094458618
2022-03-08,-0.007610604563067323,-0.006508590729164012,0.026991429368426304,0.03647600443815633,0.01758473821596099
2022-03-09,0.026457682894561428,-0.006191836385440886,-0.030161495266205762,-0.123962088264302,0.08046083301385845
2022-03-10,-0.004525687240732272,-0.004600924783488516,0.003116366878477797,-0.018859699951238987,-0.06254685680053026
2022-03-11,-0.012796567252877155,-0.0002711568983688503,-0.007052696024243029,0.03110717362449335,-0.016425482290646415
2022-03-14,-0.007335306200215687,-0.012743556466991525,-0.01518847505814139,-0.047717511561381695,0.022222736239216903
2022-03-15,0.021752226494129525,-0.0004580804900888064,-0.018882610033681094,-0.05953548768292485,-0.00830247189817811
2022-03-16,0.021932047662623876,-0.001376233478722689,0.006241285995487705,-0.005112836852067068,0.044865467674200424
2022-03-17,0.01243326061519756,-0.0019289044017517603,0.004876733952655098,0.07611451604062142,-0.004690916877794194
2022-03-18,0.010893315571876675,0.002938051322807501,-0.008828710707897394,0.012945152272857224,0.020538517974936225
2022-03-21,-0.00029266388556805446,-0.01310438902030301,0.00761175501954624,0.06358350292800369,-0.017451397341420673
2022-03-22,0.011633552299901692,-0.005496127104728077,-0.007277189924242526,-0.012397418320573856,0.03070379130997368
2022-03-23,-0.012962081461499008,0.006702722697704139,0.013567209576051467,0.042246634981325915,0.012531246090632069
2022-03-24,0.014961825938868436,-0.0055821195848917505,0.007234137513108609,-0.027212526285618505,0.024593725965785046
2022-03-25,0.004871638076664927,-0.01031669406601892,-0.004103860537691329,0.012337347301697402,0.008782716407665668
2022-03-28,0.0070880073074041546,0.002260455690739142,-0.018371517706821095,-0.08003237645173043,0.060783304041324586
2022-03-29,0.01229483996143832,0.004972382055863486,0.00044668806848975184,0.021503386864055396,0.00714059973919024
2022-03-30,-0.0061939222337479595,0.003922989895137845,0.008006283379257595,0.02284926196814527,-0.0085279952347302
2022-03-31,-0.015510888610157314,0.0018625263046923972,0.00038752078804877134,-0.0498689228740805,-0.03291800954258311
2022-04-01,0.0028301391166561537,-0.006532458008883549,-0.00638621587890147,0.0006742925881570746,0.016183454010017757
2022-04-04,0.008530027440697769,-0.0006565121219379561,0.004835061682683925,0.03562586201658175,0.007341591448509302
2022-04-05,-0.012711767339721684,-0.011987716125546187,-0.006284549046099261,-0.027167667298447926,-0.02314486060589607
2022-04-06,-0.010049739149653894,-0.003519720952038028,0.0023404756196963713,-0.023673745806336653,-0.05294570510057487
2022-04-07,0.0050263711702647,-0.0024806629417085725,0.0037777415804506904,0.0008209846806297853,0.0068529242315328075
2022-04-08,-0.0026775241625873886,-0.005075939040347796,0.006246419748615932,0.013585319545394096,-0.028353972258937266
2022-04-11,-0.017240148301140252,-0.004812163266287758,0.004947206140849894,-0.024726312824649432,-0.06764040584223356
2022-04-12,-0.0037119177029957175,0.004812163266287645,0.007647435301758943,0.04964602056691441,0.015198991801760951
2022-04-13,0.011388354365928825,0.0022062158462647957,0.004777109287769396,0.031608781573568306,0.02557641749549052
2022-04-14,-0.012529905860946695,-0.009046481946308894,-0.0033090194372706765,0.01455816003927902,-0.030364373354540806
2022-04-18,0.0004109813807484479,-0.002904345528108467,0.0030924062818564585,0.010501458548884719,0.02205835186986756
2022-04-19,0.01601374742473616,-0.006614874160357382,-0.015228268112133887,-0.04515299902523628,0.016435294339235306
2022-04-20,-0.0007418616870991816,0.007777590520601349,0.0048830061930919995,0.004931836825484317,-0.003097867846210707
2022-04-21,-0.015066458369549148,-0.005535026045739352,-0.003563943502360224,0.011328711263713346,-0.020684439708319406
2022-04-22,-0.02782245735268131,0.00048650852883572036,-0.009769661352400816,-0.02344218185870405,-0.019611085251918917
2022-04-25,0.005780496222036946,0.006403199388226676,-0.018134432520229594,-0.021993414882633698,0.01790572916517274
2022-04-26,-0.029388269760100023,0.006650992000143328,0.0015238553873300224,0.02395717186868813,-0.05959955698854747
2022-04-27,0.0028079626320133963,-0.005587439331564367,-0.007585723242633687,-0.0011777314298873113,0.029052734994520196
2022-04-28,0.024945619259987367,-0.0014502217478300555,0.0053838047894630165,0.02214398069140387,0.013483906721524785
2022-04-29,-0.037655930646413885,-0.005335488741055341,-0.00011298334784093811,-0.01185273005707613,-0.02970235366082905
2022-05-02,0.006001764825659763,-0.0074778982532960085,-0.01871452290294498,0.015687522230842913,-0.002087036751700583
2022-05-03,0.004573324284651621,0.0011768419580482315,0.0026457593569150124,-0.021797404118103575,-0.02042224184090012
2022-05-04,0.029998362583391378,0.006447259195789887,0.009774616775434711,0.045001521947341354,0.050312677532991644
2022-05-05,-0.03618984496243368,-0.010079812704404908,-0.0038184194446891804,0.003235872503980499,-0.08194136472907673
2022-05-06,-0.0059866126213509755,-0.005721356070765317,0.0016545049194706565,0.020294576247385527,-0.014713780107637159
2022-05-09,-0.032541197366629415,0.007391649417777262,-0.014585347642546313,-0.0700979731707621,-0.1736078611020874
2022-05-10,0.0023078152383311803,0.003333018638185513,-0.00848106565352078,-0.027003638624532214,0.023678692386482958
2022-05-11,-0.01601345959174603,0.006147028543108194,0.008133958004822058,0.04781215175338986,-0.06962706368652095
2022-05-12,-0.001044631779341985,0.0033014512792635077,-0.015452706170676834,0.013341193078315002,0.0038423156405122537
2022-05-13,0.023626732971868687,-0.0052490005783976034,-0.008142627698810948,0.025544911465052732,0.008069582993285078
2022-05-16,-0.004065929863033848,0.004181917343189918,0.009493279652076629,0.022265070097156798,0.01960683113380203
2022-05-17,0.020361542514315253,-0.007598677232994375,-0.006299094085683991,-0.024358773301596696,0.018675310971867837
2022-05-18,-0.04114647531351928,0.007113145719152515,0.000531343704844183,-0.022694236776363685,-0.05768962303395388
2022-05-19,-0.006143393708627686,0.003586508330145824,0.014590277160260899,0.01613847365576466,0.054017472510896065
2022-05-20,0.0004364310395285249,0.004632998718897833,0.000697767757192036,0.013191335617879649,-0.03742660999960213
2022-05-23,0.018537068719454056,-0.0060853576110347805,0.004639589893868967,0.003911503452491727,-0.003493337644354639
2022-05-24,-0.007662888449974107,0.008586166685576343,0.007493711725538028,0.00036590570724210285,0.01894978176706928
2022-05-25,0.008795890807554153,0.0020156902250761653,-0.006048248796558386,0.005836633144421413,-0.0031485281301596416
2022-05-26,0.01978440333571033,-0.0004799574231616066,-0.001850609639927292,0.02526013261478566,-0.010033699544872113
2022-05-27,0.024252817500364454,0.0014378275564827288,0.0005208853826908474,0.010232406479484663,-0.022097889022563728
2022-05-31,-0.005626952761359853,-0.010494486165709497,-0.009942270255165302,0.00011703195722255155,0.10485406697380147
2022-06-01,-0.008121187751996285,-0.0056465887854098935,0.0063488366174163004,0.0008186620415099886,-0.06474693067083527
2022-06-02,0.018864262680953765,0.0014613420454880417,0.012234040087981134,0.01979344758085911,0.02218263391098452
2022-06-03,-0.016547607384315457,-0.0019485580972410303,-0.010203900438868029,0.02512582612068235,-0.02536528971019155
2022-06-06,0.0030399856662756877,-0.007536103177502916,-0.004413447852864014,-0.012144553035572943,0.05457857235495718
2022-06-07,0.009546532982599476,0.004019879017611073,0.006497267812168451,0.018495192038892445,-0.006883334658869973
2022-06-08,-0.010931598865858476,-0.003725118964896142,-0.0009256257836888652,0.02142582606010675,-0.030672946983430784
2022-06-09,-0.024070200334653975,-0.0008841939045317009,-0.0031883338247287547,-0.009941590967299982,-0.0033934595457949636
2022-06-10,-0.029424285494188837,-0.009878578459884513,0.013323135228160962,-0.010485219204587856,-0.03474221923780006
2022-06-13,-0.03870793752371669,-0.01792994858678791,-0.02676735882447253,0.0025486562597105897,-0.2572268307057921
2022-06-14,-0.0030178075665065365,-0.008017103443133625,-0.008035407203286724,-0.021364312251306368,-0.012556416941057361
2022-06-15,0.014155716643719009,0.013861885104605353,0.012966509676610984,-0.01733418550159643,0.01634917508386348
2022-06-16,-0.03365616863184475,0.00650985691033022,0.011180446816136464,0.008362536165384625,-0.10211240133010355
2022-06-17,0.002153432080024952,0.0002995264069456119,-0.008256810144045654,-0.050537154714440646,0.004397810882562394
2022-06-21,0.024861925269411077,-0.005202821893251096,-0.0037437854344901486,0.008483314110952442,0.011612717039855306
2022-06-22,-0.0018146882377765156,0.01256098726315802,0.003977268335422712,-0.038445355409975686,-0.03556200532463169
2022-06-23,0.009754961381478962,0.00563097650096905,-0.006148118298448717,-0.023771842391392836,0.053519949652552336
2022-06-24,0.03129897998799968,-0.00355231125470014,-0.0009989609969459391,0.02858220509708128,0.006889809613761697
2022-06-27,-0.003827219544057782,-0.005651510528940447,-0.0011176944418580068,0.020219978683858122,-0.023647116165469387
2022-06-28,-0.020644338892091097,0.0012918107748334452,-0.0016493806069405818,0.021354833558795493,-0.022179692795419582
2022-06-29,-0.0008148819412911896,0.008010863824999546,-0.0007666517068580592,-0.021113735855704422,-0.00874651225988825
2022-06-30,-0.00815731855348887,0.007654081401735025,-0.006095587698335223,-0.03184590665300542,-0.016009711756282033
2022-07-01,0.010520994126970908,0.010662657508690408,-0.0008313996785857856,0.01629464175690324,-0.02639361166796203
2022-07-05,0.0018867232771606077,0.0036741178624496653,-0.021437799680384485,-0.08813626172497899,0.04667649717684102
2022-07-06,0.003371712912413653,-0.008528843996244956,-0.01596901758740465,-0.014954817385141733,0.017582449257883936
2022-07-07,0.014866125581309215,-0.006151018060802068,0.0005548992912700342,0.03834852612999407,0.05165639338861742
2022-07-08,-0.000822979013672293,-0.006090441981014398,0.00043143823725389326,0.025663898836797847,0.0043132227124235666
2022-07-11,-0.011489483099537354,0.007851309057273909,-0.0053749265251639535,-0.0039548121986266085,-0.08448618428363855
2022-07-12,-0.008888231941728001,0.002343783443050816,-0.0037236489059839332,-0.07179997373264087,-0.03291562138901987
2022-07-13,-0.005265444577716975,0.004282335620100738,0.004776265963686179,0.005205558094811725,0.044936759944821686
2022-07-14,-0.0024315075010253426,-0.005550912592402884,-0.014146649261641277,-0.004656321274512414,0.017549651263241726
2022-07-15,0.01892495729738447,0.003412122847047453,-0.0020104758163567997,0.012142852140508807,0.012868197042892807
2022-07-18,-0.008291428366972053,-0.00292385274130057,0.000942949789432323,0.04078944438935173,0.07618107481235145
2022-07-19,0.026660768930879347,-0.004598141716012257,0.002384623832616704,0.01601487783589144,0.03940528200341783
2022-07-20,0.00635292278077363,-0.0009811961549215265,-0.009446509339211243,-0.005266935621969812,-0.006765243636369361
2022-07-21,0.01013184013731339,0.01132170945547393,0.01401179660226555,-0.028082581586164848,-0.0028926217700481673
2022-07-22,-0.009321490897516256,0.011386840055160158,0.0024926409954947677,-0.012798456338420777,-0.019601945764881813
2022-07-25,0.001214212350740309,-0.00355660839492437,-0.0027423043036363935,0.022422198946315527,-0.061424899588963196
2022-07-26,-0.011901706854784727,0.00038501231870205173,-0.001186514317386386,-0.014004688191793072,-0.0057250438268413185
2022-07-27,0.025635027864145017,0.0020193518838348542,0.010133467249785824,0.03542158159082639,0.07659542154936112
2022-07-28,0.012464391648395164,0.009845609552957987,0.01211168004371747,-0.00954853052413884,0.03905783089201425
2022-07-29,0.014473431720125827,0.0003804093825712747,0.0028071459585694595,0.01185741172534521,-0.001647644691440151
2022-08-01,-0.0029653896413980555,0.005831140024161719,0.005651232868696488,-0.03812977623813476,-0.020817634234079938
2022-08-02,-0.006619387000194578,-0.013922001073598401,-0.005955990148902209,0.0105919574209734,-0.01452024708261338
2022-08-03,0.015538210058930968,0.004120580175000086,0.002435276067987767,-0.032118397637613996,-0.005744061707541017
2022-08-04,-0.0006758493945123267,0.005055315857606971,0.016404693683584038,-0.027576544552019324,-0.009479525568520927
2022-08-05,-0.001691702627827614,-0.014567757440879677,-0.011309781450742627,0.00013982157360873483,0.028675899088160428
2022-08-08,-0.0011615380123715547,0.00587181106288853,0.008434348290836127,0.027572741694214514,0.0220894382615691
2022-08-09,-0.003978746561121919,-0.0029792724173518348,0.003054867797077557,-0.0012246272513984958,-0.02747099349637511
2022-08-10,0.020786242591401143,0.0005773865782063728,-0.0025151110588634198,0.011775229328236174,0.03325679505388167
2022-08-11,0.0,-0.006661010831454468,-0.002641706914863643,0.026030674329950296,0.00041276206736784357
2022-08-12,0.016787380425087584,0.003963400456626669,0.009155976822720392,-0.017189308650474563,0.018415982056898608
2022-08-15,0.004112296084984154,0.0031785677227431203,-0.012950528089989187,-0.028407240813477935,-0.010953832132927683
2022-08-16,0.001956768364632646,-0.0011550591404573191,-0.0017516299628300418,-0.02275978683027081,-0.010565706274135412
2022-08-17,-0.00712331178230017,-0.006762036339997749,-0.006489345947105167,0.011305936366571526,-0.023181944883864696
2022-08-18,0.002902166990392437,0.0019369481830298287,-0.0026198444873023344,0.029538534843419915,-0.005295957030778942
2022-08-19,-0.013529160158512332,-0.008647242131851657,-0.007347552958114958,-0.0020233571248430395,-0.10602664190168617
2022-08-22,-0.021042043666446235,-0.0044009257599540485,-0.00665930336783302,0.008336780239749365,0.024665352243595003
2022-08-23,-0.0024221504351456084,-0.00245296956552976,0.006966551217581505,0.028382889952123836,0.0060185938546632
2022-08-24,0.003195854465895887,-0.0033461231781733865,0.002944580504679446,0.015626314774332784,-0.00620033327852915
2022-08-25,0.014018780889491107,0.006387290331605709,0.0030581063588208724,-0.01993078665393413,0.009577016652955654
2022-08-26,-0.034435267871693896,-0.0011758786408047528,-0.012227153201929956,-0.008533055155007855,-0.06408571655966329
2022-08-29,-0.006634148599412758,-0.005704549174554037,0.0006180465249853886,0.036758427895031934,0.001872607508800721
2022-08-30,-0.011038328161066958,-0.00029565209834381555,-0.008375556136480044,-0.04178087110105697,-0.02500132778356697
2022-08-31,-0.007638475029458754,-0.004152429885873714,-0.0077553096129762645,-0.03177007781783223,0.012696624168793951
2022-09-01,0.003133081439758979,-0.007981494203875549,-0.00882902347465035,-0.02998980406036944,0.0038518173635346637
2022-09-02,-0.010600430295528285,0.005586310856546526,0.00876617372318804,0.006742592846000861,-0.007849479691159277
2022-09-06,-0.0037801693077267056,-0.011204357355680244,-0.005856578259356107,-0.00014003691079669602,-0.058361223781760084
2022-09-07,0.017805441822593946,0.006518018052146151,0.010117286090114818,-0.05467407863082617,0.02374515374913594
2022-09-08,0.006514955513264536,-0.0037049173565166143,-0.006020378897494643,0.006926467813874334,0.00204607030353663
2022-09-09,0.015416086956076514,0.00010033739890265532,0.005269846503477033,0.043257009636661424,0.10086009766789074
2022-09-12,0.010690066341774674,-0.0024101741994620282,0.005055386193321507,0.017704571481807953,0.045231054248108374
2022-09-13,-0.04445621747704167,-0.005647469495787495,-0.013096728906648173,-0.004986858903455066,-0.09728219892342403
2022-09-14,0.003808584401382476,0.0005057700461040911,-0.003855034555311845,0.009948972396031864,-0.0027439686753737906
2022-09-15,-0.0114180885989443,-0.0034423677571856,-0.018855801737618274,-0.041693190099260855,-0.02703458624126178
2022-09-16,-0.00765826602603184,0.0008112031222130227,0.005533767627080334,0.002004860845925951,0.0036162281734326176
2022-09-19,0.007725108789210856,-0.002841737606169212,0.0007697907679810017,0.00214364527921781,-0.011621401308850286
2022-09-20,-0.011544924239007468,-0.006218466886056083,-0.005722932055293624,-0.011919460506117313,-0.03400047754708742
2022-09-21,-0.017597867362158168,0.0039804284632942,0.004632228320962459,-0.007831815369600275,-0.018344813515223775
2022-09-22,-0.008435080767109584,-0.015188849406423111,-0.0005778441890031698,0.0042136046695252245,0.045641677549128984
2022-09-23,-0.016896996518026543,0.0012399926062093742,-0.017427816406674814,-0.05437338171199155,-0.00598857629671097
2022-09-26,-0.00994201209245436,-0.01676870714439878,-0.01170141432179742,-0.03299395020561455,-0.0038923305891219915
2022-09-27,-0.002555952520365268,-0.006850405219770942,0.0020477436877313054,0.019119802254714994,-0.005850034170169328
2022-09-28,0.019485462952278116,0.02227558893919503,0.020573557832177892,0.04120688155693027,0.016409099157190264
2022-09-29,-0.021110521410132425,-0.004665179545592623,-0.0001939471718055397,-0.005377169442583579,0.007504185755091534
2022-09-30,-0.01558430380181377,-0.0026012422067952586,6.462035224685361e-05,-0.022568135637345235,-0.007243323491751529
2022-10-03,0.026058946363651626,0.011798378033518405,0.024019005945363412,0.03920304736689929,0.009821571864517747
2022-10-04,0.030515994992127003,0.0020611333952894146,0.014226444596111972,0.03459850662650263,0.035702295702777984
2022-10-05,-0.0023307420180694407,-0.009516169730293442,-0.005553659432976476,0.02334522625442119,-0.00869820607502516
2022-10-06,-0.010369353004078135,-0.005523260588525199,-0.0011269264553861384,0.014489943991922168,-0.010234041758595132
2022-10-07,-0.028290542531816995,-0.004923883278224476,-0.011023386142689101,0.02849812225602715,-0.020687828067475794
2022-10-10,-0.0076644300136981865,-0.005898584381019757,-0.015318203217156916,-0.01773286282877452,-0.02095619157510827
2022-10-11,-0.006353227040129157,0.0025325033914764083,-0.002060212330939929,-0.027899820983622422,-0.004716403712704758
2022-10-12,-0.0033038584887877132,0.003261145708281598,0.005335071671709423,-0.011494375123242773,0.005549896374470987
2022-10-13,0.026048866566582937,-0.004210163934712539,-0.006947611087114204,0.022168860080398787,0.011700026522297709
2022-10-14,-0.023052514913304192,-0.0056056317537110266,-0.012537160793022467,-0.032941496427241077,-0.010228526229371489
2022-10-17,0.025372417122207423,0.0010597553947536528,0.0028720806307473926,-0.000570219784979795,0.01885111894269266
2022-10-18,0.011681169066307581,0.0025399146192417333,0.002148660090392182,-0.020601468577874062,-0.011127327349328565
2022-10-19,-0.007111613201580908,-0.010517744283697955,-0.013488925988338462,0.019317365682351977,-0.010130621895940859
2022-10-20,-0.008420758662319724,-0.007504831776913322,-0.0015834633753089122,0.0019968540143976603,-0.004492679159130498
2022-10-21,0.024010850816993334,0.0022569740893714093,0.01767059741452654,0.005541746184756804,0.00621191065339352
2022-10-24,0.012162252794728448,-0.001288860304608141,-0.0032488658845126403,-0.0026960278198958007,0.008988239092956676
2022-10-25,0.01584237048513489,0.012393447293829242,0.002275353560635257,0.0032626933038349096,0.038050125599863024
2022-10-26,-0.007562717173691561,0.0050834915566889205,0.006343446354353355,0.032876628334126724,0.033017194358947406
2022-10-27,-0.005354260877689393,0.007052881805868653,-0.0015497241473593686,0.008868350752062925,-0.023607984321621485
2022-10-28,0.023512113851704663,-0.00515274152181238,-0.01026317410117862,-0.010926126701963397,0.015142492579417856
2022-10-31,-0.0072493240827923395,-0.004544526669933859,-0.008194886192774814,-0.01787371350178193,-0.0048467069192588905
2022-11-01,-0.004385637398568566,-0.0001805771836583425,0.010151726172797497,0.021985039653876663,-0.0005124320157945651
2022-11-02,-0.02541638096239218,-0.0017004164345540507,-0.006996970202892216,0.0130436503466261,-0.01603042401585493
2022-11-03,-0.010350422368563686,-0.004369288057259867,-0.003813297433937162,-0.010721428625580514,0.002501116490787244
2022-11-04,0.014290650235058367,-0.0021386021769121783,0.0302345832528433,0.04704083251554629,0.04533199824767065
2022-11-07,0.009520160515753795,-0.0035389254083133116,-0.003970260739379374,-0.0033903036892483644,-0.026081164613568686
2022-11-08,0.005380766215986706,0.006637937144935711,0.022836328940686813,-0.027678339141470294,-0.10542864681146098
2022-11-09,-0.02081714884570271,0.003408878497549773,-0.005029894759161607,-0.038324151657016116,-0.15488954817014716
2022-11-10,0.05349725551312668,0.022192181969839186,0.029990153003992607,0.007921655080017409,0.1020374090112842
2022-11-11,0.009631872120313037,-0.0020825782752151413,0.00658459794711783,0.029193172033138825,-0.03191845360130116
2022-11-14,-0.008542762976858584,-0.0024001106711876645,0.0021852662272774694,-0.03377166352988229,-0.024730112327480673
2022-11-15,0.00849275505220525,0.007390668504277911,0.0035106980811025834,0.01846285985648723,0.01590431717951544
2022-11-16,-0.007657986004868337,0.007336537051093486,-0.0022987420952167376,-0.016656714880824184,-0.012825680370738035
2022-11-17,-0.0030646402734143888,-0.006818577527951587,-0.007293959961673216,-0.026728297006224744,0.0010839194206494296
2022-11-18,0.00453010143036002,-0.003530192492954505,-0.006917507382313755,-0.015952060978404792,0.0006146278457023498
2022-11-21,-0.003642720544404585,-0.0006246564206143159,-0.0056056352070885974,0.0,-0.05607080012181534
2022-11-22,0.013367230379518789,0.005708839518724488,0.0011730356909015207,0.013668359877717839,0.02517471508039186
2022-11-23,0.006281993286868217,0.005367496967758243,0.006212503317279542,-0.03741610571818786,0.025667956985737504
2022-11-25,-0.0002239069438359998,-0.0003089420281939925,0.000858102340972588,-0.006698016682783079,-0.00536423852736
2022-11-28,-0.01608561609085366,0.0004120215260296401,-0.007934893665371402,-0.0011954847993394977,-0.01860330416717548
2022-11-29,-0.0017190391592272973,-0.00422866834854983,0.004928261563008794,0.021595265391397535,0.01394046411034608
2022-11-30,0.031014648784289577,0.008952514423693136,0.012700921015012894,0.02728042486953995,0.043059766583943886
2022-12-01,-0.0007360216753549973,0.01086326725028007,0.01821784239630758,0.003127577056553534,-0.011802068595367332
2022-12-02,-0.0011545753268856777,0.0020285163433659092,-0.0034616677176241193,-0.008696335930977288,0.007136986045805121
2022-12-05,-0.01815292547454132,-0.010185322955032966,-0.01730780530272015,-0.030825283804969506,-0.006683661621584781
2022-12-06,-0.014519618517959208,0.006123101313702827,0.0027336344458788004,-0.037462038019639,0.006733035250819497
2022-12-07,-0.0017026185910978485,0.008713106126594171,0.008998493556537802,-0.024520188294660232,-0.014224977832437721
2022-12-08,0.007803335274135067,-0.005664849644589547,0.0008413425277820795,-0.014878439020829535,0.022614200081039638
2022-12-09,-0.0074982779410994824,-0.007432508650046488,0.0035378943750204003,0.0022300008026052776,-0.005838370505888547
2022-12-12,0.014314376919413552,-0.0014319627876477337,-0.008294841833501867,0.024518046656870587,0.004268266909601029
2022-12-13,0.007541161884121023,0.008965754877805546,0.016936889733695327,0.02226232880060566,0.03286478873072886
2022-12-14,-0.0064139406635141324,0.002735285124268206,-0.0024359858905979824,0.022520092779482675,0.0019289306421712124
2022-12-15,-0.02476569568652416,0.0019440685919519256,-0.016494600382901816,-0.01812646536719302,-0.02562838102102438
2022-12-16,-0.011876642494606083,-0.0025325057528183615,0.008671019495160068,-0.019077266406641608,-0.04218980898149945
2022-12-19,-0.008515775521940822,-0.008145625390024355,-0.0028218082489996433,0.017867134201542435,-0.012561210713320567
2022-12-20,0.0013673798292520752,-0.0072855272255019565,0.016458298941440037,0.0022677691303373783,0.027988705082472278
2022-12-21,0.01484185085979364,0.0012353147696132379,-0.0016573862871153066,0.02740708264822196,-0.005264509420176635
2022-12-22,-0.014368768425604181,-0.00030864084371686585,-0.012158980168932585,-0.005303498360812256,0.0007612154110786702
2022-12-23,0.0057356416317514,-0.004537710868720106,0.002993835039254722,0.02364732560442004,-0.0019858084288219657
2022-12-27,-0.0039514930237209474,-0.008407196217270603,0.008394677302769623,0.00302483610944606,-0.004760944402953173
2022-12-28,-0.012505525345169868,-0.0024000518057697585,-0.004515989032750605,-0.013757322820113613,-0.009895050300250239
2022-12-29,0.01784011939215787,0.00489842984058063,0.005582639597805041,-0.0007293859492675817,0.00540864482551941
2022-12-30,-0.0026375110722685435,-0.004167831979805329,0.004667758029330661,0.0227938581394542,-0.002391695878759684
2023-01-03,-0.004218644710676867,0.007800500956714143,0.008335816871946341,-0.03586593091765443,0.004643386447225168
2023-01-04,0.007690568393321113,0.007635974274565522,0.009367889939565922,-0.050639836302035814,0.010934153962035356
2023-01-05,-0.011479078408583402,-0.001439950870876943,-0.01252963086748756,0.007437216194541976,-0.0015728177184386805
2023-01-06,0.02267306180848827,0.012787412011998064,0.01853466381119925,0.0007715925314888759,0.006820792235553174
2023-01-09,-0.000566887829122111,0.0025379766993334483,0.0022426010679794787,0.016066376187913362,0.014325077364631152
2023-01-10,0.006988234572443178,-0.006305907985272831,0.003669304474491391,0.0003036010441630007,0.014418133870887372
2023-01-11,0.01256863567082525,0.006407208415276947,-0.0006870298860052756,0.0321043092803694,0.02762115049773119
2023-01-12,0.0036341119999026947,0.008881844036783063,0.011501603213231942,0.008195531655465077,0.05080318049018759
2023-01-13,0.0038718884548808513,-0.005340050413370056,0.011930333702592914,0.020771010749681358,0.053649212803668606
2023-01-17,-0.001833479256864503,-0.00313616482523535,-0.006566591290624395,0.011496791702374045,0.060983683356420605
2023-01-18,-0.015913892600273847,0.013487643212504046,-0.0028758838411488395,-0.019235450205709933,-0.02259283115330066
2023-01-19,-0.007306451066523186,-0.0019013434561423997,0.015743931377470842,0.015417781683692396,0.019055334102897954
2023-01-20,0.018457548942983307,-0.006633157611282824,-0.0033409804213138158,0.01350810912576627,0.0726845526110478
2023-01-23,0.011927296262584893,-0.003231978307559489,0.0018946378029897782,-0.0006990989545978417,0.011307874962590485
2023-01-24,-0.0010740067180352053,0.005749674917227232,0.0036119840879409123,-0.01806426157569518,-0.013077079200906103
2023-01-25,0.0003747269125585206,0.0011055959909216945,0.004593393795208086,0.0041213859035260465,0.021043184701323544
2023-01-26,0.010930559442648298,-0.003623292600589334,-0.009096515003608066,0.005938905488694923,-0.003687148593844675
2023-01-27,0.002294857903095294,-0.0015139477343934311,-0.0013939615756237058,-0.020366726945741213,0.001993046474165044
2023-01-30,-0.01262605036222015,-0.003135654380503007,-0.002570014931290955,-0.020349561821725017,-0.010391893594001021
2023-01-31,0.014596208840214021,0.005052712268841825,0.0036296165072691286,0.017756269695963556,0.013012288539514132
2023-02-01,0.010571753129550812,0.0071662635974816995,0.012518134528387544,-0.028682081449875,0.024945734590003956
2023-02-02,0.014452130710883028,-0.0004009288208866762,-0.0209702840085377,-0.011797357966781613,-0.010674749877368259
2023-02-03,-0.010686079505278943,-0.010793805275785898,-0.025274496401227434,-0.03314036422424884,-0.000961136247671562
2023-02-06,-0.0061300909410834945,-0.008658039744775546,0.002073259184240806,0.0169364858371267,-0.02983217839542564
2023-02-07,0.012993747308252122,-0.0024579345274395622,0.0009200023760844002,0.033921939229015846,0.02191019571493288
2023-02-08,-0.010994978285936515,0.0036849952279580183,0.002468544755507998,0.01348595860249737,-0.014063722484005989
2023-02-09,-0.008706943618080366,-0.0045057403344995655,-0.007943887464013586,-0.011127525428619237,-0.05007294792111713
2023-02-10,0.0023307693396556264,-0.004835831731702643,0.0019053779351280687,0.028305896830148548,-0.0077228177249046275
2023-02-13,0.011670784366163865,0.0023694574808178683,-0.005089097798950408,-0.005309659303502354,0.007221409653118935
2023-02-14,-0.0004602369724080124,-0.00453778549648261,0.000753454984742333,-0.0014398630712601167,0.018747466050136215
2023-02-15,0.0032423380588113824,-0.0030019452120624555,-0.010014646847400324,-0.005490620466743967,0.08977000786319626
2023-02-16,-0.013864654107051224,-0.003322418883162263,-0.0008195726363130796,-0.008292761882037352,-0.028558101481565734
2023-02-17,-0.002501355102409754,0.0028040264649068316,0.002982339072148569,-0.02111247493007664,0.03910624942610064
2023-02-21,-0.020264823130122216,-0.0109506058246671,-0.0037440046605545256,-0.004935978968133384,-0.005275232239033175
2023-02-22,-0.0013790821687692744,0.0017812350309887959,-0.0056423768979153,-0.02689933881089072,-0.010180396881003117
2023-02-23,0.005305173288612877,0.003865654220866805,-0.0005305918526508475,0.022240050473573206,-0.010027916762018151
2023-02-24,-0.010739857712168878,-0.006066657994986025,-0.0072206822499255125,0.010788256322086997,-0.03179206740644356
2023-02-27,0.003400137419661033,0.0030380659087981578,0.003912670406128105,-0.01274855637093305,0.01390164525901003
2023-02-28,-0.003702878268058835,0.0015674579598709973,0.004545621851780495,0.014386567493651187,-0.016092730875103014
2023-03-01,-0.003843238926946426,-0.00802703926825897,0.005755555600934512,0.012714550616613331,0.021336804939163678
2023-03-02,0.007747289116636264,-0.004122526087738496,-0.000585735153896139,0.003373228281813805,-0.007261350209481709
2023-03-03,0.015910439941150968,0.008018046376566114,0.010666001055863707,0.022583436857057777,-0.04856242572977136
2023-03-06,0.0006924803881068623,-0.0017878778610850238,-0.0050565936951402655,0.008977577364876187,0.0029950669750121593
2023-03-07,-0.01544742842560477,0.0001052793004655485,-0.017635068390636166,-0.03817146168846966,-0.009406138966041635
2023-03-08,0.0016306878857824047,-0.0003155971592864014,-0.0004745630282821619,-0.011115342554609482,-0.022837315061132093
2023-03-09,-0.018621971470041982,0.006192438188664594,0.00980112770009771,-0.012899543410116997,-0.06442451332853331
2023-03-10,-0.014534526358389177,0.01824837317001449,0.021333667247723984,0.013495504634011979,-0.00866965688311379
2023-03-13,-0.0014264647045343325,0.012050623815389974,0.022688861946558777,-0.02855393625835679,0.18119976745792632
2023-03-14,0.016395197607539696,-0.009485430684315593,-0.005807897981361377,-0.03620304381451234,0.02241616479750579
2023-03-15,-0.006274125282732564,0.014346322600430237,0.007773838437142398,-0.04734515474921716,-0.015069419825617957
2023-03-16,0.017392903303106087,-0.009031302857785502,0.0020180543660701534,0.0004996881818491839,0.027387721969650478
2023-03-17,-0.011761536076620411,0.01175517389438657,0.028704276731304653,-0.02341947487284306,0.09043081735478727
2023-03-20,0.00956968375013147,-0.004037742405462545,0.0003807952240648717,0.019080377257115984,0.012440797804941606
2023-03-21,0.013045027817642246,-0.00873699825079241,-0.01905552456933767,0.02379881980853396,0.014607259457310753
2023-03-22,-0.01719337044697809,0.01307699375484803,0.016877382247649345,0.006186946919446414,-0.031304934786025286
2023-03-23,0.0026996481106089636,0.005724302783737843,0.012460224063675791,-0.010114261104450387,0.03690243092144147
2023-03-24,0.006540797832728465,0.0003001767730189372,-0.011316136891165252,-0.000492047468827646,-0.03011973318555565
2023-03-27,0.0018679047761187874,-0.01238956445427264,-0.009299831745516636,0.0510062184878568,-0.012937246316294546
2023-03-28,-0.0022470773860813857,-0.0006087232844134822,0.008155744573006158,0.006216049722321394,0.004714100093914092
2023-03-29,0.014430346553650018,-0.0017254530467975266,-0.0049731154716589265,-0.00621604972232142,0.03885339931269162
2023-03-30,0.005838029865546434,0.0015226389097722382,0.008998964139577773,0.018074148582498593,-0.011169598741333131
2023-03-31,0.013996178033035772,0.005462733077814877,-0.0052258772770236855,0.017001058060870593,0.015746414888453637
2023-04-03,0.0038032054523368035,0.004700047838072748,0.00717858251921089,0.05604559594105038,-0.024464682416771046
2023-04-04,-0.00556321750188441,0.0064182897537301995,0.018469345695108493,0.0,0.01350558587463783
2023-04-05,-0.002621910856948151,0.004190385308877001,-0.0007982432900847153,-0.0004269985186173289,0.0003512057047058866
2023-04-06,0.0038933326548436973,0.0002984269869427619,-0.007159660374899705,0.00028475832877019545,-0.004761257346579407
2023-04-10,0.0010259662678341588,-0.00990177228974715,-0.007427401530065852,-0.007141867019033599,0.05578292232966071
2023-04-11,0.00026834637601472937,-0.0004020280405818624,0.00630066529229045,0.0186044923214934,0.019439489564332186
2023-04-12,-0.004084328966157257,0.002911764173169532,0.0048732452945133,0.018955279875836988,-0.0031803678161343176
2023-04-13,0.013195433185427685,-0.0033140409957210406,0.013425150587981827,-0.00873606386285562,0.008590133768281546
2023-04-14,-0.0024458335657925774,-0.004940981878431309,-0.017869017219899228,0.004030769059586438,0.002845797962018112
2023-04-17,0.003581929157607302,-0.0063892415500539975,-0.00446370276447651,-0.01749152639822538,-0.034732053566728906
2023-04-18,0.0006519822839436289,0.0016261826948854512,0.0038732698004284223,-0.0015539027099905924,0.03183646099781629
2023-04-19,-0.00016907429554974062,-0.002135254590653402,-0.004789973842758077,-0.020424908276372868,-0.05319953662867234
2023-04-20,-0.005471879401133712,0.005785379829051735,0.003930524556986942,-0.024836989756020837,-0.020211126619281063
2023-04-21,0.0007766506420336148,-0.0024317601811999255,-0.009936876904451757,0.00898320776769644,-0.034910877271712444
2023-04-24,0.001042578808164544,0.004857533840186611,0.0030347260178608367,0.015131976823006441,0.009066466769448266
2023-04-25,-0.01600119353395608,0.009845406693275247,0.005073426510561733,-0.02381930716981419,0.02802320777395386
2023-04-26,-0.004244526004776099,-0.00390637996584003,-0.005452222698837164,-0.033993378007582085,0.004057925868580612
2023-04-27,0.01971227756756543,-0.006545115489726524,5.4098929279836664e-05,0.006861305480174958,0.03631313286229464
2023-04-28,0.008498889035708742,0.00744783631528302,0.0002706158931134578,0.025355832508257625,-0.004540602889751968
2023-05-01,-0.0010102157925749485,-0.011839647717893769,-0.004501468248394752,-0.014174007180748318,-0.043491219949901495
2023-05-02,-0.01130274916954923,0.012934689525188088,0.01911282169964576,-0.054025540387353785,0.020749270291120427
2023-05-03,-0.006887696946083317,0.006505213730379515,0.00844333039400089,-0.044430100076951085,0.011294600825028724
2023-05-04,-0.007108143337843649,-0.00019955190496552853,0.007008337579460111,0.006445760401040478,-0.005482697825375376
2023-05-05,0.01834335818150907,-0.005402402589769082,-0.015771672012865213,0.037667073523529444,0.02352452363535224
2023-05-08,0.00026661431339227603,-0.0061376708741511235,0.0012261535425393925,0.01932660277326006,-0.06432951314172883
2023-05-09,-0.004395065799153864,-0.0012118018037565298,0.007061173494320752,0.009447922633489923,-0.0012826051136456092
2023-05-10,0.004661531844436032,0.007449794096380857,-0.0014294640409972018,-0.007426977493639411,-0.0013393336115541375
2023-05-11,-0.0017456353033102152,0.003704058136371994,-0.008619799546280105,-0.017863204463481844,-0.0227376278728039
2023-05-12,-0.0013111323437108749,-0.006013566742751519,-0.001711544099310757,-0.01883235209870723,-0.007278017155925187
2023-05-15,0.0034441788040511794,-0.002214513612685173,0.0021389727993926496,0.014713234771474664,0.014360237763413684
2023-05-16,-0.0067051544140208355,-0.0032291919987547857,-0.01257816833072297,-0.007169643611633441,-0.005754943306692564
2023-05-17,0.012065849564970919,-0.0032398286440744003,-0.003467895133703326,0.03240802049937566,0.013305949198470446
2023-05-18,0.009587216362298503,-0.006205101248002515,-0.013057794413406836,-0.008706484743445873,-0.020896322938492334
2023-05-19,-0.001456406264047636,-0.0037827094783451174,0.009850156652287684,-0.0021885171620354663,0.0021562704301694635
2023-05-22,0.00040635148165294886,-0.0018451506511378698,-0.002344243508491738,0.00015645601198915416,-0.0014458709579600248
2023-05-23,-0.011286307216111055,0.001640508421531112,0.0012000108481294142,0.014909468290103724,0.013848962643426162
2023-05-24,-0.007271349100629059,-0.002564539459562258,-0.008101176111367243,0.012104658282519509,-0.03327040018789597
2023-05-25,0.008622614849454698,-0.006285374696283964,-0.00966457904681634,-0.024201679471242327,0.005354526205137628
2023-05-26,0.01286762475264239,0.001859023387175914,0.003987606250000357,0.011017362077227788,0.009139332662057487
2023-05-30,0.0003807232680270294,0.007810092650797572,0.006171471778321201,-0.03934423690606759,0.03613141856908236
2023-05-31,-0.005560507328296813,0.0037801256457129584,0.001537018842589403,-0.027171575846606393,-0.017577792723265092
2023-06-01,0.009456135298533605,0.0027766704667404976,0.007867103377943253,0.03117638701506476,-0.014792581991188054
2023-06-02,0.014357741382363974,-0.007982738891070807,-0.014857275420164701,0.025257890132107705,0.01589161106579633
2023-06-05,-0.0019181137021855607,-0.00030851245792899056,0.0060023657211361265,-0.0018724103815936021,-0.05621177715801118
2023-06-06,0.002175128366208691,0.0006165757241663166,0.0010974372841257363,-0.0037552518600890913,0.05581511856233619
2023-06-07,-0.0034638884197494765,-0.007319795580236893,-0.012083252758880945,0.014319282314944294,-0.03332542412080894
2023-06-08,0.00603025992360334,0.006703219856070564,0.013124733073092816,-0.01950596319280785,0.006138366063704449
2023-06-09,0.0017929496211766386,-0.0036039921371429197,-0.002688130119841765,-0.00838676933991773,-0.001050860137740086
2023-06-12,0.0090308830591354,0.0016493158937276474,-0.0008792504640156504,-0.04368639103365808,-0.022064403456182706
2023-06-13,0.006571088483629339,-0.007131521458066784,-0.00739483312084137,0.03105328278806812,0.0006263269559741463
2023-06-14,0.0011902639054832702,0.0013474662563218779,0.0005537743402144653,-0.005001180957882786,-0.031115354032620144
2023-06-15,0.012321449144837732,0.0077387314451601835,0.007005982383036308,0.025232862120753194,0.017819375410116443
2023-06-16,-0.003412173050877283,-0.004325996045810455,-0.0015404017609150433,0.014715335024382634,0.0289427732653721
2023-06-20,-0.005201457728422513,0.002989190221939235,-0.010404681043488588,-0.0067046375179717135,0.07322003984177455
2023-06-21,-0.005137093678930834,0.000925780306776373,-0.0014474699268161662,0.017370206503946998,0.05827421320682117
2023-06-22,0.0036033396189804005,-0.005671651186056235,-0.009966480697039254,-0.03951596644077717,-0.0038377235796951737
2023-06-23,-0.007588723572150644,0.004128000459735756,0.0027534519339434175,-0.0016008053669417511,0.02584590576815378
2023-06-26,-0.0040941410084767505,0.0024683977178047,0.0017380933759117798,0.0049540873030774445,-0.013920564563099078
2023-06-27,0.010903637665695172,-0.003498823603183511,-0.00460411859047838,-0.02305996431511607,0.013682563415242946
2023-06-28,0.0005043434676385157,0.004012723673011607,-0.002310076023493695,0.019706682378980274,-0.01980891791303767
2023-06-29,0.003933494737059923,-0.01032100794341265,-0.0010723394318449203,0.007013076692583431,0.011865197537731036
2023-06-30,0.011731775926122269,0.0021760192147289394,0.006641221688667137,0.00932739606238649,0.0010472432791648364
2023-07-03,0.0011498437200365048,-0.004347287646208111,0.001121247777740352,-0.002520874962561413,0.02204038015018257
2023-07-05,-0.001488318544545846,-0.004805368662649728,-0.003536277643963551,0.019372546110228928,-0.02082991257173679
2023-07-06,-0.0078614898535594,-0.008202013800568453,-0.002984649764026069,-0.002944060582513099,-0.020020299639946313
2023-07-07,-0.0025281312940622744,-0.0012680713535515918,0.007473004815488796,0.021644808821972887,0.01437090998029806
2023-07-10,0.0025281312940622983,0.005167089990427816,0.0007833887164984092,-0.004718747777594178,0.002376859472120276
2023-07-11,0.006348417173076973,0.002101443023439246,0.003740607755698653,0.022479604918916412,0.006765948365584515
2023-07-12,0.008013728757319415,0.009712877326154765,0.013450555215707776,0.012453889025373385,-0.007516669538967959
2023-07-13,0.007905518677842083,0.008281131005406875,0.0007144446386035077,0.01781579831184591,0.03505911799946575
2023-07-14,-0.000623214241156617,-0.0049601954912662834,-0.0031917364290746223,-0.023726876763924383,-0.036955452769762046
2023-07-17,0.003466412683013449,0.0016560744614944405,0.0007163001287566721,-0.013278813083414852,-0.006222897766458014
2023-07-18,0.007403102526921358,0.0011371899114773058,0.011391151915954547,0.02051502368371844,-0.009643886494910275
2023-07-19,0.002221315067300079,0.0034032115730232106,0.00016334311378929522,-0.00398078874419542,0.0019193869502834365
2023-07-20,-0.006656610685154565,-0.00795930504952538,-0.005076251540707524,0.00530427935531673,-0.004083626307646249
2023-07-21,0.0,0.0008299747239651285,-0.003069238517008006,0.013718761650376823,0.003910458253167224
2023-07-24,0.004457319269089514,-0.0023880811345750675,-0.0042906650791519445,0.024342619125992702,-0.024773034600599025
2023-07-25,0.0027263438386656317,-0.0018723471449299761,0.0055524167407640206,0.006626759541005295,0.0017284554802405464
2023-07-26,0.00015359288329722532,0.0034304535555398663,0.0048672507195615744,-0.007051220502475625,0.004355653333464597
2023-07-27,-0.006651996158206628,-0.010956359763033767,-0.015836715414990758,0.010838259681066843,-0.004927238584293436
2023-07-28,0.009742818208044741,0.003247608569026151,0.007949707574281263,0.009197334178098126,0.0037094442045335473
2023-07-31,0.0019020559027400595,0.0012537913643494206,0.002690787072192315,0.014870188253919291,-0.0030447758408086688
2023-08-01,-0.00286564238220441,-0.0058600071396939755,-0.010418766955581948,-0.0028741426535443494,0.01513023382608844
2023-08-02,-0.01400843291600116,-0.0020033708990718495,-0.004776993918500052,-0.020493595963246597,-0.01780750751690934
2023-08-03,-0.002870046543946965,-0.007415321121445288,-0.00033420291832367705,0.022957667121775823,0.0009161807791750279
2023-08-04,-0.0045328432340695,0.010576521387921443,0.003613876354074006,0.008847829101217144,-0.0035908335462961935
2023-08-07,0.008690403632447016,-0.002422792000636476,-0.002277988932518744,0.00040645999032376225,0.0036558939179262436
2023-08-08,-0.004358087472504005,0.005049558241872581,-0.006361270240024672,0.0032458490524185546,0.01984638697905339
2023-08-09,-0.006707658809527205,0.0006291359769417323,-0.00476956334967285,0.013944995931908974,-0.006877101417061734
2023-08-10,0.0003589900366823631,-0.007684512849578463,-0.0010691758408616784,-0.012056429407605004,-0.004471948989328098
2023-08-11,-0.000583353014027378,-0.00529761291653369,0.0,0.0006736686382865583,-0.0010837469218066252
2023-08-14,0.005504953623984188,-0.0015949362161378849,-0.003045220530389694,-0.005943586977752165,0.0003648772874082008
2023-08-15,-0.011717294716479315,-0.0019169948802747248,-0.0026580037072091345,-0.01625378689757854,-0.008129120118753778
2023-08-16,-0.0073652966353605865,-0.0038454167576096976,-0.005792775189194925,-0.017362752340797996,-0.016193584838703763
2023-08-17,-0.007648977254333025,-0.001285098672001378,-0.0015390561619561794,0.008510697821235626,-0.07362412009606191
2023-08-18,0.00048114305146391674,0.00299578488862934,0.0001711135895520659,0.011190246419903169,-0.023334248653811243
2023-08-21,0.0064853068048291536,-0.006215683236754455,0.00273392964256731,-0.002889168694806413,0.00285906650629039
2023-08-22,-0.0027123820417870766,0.00042980871501670654,0.0016481975934526548,-0.004141978177517621,-0.0035464695192522202
2023-08-23,0.01107614248892773,0.010794812211477493,0.010113328144583607,-0.012809952010608331,0.015248455549160829
2023-08-24,-0.01395601536634099,-0.0037273147308666,-0.0002248455933195227,0.0007004700189953696,-0.01023956576112509
2023-08-25,0.0070252701984467765,-0.0003202517828566004,-0.0012941233726573686,0.014458659800547261,-0.004393992436939317
2023-08-28,0.006321221749215213,0.0027710797684488285,0.002867238875764686,-0.0005521646690655364,0.0022426908796686455
2023-08-29,0.014351246604961962,0.007106443138975727,0.00972069237763269,0.012488956833895738,0.060249892570851026
2023-08-30,0.004110458061748592,-0.00010593532816708749,0.002498750315822613,0.0046265419240497365,-0.015634289371322937
2023-08-31,-0.0014645457367219012,0.0020062421117724343,-0.001665111347163996,0.0188278004475025,-0.05132914544958933
2023-09-01,0.0018634801570049004,-0.006131300700309976,0.0004997991755412262,0.02447813573510389,-0.005054814300673318
2023-09-05,-0.0043313147672162326,-0.006083700952808791,-0.008195174622491511,0.010861290708367345,-0.0008042615082999959
2023-09-06,-0.006745151198823954,-0.0025724357600089578,-0.004544556063018457,0.009726139031383686,-0.001038013801593385
2023-09-07,-0.003074963344425363,0.0034284763985290116,0.0010678794784509471,-0.007285770302078167,0.01873210550195057
2023-09-08,0.0015048072348354093,0.00021403289364806406,0.0003369702787594387,0.0044800856183639624,-0.012831149860508746
2023-09-11,0.006555336750124957,-0.0017125394510278083,0.0018513951035425602,0.0008935941391651085,-0.029100334535416692
2023-09-12,-0.005500839555697864,0.001391564415949311,-0.005169992663578624,0.016828311394489114,0.0263051279529175
2023-09-13,0.0011653350888236988,0.0011760091493485771,-0.002312682045193072,-0.000250930399246224,0.015173852958685846
2023-09-14,0.008585521074668489,-0.002246243218268063,0.0005080950731221542,0.017910956594772064,0.011800835130971608
2023-09-15,-0.012121436203464573,-0.003110833261215599,0.00658210689497754,0.0020934453198328644,0.0025972414093191217
2023-09-18,0.0005861460991549814,0.0009665556544443475,0.00587038313631886,0.001966278559220844,0.005456526848982933
2023-09-19,-0.002075996143751742,-0.0036553416177922777,-0.0009480950413542692,0.0006137226666310605,0.016931102662432373
2023-09-20,-0.00923595436177456,-0.0007541721724032901,0.0007251297423292754,-0.016827922654885023,-0.0029114788993918343
2023-09-21,-0.01666632804167557,-0.007465705364713058,-0.0072748111459232075,0.003363494511084011,-0.021020467716698094
2023-09-22,-0.002251115272047355,0.0039021520500286296,0.0031961900557462815,0.0027321625298927306,0.0004491505408555205
2023-09-25,0.004196395168260136,-0.007383405665563622,-0.005163898932470834,-0.0029809718854211316,-0.010631653191114124
2023-09-26,-0.014800334400486389,-0.0003268178291900615,-0.008023084937964609,0.006076758005998181,-0.003093569595525136
2023-09-27,0.0003991488591839829,-0.0044798392090053376,-0.012443751217319037,0.024668539794022563,0.005153782852789497
2023-09-28,0.0057807182275333565,0.0027336659309691986,-0.005009715204337903,-0.01617353697629429,0.02506320623495958
2023-09-29,-0.0024299382927664825,0.0002188003074920951,-0.010328505518099336,-0.0087422718103387,-0.004072674570297436
2023-10-02,-0.00039766526371605736,-0.008144987216246239,-0.0105542058560987,-0.018346863711869315,0.022742933188551938
2023-10-03,-0.013476636907140004,-0.00831153821241854,-0.002892421000056923,0.006778847406959335,-0.0036683170659445614
2023-10-04,0.007255595189452271,0.006323154535044683,-0.00011826350756014561,-0.05582730459889012,0.013377719302482879
2023-10-05,-0.00037682483047745183,0.0018783301770459795,-0.0018344684108627424,-0.02139403079149734,-0.013890662255842758
2023-10-06,0.011802960003672229,-0.0058671873978952665,0.005139851922273756,0.002295050573214618,0.019171883788155934
2023-10-09,0.0063817028561258945,0.012686873322336416,0.018218478536943455,0.039267303697338184,-0.013071251190806309
2023-10-10,0.005191455316481576,-0.001974605404737155,-0.0016795054754092334,-0.005460208299841386,-0.0070090060125914885
2023-10-11,0.004087866577101872,0.005476907368018005,0.007276507826110017,-0.01365030952775443,-0.019081220842271783
2023-10-12,-0.006115097766166936,-0.009660154936472026,-0.0030543103873241243,-0.0033092889564296495,-0.00434538164717781
2023-10-13,-0.004993284607923227,0.00637701308408614,0.03164231938177581,0.04624876757990632,0.0039380057832304975
2023-10-16,0.010466476553466119,-0.005935940292730104,-0.004876800474351656,-0.0076248747174708295,0.05986029097890797
2023-10-17,-4.5938761316873746e-05,-0.00986108360738675,0.0018525567250013085,0.0052166751771825426,-0.0036433994327744555
2023-10-18,-0.013414662501981256,-0.004687429448282583,0.014367113783494704,0.013111550543380405,-0.0030807197496875486
2023-10-19,-0.008825103824024558,-0.00493464093299379,0.012199301049654077,0.02278459145754226,0.013724231161473081
2023-10-20,-0.012364262804072448,0.0058292120413501935,0.0027271753020748097,-0.012070640132825968,0.03298576898255148
2023-10-23,-0.0017349054195573846,0.004683627452067837,-0.0033827788768209456,-0.022684068089564084,0.10854453540047479
2023-10-24,0.007511245727930688,0.0017781193855384448,-0.00010933686369138149,-0.025158547932485016,0.024342751787773464
2023-10-25,-0.014456190360425484,-0.008811525783745305,0.004199991317574014,0.019693007674920365,0.017581001125127033
2023-10-26,-0.012046916514213872,0.00758941434577067,0.00157720800379265,-0.02021310800658612,-0.010083818433932462
2023-10-27,-0.0045431769931976364,0.0015552932420190193,0.011562693424814757,0.018937779759304663,-0.007253169256571986
2023-10-30,0.01188506827798218,-0.003335968986098117,-0.0056565149769635704,-0.02992254203180154,0.01732374140301685
2023-10-31,0.006260666711265741,-0.0021185540834654454,-0.005471503988171267,-0.013636358927050672,0.004782938801692802
2023-11-01,0.010608150469273138,0.011451809915754107,-0.0031556165767174377,-0.003605487635762514,0.021952875620689455
2023-11-02,0.01898313893705887,0.00617746141181612,0.0033185604405963163,0.018949752785645084,-0.014181643038139046
2023-11-03,0.009081969868616053,0.007668801836645565,0.0036323164276059108,-0.0176128745766275,-0.005911206955145199
2023-11-06,0.002297955041008381,-0.005800841743738379,-0.00782308105070571,0.0008013513667661236,0.00874445036418133
2023-11-07,0.002841953057130184,0.005691758837046994,-0.004153745714032089,-0.04240292328881122,0.011526405303600254
2023-11-08,0.0007320793471766596,0.0040305679067396665,-0.010017653470627112,-0.022678633032617218,0.005955525293475274
2023-11-09,-0.007829223710147984,-0.00994177388914182,0.003975057413790778,0.0008544226887040801,0.02869223982446583
2023-11-10,0.015484159414156077,0.0010971276315695502,-0.010969699953245399,0.021684895127389865,0.01677834605033404
2023-11-13,-0.0009535606791287375,-0.0005485066954460838,0.005555261386915847,0.015617721358757799,-0.021990961965519196
2023-11-14,0.019214845528663038,0.014921768615181609,0.008879636186604733,-0.003159067616910148,-0.02678435783979465
2023-11-15,0.002114886967855205,-0.007814634585547726,-0.0026390807860946154,-0.0187467284855328,0.06384619927627835
2023-11-16,0.0012222856375536128,0.007490061010887469,0.011222864579353571,-0.047214354654269194,-0.046629756190665436
2023-11-17,0.001243186525648374,0.000648674121485096,-0.00010890827769753537,0.03890976258005652,0.01214874696667944
2023-11-20,0.007668031397128739,0.0014041411557417537,-0.0016347162383040547,0.021671634851022643,0.023768640830835592
2023-11-21,-0.0021817811105608823,0.001294178154921689,0.010740019593542038,0.003176081170630913,-0.045392621921948366
2023-11-22,0.003853422709121674,-0.00032341047861332263,-0.004271361889171939,-0.012765515002879542,0.04420138946783627
2023-11-24,0.000615208132197347,-0.005188474545932918,0.005188115339681599,-0.011093295167538582,0.007662881508198476
2023-11-27,-0.0018025469397058892,0.007557573559726672,0.006715220224108336,-0.012217805310621346,-0.012434083649412868
2023-11-28,0.0009896048463972867,0.004400197370704391,0.013243765854618068,0.018411553091702948,0.015367313611233842
2023-11-29,-0.0007036880032271117,0.005233892109423154,0.0014783465644929395,0.017527149441222314,0.0007241750284948421
2023-11-30,0.0039295199900844895,-0.004912572086126194,-0.004176660491012712,-0.03336910358675867,-0.0038571889984724806
2023-12-01,0.00589849491427451,0.009390841609422844,0.0171240372669512,-0.012914536554668416,0.02555073011462817
2023-12-04,-0.00526297326801188,-0.004155546630826608,-0.021850417580745678,-0.011182988494196392,0.08164678054577372
2023-12-05,-0.00019714940048838522,0.007022768410257624,-0.003786606077863042,-0.013083602580495476,0.04882523455973004
2023-12-06,-0.004038009445649733,0.004126704508664031,0.003680115406357525,-0.04262394658445182,-0.007610515703398493
2023-12-07,0.007601551915589146,-0.0014792062642105526,0.001648967455985853,0.005389994826615076,-0.010427160036986542
2023-12-08,0.004289935190484816,-0.006472230213330108,-0.013430173514668298,0.021574798782704564,0.01998568323480024
2023-12-11,0.003881880665344216,0.00010672623601958663,-0.011104320560253362,0.004050170821960748,-0.06846730761514239
2023-12-12,0.004556990291830977,0.0021263700527499076,-0.0005447904909059331,-0.038921402452267,0.004991678164292342
2023-12-13,0.013695792322908934,0.014758787247503583,0.02231176448891427,0.016669653105106673,0.03416274957103686
2023-12-14,0.003204192374804802,0.008278128710789019,0.005845435089187853,0.027626509857035162,0.003101461159203954
2023-12-15,-0.00164781785005179,-0.0008330718538080226,-0.009208782757507668,-0.0001489410447860198,-0.025761678809584642
2023-12-18,0.0056093267001376896,-0.0021903641769857388,0.004535187656823467,0.013901360018823108,0.016410875652475943
2023-12-19,0.006062407791120186,0.001877761184335653,0.006790830606181505,0.018480035560541303,-0.008316570718615267
2023-12-20,-0.013954201452992544,0.004885582742504005,-0.005460866362358439,-0.00825194242510873,0.032164737244750545
2023-12-21,0.00943726413450865,-0.0015563246340769713,0.007045755720440373,0.0034827761847823152,0.0049565656400486135
2023-12-22,0.0020076367783993247,-0.0009353632386360602,0.004424614031362936,-0.004937511263550957,0.0029305657871948458
2023-12-26,0.0042136176552567016,0.0006237019872004369,0.007591842151508473,0.021887074221142888,-0.03415794288831648
2023-12-27,0.0018066512580554846,0.007761928553866028,0.0045275772625212145,-0.018544352897414122,0.021462391204340153
2023-12-28,0.0003775206316480885,-0.0038219618691259644,-0.005832413160524644,-0.025570796365095832,-0.018938483263033618
2023-12-29,-0.0028992334775730672,-0.0024863485664145943,-0.001568069797763166,-0.007920519208180475,-0.01247437935200907
2024-01-02,-0.005612008277302365,-0.0037420773858605873,-0.0023566846852945507,-0.013291313245864694,0.06569448103967031
2024-01-03,-0.00820008529022139,0.0023923278540070214,-0.008371755159892112,0.03613420606279638,-0.04806495357875531
2024-01-04,-0.0032263395865823486,-0.006043874295615822,0.0010041086074332737,-0.009133869287912003,0.030607357718285957
2024-01-05,0.0013687602672568615,-0.0036645742034847515,0.00015844285681933427,0.02137708198407873,-0.0003900828451526924
2024-01-08,0.014174930284710847,0.0033511350023538848,-0.00784697829301582,-0.03884409556923109,0.06163948142758775
2024-01-09,-0.0015181956587313015,-0.0004181897750924447,0.0003193058065587502,0.014799550438628694,-0.01784541710643821
2024-01-10,0.005639543268027025,-0.0015702140890548923,-0.0022906686849215973,-0.012392870067949613,0.01052203275194838
2024-01-11,-0.00044087244772841844,0.005328522530703636,0.001971362878362661,0.01624361733911579,-0.005574241147522551
2024-01-12,0.0006924761914778909,0.00270555669912107,0.009746417465784744,0.005454353054606214,-0.07884262883299366
2024-01-16,-0.0036777899917932754,-0.008138729730698601,-0.009533481464917172,-0.011384711744944523,0.007017444532681498
2024-01-17,-0.005574268509586861,-0.003253254656515127,-0.011077075533253638,0.010207980185228916,-0.009599712825861542
2024-01-18,0.008853364537886354,-0.0022096881798946955,0.0081991767942437,0.01635065794270974,-0.03525390600438047
2024-01-19,0.012389284854792043,0.00010540191975779739,0.0029842685447011067,-0.0034812606749583504,0.008599127738074015
2024-01-22,0.0021119830951046572,0.003049967764645363,-0.003785111631635069,0.012562474547873417,-0.052055361752265265
2024-01-23,0.0029123049873733113,-0.002523480927102053,0.0038915513093621982,-0.00043055297375465054,0.008523584257922188
2024-01-24,0.0010925205146567667,-0.00284638117485849,-0.008281084265806402,0.012553620277697722,0.005793705727985713
2024-01-25,0.005424169618462217,0.004319089166476666,0.003962127078988696,0.023675580751622932,-0.003581157289492955
2024-01-26,-0.0012711965238456607,-0.0017885133861613998,-0.0006949345993064864,0.011972827343507776,0.04607657449481696
2024-01-29,0.007888123198842334,0.0059845538727986095,0.007033690942252051,-0.014467981080234718,0.03458127257500397
2024-01-30,-0.000773787579730701,0.0013599685118160048,0.0013795741766668092,0.010492910073783456,-0.007783744989935841
2024-01-31,-0.016451731470938948,0.008328165021981858,-0.0007426235867567754,-0.026300819488012092,-0.008651552809046921
2024-02-01,0.013003072189785738,0.006174863799956274,0.010346957700093572,-0.026431976704886312,0.011514890294239742
2024-02-02,0.010472383667733403,-0.013099344588069278,-0.009498266920115546,-0.022844711985576926,0.002552374530244358
2024-02-05,-0.0036477662449326694,-0.009779944660864709,-0.005529246178959096,0.009875504488838303,-0.012282624189248628
2024-02-06,0.0028990903836932924,0.005375410398173323,0.0052110917695982265,0.009197776548201076,0.009936804708699247
2024-02-07,0.008305818755830394,-0.0017885652110736687,-0.0002652330017039186,0.008825936323178959,0.02822864621028068
2024-02-08,0.00044161099723665984,-0.00326973333609792,-0.0009022539588233346,0.029802099871098716,0.021945671282114807
2024-02-09,0.005762819649521843,-0.0017975540874391942,-0.003883683822386861,0.002095140529148883,0.0399329954084116
2024-02-12,-0.000439198652871455,0.0009519070789991788,-0.0026153866387210066,0.006120514935426306,0.057912503485299305
2024-02-13,-0.01386875925400047,-0.011056821570632406,-0.01388463719494907,0.007460671626600752,-0.004328588760117502
2024-02-14,0.009046735199355853,0.003734885913390751,-0.0005962900909107332,-0.015256862364882677,0.041046849510408934
2024-02-15,0.006875849875804245,0.002765466523667497,0.00670130851432818,0.01786865592877021,0.0021560092291083846
2024-02-16,-0.004992224921383283,-0.004364334121193921,0.0036558786728406838,0.00779501142506072,0.0042584326097615645
2024-02-20,-0.005520761175191733,0.001705355950968745,0.006045896751115412,-0.013577736954721916,0.0023873204261983054
2024-02-21,0.0009055016578499251,-0.0032004952261649507,5.331114505738622e-05,0.01071290022291577,-0.00856090431522995
2024-02-22,0.02048416970310079,0.00010717887059500187,0.0004266309391015458,0.005449625726195423,-0.010358547640014263
2024-02-23,0.0006894561168546742,0.004582963852225055,0.005635602023986148,-0.02309064029901898,-0.011231806115512574
2024-02-26,-0.0036692128020575725,-0.0014896474966551148,-0.002229172292928307,0.012024231004058257,0.07205579515539999
2024-02-27,0.0018560287258201416,-0.0022389104258426305,-0.0010632481058260926,0.014457392607701923,0.045936216440473146
2024-02-28,-0.0013225017625187218,0.003622228089499178,0.001806857807827473,-0.003119223057094118,0.09069529297704289
2024-02-29,0.0035883600772051824,0.0020189629022969737,0.0051370494877010335,-0.0035379289902673218,-0.02112241427001975
2024-03-01,0.009344525163238878,0.004554695894053808,0.018734204946424127,0.021575789448461752,0.0200954657884248
2024-03-04,-0.0010730564764223215,-0.0022269538694188098,0.016045575240364,-0.012754377643168217,0.09013873819592814
2024-03-05,-0.010044185199072273,0.006138802815788879,0.006002093012312608,-0.007595387002346809,-0.06858298181492034
2024-03-06,0.005054364400499945,0.0024241025657931988,0.008181839163568716,0.012044254536371039,0.03549970020086634
2024-03-07,0.009877549987504093,0.0016825578346837107,0.005667751261581818,-0.0014806892546147526,0.012308140052515397
2024-03-08,-0.006020384492661906,0.0007353291866356934,0.008417025116951235,-0.011789590084702966,0.020331312236987975
2024-03-11,-0.0008602122446739501,-0.0012608576429688893,0.0018333385345244608,0.0035379289902672437,0.05447442087197215
2024-03-12,0.010700105696990246,-0.0041090012665121,-0.011000916093968595,-0.0036742814721483132,-0.008949836049347838
2024-03-13,-0.0015689317444058655,-0.002219333241628763,0.006982966028737541,0.02344486155591102,0.02216689906407544
2024-03-14,-0.0019787396716713927,-0.007434420308465608,-0.004183879789555109,0.01598563294504645,-0.0233524614583823
2024-03-15,-0.006890305709755443,-0.001706702084684455,-0.003199519647615261,0.00039309151180578973,-0.028308923292000562
2024-03-18,0.005925655347009982,-0.0011755275852021274,0.0016010012977577042,0.0213863568040564,-0.02709399205605509
2024-03-19,0.005541598530675719,0.0028822296698865217,-0.0011504677080451668,0.005754084512535787,-0.08712073185700822
2024-03-20,0.009206769307252189,0.0023423833065352893,0.011841472011166752,-0.015159595337779516,0.09251085296877404
2024-03-21,0.003299340440648368,0.00010649628226168491,-0.0010391759354036452,-0.005581896832704567,-0.03631867422621332
2024-03-22,-0.0018974466413164673,0.004879841242595697,-0.008053310017860683,-0.0018240967878449877,-0.02649844665215931
2024-03-25,-0.0027667664590668426,-0.0026492495812513108,0.0031893153617754324,0.013986265466977597,0.09248642951095928
2024-03-26,-0.0018487931074979691,0.00148421254988275,0.0032287432792988957,-0.006062594660150216,0.0004147786065640333
2024-03-27,0.00836866550930497,0.003806931360638428,0.007214572450621008,0.002842394889994873,-0.007637444542951766
2024-03-28,-0.00019105121801309724,-0.00095026388212217,0.01281752820240996,0.015617331980804382,0.018397189971880865
2024-04-01,-0.0017412624027927084,-0.009089607729824084,0.01015632882706488,0.011868760574354039,-0.014850058697842
2024-04-02,-0.006378337992398608,-0.0021405216929391508,0.014664311961913869,0.013960126414517587,-0.06299090436988572
2024-04-03,0.0010978142351766224,0.0011780604322483587,0.008734121015036823,0.005677614386043164,0.00812374307331999
2024-04-04,-0.012281141249070114,0.0034187592437056693,-0.005751211782367559,0.01247565916713096,0.03759886271186141
2024-04-05,0.010392582912698749,-0.00663472115984803,0.01696939930469014,0.0015789750563960673,-0.009845630418288566
2024-04-08,0.000559152877079301,-0.002257117219403625,0.006209168519561672,-0.0024301904972476177,0.054415745823213055
2024-04-09,0.0011562706566591973,0.003973374023476459,0.005482001328254476,-0.01285595217233564,-0.035413761203788405
2024-04-10,-0.010063694127253702,-0.01337920364907491,-0.009508923035404604,0.011516848985476157,0.020739301242534747
2024-04-11,0.007518628937885689,-0.001413397372161822,0.01924683287449554,-0.006599795260321502,-0.00749778258451207
2024-04-12,-0.013899243508858697,0.00412486732274588,-0.013327746093360097,-0.0002453307865668805,-0.041748970181434676
2024-04-15,-0.01260723343830906,-0.0064117271963588926,0.01854610800435578,0.0014708024021412203,-0.0577345477167843
2024-04-16,-0.0018255596187634008,-0.003932657648268029,0.0012212692273934644,-0.00392686341194556,0.0060619201772289105
2024-04-17,-0.0059357906942948055,0.006328311348924288,-0.007395532411290297,-0.030206965750945645,-0.04053958534994488
2024-04-18,-0.002059788483788797,-0.0034866455298641686,0.0034096367107846366,-0.0016488668939575347,0.03584120208614769
2024-04-19,-0.00876668744336042,0.001308882800977354,0.0031266420969041134,0.0008881520097101191,0.005195142876912206
2024-04-22,0.009167013847409294,0.00010911059283983509,-0.025012716627157542,-0.0008881520097101288,0.04583111116921364
2024-04-23,0.011796822944462841,0.0013071206751626653,-0.0024616906480957905,0.015117503343163788,-0.006460398489914604
2024-04-24,-0.00047482528844502194,-0.003052579724537458,-0.0018618228395408355,-0.0042601738587208825,-0.03260630131627199
2024-04-25,-0.003806116721308002,-0.0038287143454035382,0.005945756955740473,0.009995123722986861,0.0031812827691917772
2024-04-26,0.009429234027529647,0.002736356474169948,0.0032366836371748075,-0.0006218125076125912,-0.011328935219016097
2024-04-29,0.0035353106257358796,0.004035969538238017,-0.002033283758808563,-0.011132761087201501,0.0013448775410454074
2024-04-30,-0.015968265234073974,-0.004692122671511314,-0.02013850411793736,-0.0141882639306748,-0.051494629716542104
2024-05-01,-0.003252297976636921,0.003952323973391994,0.009021337418355644,-0.03175689048529639,-0.040089923480657194
2024-05-02,0.009310033069841045,0.004687305452977887,-0.003091862325121168,0.0,0.014814392549697799
2024-05-03,0.012319186072614074,0.005531188942209667,-0.0007979449099420573,-0.010591957420973446,0.06175720649824811
2024-05-06,0.010273917255488808,0.0008652741933548352,0.010463427933373832,0.007029757783726227,0.004317490682288359
2024-05-07,0.0011026964596149921,0.002589986873610429,-0.00461094049941965,-0.0021170113520887217,-0.01318192999564668
2024-05-08,9.65344233907373e-05,-0.002806257847516384,-0.0029453952906236033,0.008047014043655872,-0.018569986258493817
2024-05-09,0.005745361218989987,0.003021652371729373,0.01565541986116323,0.005372430403400711,0.02997730860417905
2024-05-10,0.0012874579852824063,-0.003237970128887439,0.008079783894319735,-0.016071925368196245,-0.036456454635488925
2024-05-13,0.00013414938483015274,0.0011886269966202728,-0.011265319955387511,0.010962193906755544,0.034098215257427476
2024-05-14,0.0045776626362500576,0.002910817875220433,0.008426442720749588,-0.012158180575230207,-0.021674038111579395
2024-05-15,0.01230703374493729,0.0075087387202934135,0.012757032448187955,0.008868920205058686,0.07380429766149847
2024-05-16,-0.0020595309589484813,-0.001925289109464151,-0.003900942141432421,0.004864306617097663,-0.015755724397151206
2024-05-17,0.0014362776837346135,-0.0031100270136558148,0.016363162829441925,0.009398335918171338,0.027522834905047706
2024-05-20,0.0011516404615490566,-0.001504789826299445,0.004015863208074463,-0.0031229414661702254,0.06350607246678794
2024-05-21,0.002449507972636948,0.0025782037377535174,-0.0014706294501547247,-0.007456371371994017,-0.01852885718229531
2024-05-22,-0.002883367341066867,-0.0012883608477063033,-0.018544867564565665,-0.017083125640254306,-0.014565869510184994
2024-05-23,-0.007331137679094346,-0.003550876047196403,-0.02014614803918644,-0.005625594787959232,-0.017406596587757724
2024-05-24,0.006594723009849204,0.0012924003862751219,0.0009266841017383871,0.01201618668264031,0.008743394668047938
2024-05-28,0.0006986994970674131,-0.005614165578322341,0.01045829379441463,0.03019646663723591,-0.0033603147248077855
2024-05-29,-0.007027514095745508,-0.004883790746074705,-0.009347362870368763,-0.014135020319737542,-0.010570529093847765
2024-05-30,-0.006655788838127242,0.004991938286598038,0.0018949634848045166,-0.013675438975928015,0.011577009906272178
2024-05-31,0.009066937796528535,0.00464454329484586,-0.005881436093592545,-0.009444687322324561,-0.012860492770805693
2024-06-03,0.0008150262071225678,0.006528402063894039,0.008878251926791354,-0.04078298326298724,0.01927284672350727
2024-06-04,0.0011175409743131106,0.005461487585584199,-0.00901759641821021,-0.010355613150529097,0.025300225248925362
2024-06-05,0.011814888467285567,0.003624194925856045,0.011775993219294973,0.011190536078020008,0.007272217816602819
2024-06-06,-1.8804234055905443e-05,-0.00042575744364864774,0.0073641743967564136,0.018877622004538838,-0.0045918902720176475
2024-06-07,-0.0012164447308609244,-0.01059486906097599,-0.036335512840658196,-0.0032814562555495684,-0.020194557079892095
2024-06-10,0.0030851488575886874,-0.00215369852407693,0.009126408480625946,0.0328693721488532,0.0024442124416611368
2024-06-11,0.0024052068457251813,0.005269034226193824,0.0028525382508942246,0.0006624237024835077,-0.03186737491787959
2024-06-12,0.00817948202593309,0.00556155639062567,0.002658183908153708,0.0062050658352542825,0.013412234174301008
2024-06-13,0.0020116102210820737,0.006590838374939233,-0.008183543017197694,-0.0031637976724215554,-0.021998155421161833
2024-06-14,0.0006080896959264586,0.0023281795948824433,0.012876289526632455,0.004479048035762472,-0.011227334405387725
2024-06-17,0.007927520918585493,-0.0046618808465029695,-0.005205175700450875,0.02222745768327376,0.007233210338951794
2024-06-18,0.0025374900002852196,0.004344849100504169,0.0039992641040523845,0.011248965078119082,-0.020505771883152002
2024-06-20,-0.002720126464978617,-0.0025410283376082333,0.012407060942233438,0.009362485957576596,-0.004802521793038954
2024-06-21,-0.0013416195948156618,0.00021202125207866755,-0.015614512577113812,-0.009616702118432007,-0.011362664075990998
2024-06-24,-0.003255939308948368,0.0008473707691186438,0.0039497558204108826,0.013261898600443552,-0.06142759353533457
2024-06-25,0.0038435720377037806,0.000847006367161512,-0.004974590412272679,-0.010088300314374856,0.025020978589857558
2024-06-26,0.001247028789032391,-0.006049379306340263,-0.009271011435783051,-0.001902969485489011,-0.016203198264060435
2024-06-27,0.0015753459544591596,0.002232764043324548,0.011273144249924162,0.014747833723460755,0.01296454786345771
2024-06-28,-0.003942740168790153,-0.00532458228309835,9.297215668029186e-05,-0.004137700623625835,-0.021073812008611803
2024-07-01,0.0020558402032691066,-0.007471822453350184,0.0026012036358740546,0.024205297813483594,0.04111645532332164
2024-07-02,0.006707289799581672,0.0037695752846267634,-4.643502198142268e-05,-0.005287443011822337,-0.01318017605629068
2024-07-03,0.004452493509333249,0.006643462249666538,0.01120993363706169,0.0019706378519356925,-0.030363202506616574
2024-07-05,0.005749817093961933,0.0055376604488231625,0.013396660734694752,0.0004920767346672877,-0.06012865679510065
2024-07-08,0.0011533613338011114,0.00031859085627633385,-0.012479622087256387,-0.011006101493362288,0.0007537022264223308
2024-07-09,0.0009719706044258913,-0.0013811466824351854,0.00169431118809057,-0.008115426860099868,0.022737964112148894
2024-07-10,0.009846761371987943,0.0009562185482364106,0.003653653384415314,0.008861296222450103,-0.0046086733698468725
2024-07-11,-0.008659941263742183,0.006352670658757933,0.017578001160184497,0.0056994215480502914,-0.006909245978268808
2024-07-12,0.006287609867563834,0.0021085327519757367,-0.0006272936376368344,-0.00856140760075485,0.009623984558104185
2024-07-15,0.0027465193908503306,-0.0031648201237964853,0.0032219172131206842,-0.0016212169316542201,0.11367947390056832
2024-07-16,0.005912491189270936,0.00442798397236658,0.01972987782004887,-0.013318518090355181,0.0034931297826731934
2024-07-17,-0.014120237487667388,0.0008411071388700443,-0.0046540195707980275,0.01953976476914971,-0.01514324245482322
2024-07-18,-0.007714623555687885,-0.0028421462381765512,-0.006401633154546632,-0.008970919887678825,-0.0022597141603525025
2024-07-19,-0.006662844829532327,-0.0031665444692016618,-0.018100662230646155,-0.02406704517999509,0.041879420109635544
2024-07-22,0.010257114865312783,-0.000952133130589992,0.0003156824791686295,-0.004883665363853609,0.013032555028362817
2024-07-23,-0.0015696808173274184,0.0007408315184730401,0.003510507096461622,-0.012966986206433018,-0.024831503546284737
2024-07-24,-0.022923106833952774,-0.002223349847761428,-0.0035105070964615765,0.0024766331062798185,-0.008462196557576013
2024-07-25,-0.005224137959221601,0.0022233498477612864,-0.015768400613655725,0.008426854041664747,0.006177613679945953
2024-07-26,0.011137423940570589,0.004747590229386217,0.010479424389843233,-0.0175819919686148,0.03193999219319689
2024-07-29,0.0005874783329313775,0.0016823936243679709,-0.0014060442276131696,-0.012161394438873405,-0.016212518920554198
2024-07-30,-0.0050791368963192165,0.0020994118850619853,0.009935936183544776,-0.009756219710749902,-0.009305346230673276
2024-07-31,0.016123839507483344,0.007312992607810719,0.017948680176279857,0.04310784179589794,-0.024183450577486682
2024-08-01,-0.014262002993410385,0.004261147459592249,-0.003448883709883457,-0.018828017842150952,0.011359846111043197
2024-08-02,-0.018794201752063765,0.015371318266222353,-0.0019064443892985788,-0.038754201862336544,-0.06221701386487153
2024-08-05,-0.029556063644075488,0.00102342840281567,-0.01277316576262444,-0.0023190538766148655,-0.12882935533749532
2024-08-06,0.009177379058746379,-0.008937328016525886,-0.008032891286850252,-0.010571997719377635,0.03713846509911699
2024-08-07,-0.0067067072286364346,-0.0036182467234740557,-0.0006798590470787476,0.03044962041173569,-0.018131945621423673
2024-08-08,0.0228543060430425,-0.0030078564914847276,0.01556622880577821,0.008930391311087377,0.11461585743295792
2024-08-09,0.004399853990152399,0.004042892076182112,0.002452251987911254,0.011347273093983994,-0.013541633552667406
2024-08-12,0.0005253966295514071,0.002789538988815286,0.01699935451192235,0.031129359611728098,-0.0253783714532102
2024-08-13,0.016311811384714856,0.004426293859460206,-0.0015335341694870399,-0.012670520633458079,0.02092453927711503
2024-08-14,0.0031496754013014792,0.0013341797540691383,-0.008189191333501105,-0.013616278332464034,-0.0313783013916643
2024-08-15,0.01699521365143291,-0.006276629814210979,0.0031339290416113642,0.010649546417540887,-0.02024486209713598
2024-08-16,0.002239388984266452,0.001959516616288435,0.0221408117352879,-0.01418099538318681,0.022911430101342656
2024-08-19,0.009515911728532883,0.001338162799499862,-0.0016393656726291592,-0.025747971570824927,0.010125266266796553
2024-08-20,-0.0016272805971475973,0.004004202525814098,0.003663270802502215,-0.0074218736985404345,-0.008112024604757306
2024-08-21,0.003430581552854817,0.002047695332001152,-0.0013345079227065216,-0.01680027705889688,0.035987487774751865
2024-08-22,-0.007879413058784568,-0.004612543720422381,-0.012047289256477975,0.013408373748716321,-0.013052114105543453
2024-08-23,0.010569367869092556,0.0046125437204224615,0.011487194343258993,0.026421454550779395,0.05966667778992524
2024-08-26,-0.002386779352284375,-0.0012283007116618422,0.0031842629268953445,0.029732255385001766,-0.01911765510550575
2024-08-27,0.00137218786682425,-0.00040957092415250035,0.00270301522962425,-0.01736699909208973,-0.05519287756090793
2024-08-28,-0.0058220162348361785,-0.0005121996640743037,-0.007051666972008083,-0.013292220430715884,-0.00804021450926693
2024-08-29,8.929858547330223e-05,-0.0017436991776069576,0.005164620716356872,0.01694613013782599,0.006089656742738993
2024-08-30,0.009500721300582785,-0.003496290179819511,-0.0071515197828322195,-0.03216477950517484,-0.004534788620027655
2024-09-03,-0.02079371664564539,0.006570144982031888,-0.00433295027353233,-0.044702487179793374,-0.028975787461358694
2024-09-04,-0.0020487923952029656,0.005834084448287151,0.0006077417877377091,-0.021038384478949908,0.009367548966836616
2024-09-05,-0.002435271475002655,0.0023444867866246077,0.008297784905920138,0.0040143248072719824,-0.031738730145491646
2024-09-06,-0.01697318011061361,0.001424312021761694,-0.007430165851405754,-0.013831067431116914,-0.04017885990554018
2024-09-09,0.01113402177121472,0.0014223701623866229,0.004197056104325384,0.004920362248043913,0.05535933691731959
2024-09-10,0.004346040124502924,0.004254677547984509,0.004394427867847918,-0.0339164510644635,0.010973955159393974
2024-09-11,0.010206721659091096,-0.000707620077602473,-0.0015918222264343484,0.013203951283404443,-0.005314110423381013
2024-09-12,0.008388086823122348,-0.001620006039424011,0.01741476344611925,0.029623204964132104,0.013576697629400721
2024-09-13,0.005209053955339302,0.0019233450449921423,0.009894570827460453,-0.0007157096603621106,0.0411907229072504
2024-09-16,0.0014757158592948866,0.002626035749074817,-8.375168155570817e-05,0.01478140845143414,-0.040064581724141055
2024-09-17,0.0004086635163473587,-0.0018173028610076799,-0.005546263478781612,0.011781398210254278,0.035717088660707746
2024-09-18,-0.0029701435233797117,-0.004354796545918843,-0.007740344731775493,-0.014889971999142874,0.02199433056839477
2024-09-19,0.016920505714191614,-0.0008122638687548614,0.015421236419487627,0.029149212293412347,0.020721119053916288
2024-09-20,-0.001730332371094434,-0.0003044961661712731,0.012630557682531525,0.0023340186484007907,0.0040040116474054175
2024-09-23,0.0024957295283963878,-0.0006099429455587453,0.00193852671610104,-0.009230597707461144,0.0021628401614280242
2024-09-24,0.0028572727095981733,0.0011176089139413059,0.013872405171650835,0.014291859437062458,0.015234244172186632
2024-09-25,-0.0022079122180836317,-0.004070332462526223,-0.0013827232563758825,-0.02500644917512111,-0.01818596455888868
2024-09-26,0.00395683825951438,-0.0007140083370465774,0.005073989582052931,-0.03516628466659736,0.03176403065562404
2024-09-27,-0.0014514528347752765,0.003971665848028937,-0.00796748708764577,0.01809346484428869,0.009309629648678252
2024-09-30,0.003999197705467778,-0.0027478431524162656,-0.008031540905021974,-0.004993212272747592,-0.03812668937142083
2024-10-01,-0.008998910166900825,0.0036321214236145465,0.01043659814331518,0.03084103423341522,-0.04015297041725014
2024-10-02,0.0004223737831369721,-0.002855764896609605,0.000203566476664949,0.00897364361703627,-0.0033625289659382266
2024-10-03,-0.0018299999767374493,-0.005119608838657311,-0.0006922454344502302,0.04000804444351105,0.0020860853737759526
2024-10-04,0.009046294648547672,-0.009697038674803815,-0.00199802503899798,0.008153584225935795,0.021300283559387175
2024-10-07,-0.009081595933193657,-0.0036344024494671355,-0.0033935140367649104,0.03664824860875891,0.0027220928069463233
2024-10-08,0.009413168816969353,0.000831834457976523,-0.007399232494344503,-0.04400989038435532,-0.0016835665376192953
2024-10-09,0.006902591575852777,-0.0037492752609825366,-0.0054610705017173605,-0.007150466274743375,-0.025261155468464205
2024-10-10,-0.001751696076504531,-0.00010432118032578506,0.007316064767089658,0.03293980591297468,-0.005090366975952731
2024-10-11,0.005970397304002223,0.00031301687812100126,0.01085428686886074,-0.0036068413339225163,0.03537847936044716
2024-10-14,0.00814524614550627,-0.0017750017934526643,-0.0016308312397319176,-0.0203370009637221,0.05606575349118819
2024-10-15,-0.00780010820809276,0.005107451944465037,0.0034623584364339233,-0.04264548423443695,0.014952642422039789
2024-10-16,0.0043370182516535806,0.0015586751140310112,0.0049891427128232555,-0.004960062542532065,0.008490108547449185
2024-10-17,8.57853374726765e-05,-0.0052041421431645194,0.005970452161761758,0.0030340833401324117,-0.0031535287872272158
2024-10-18,0.0038392845058439124,0.0011471925858727277,0.010562207979593495,-0.01722272422377844,0.01500489704966544
2024-10-21,-0.0016438629029929084,-0.007743109214723196,-0.0001990210805239133,0.012253075698905812,-0.015479556460891218
2024-10-22,-0.0005311419403415133,-0.0009456001737768451,0.010729555523637746,0.02352407649793247,-9.56779931777652e-05
2024-10-23,-0.00917947121826453,-0.002315846408590986,-0.012123752431615111,-0.005829343240804152,-0.013890438213698968
2024-10-24,0.0021604360613353083,0.0022106378390047733,0.007663817134299539,-0.006684500589053859,0.02569154796745315
2024-10-25,-0.0003453519548623281,-0.0022106378390047148,0.0020548662166116312,0.015887438402182662,-0.02253213347279499
2024-10-28,0.0030866812518412536,-0.002321483187547291,3.945329776617785e-05,-0.05254911326250707,0.04783540489337374
2024-10-29,0.0016171122189678933,0.00042241770392015764,0.010835937036952448,-0.010992995581308026,0.03944659057776213
2024-10-30,-0.0030299004445287657,-0.0014791125549608309,0.005490789207931537,0.024111179315838997,-0.00525236341818716
2024-10-31,-0.01979801086053015,-0.0005288100467767738,-0.01561647178727062,0.023817259740401706,-0.029806220896924952
2024-11-01,0.004211865048320427,-0.005939470754931632,-0.004110813705942248,-0.014610944955690543,-0.010490161236778449
2024-11-04,-0.0021564249439165605,0.005323829863632073,0.0014248987496042703,0.03103255387781252,-0.02434256025804483
2024-11-05,0.01201929298104175,0.0005307053367546038,0.0022519104403696992,0.005905297375616848,0.022572112490931908
2024-11-06,0.024561506238255242,-0.01034852886929608,-0.030857976694085517,-0.0025457565295519888,0.08666903126846402
2024-11-07,0.00770239977883015,0.008010756320017418,0.01594864539186116,0.0016086162034484183,0.0035076496874788744
2024-11-08,0.004322419514413343,0.002125402096091737,-0.006792442588197375,-0.020705880811592785,0.008404323339316332
2024-11-11,0.0009523973209726921,-0.0027637034318336406,-0.02375140115119195,-0.03040415796476914,0.14739159487814155
2024-11-12,-0.003111376279506679,-0.006300422032821176,-0.008668821068980244,-0.0035303290409017998,-0.008442066269106777
2024-11-13,0.0004858108553106917,-0.0006430113897561497,-0.010132384997697268,0.0005657037894787222,0.02944485048776148
2024-11-14,-0.006450938875097726,-0.00010728217874496725,-0.002612551531378293,0.007886219462695269,-0.03749692231881138
2024-11-15,-0.012891190327415706,0.0004288835803596826,-0.0017736414154014318,-0.02183865727035887,0.04280211829142622
2024-11-18,0.00408887264635563,0.0022476156918793083,0.01884162282592499,0.03272044400043885,-0.005763697278361139
2024-11-19,0.0036488622502508948,0.00213642170779292,0.00891942849470824,0.003324533721894514,0.019697543183651734
2024-11-20,0.00033865969984546885,-0.001495235291641394,0.005616245032295766,-0.004018586814210477,0.021381444998432572
2024-11-21,0.005354001329545442,-0.0005342788193075206,0.008304918886222272,0.01625156766698666,0.04320463738221239
2024-11-22,0.003094619110609936,0.0006414690308106779,0.012809813332372074,0.014242398406224533,0.004991722095061175
2024-11-25,0.0033863995326884415,0.010732628441949194,-0.029901483187305778,-0.029383754555274894,-0.061397399496605415
2024-11-26,0.0052078038628669615,-0.002116181556825599,0.001936433160954421,-0.006819285585412977,-0.012069852534281012
2024-11-27,-0.003034727689625628,0.004017018972845504,0.0022202481870022992,0.0015349282152113974,0.04232881330495687
2024-11-29,0.006193242802430165,0.004211066833157181,0.008587567442534243,-0.0015349282152113462,0.015499852904074699
2024-12-02,0.001790510217621803,-8.450876265507796e-05,-0.008792948302693988,-0.00799162597071586,-0.016513538643168194
2024-12-03,0.0004637486027930678,-0.0028494194078591095,0.0020107532444556663,0.02776413724990977,0.0014266034685602644
2024-12-04,0.00619022076094686,0.003797683194247725,0.00302908748607766,-0.016009225116614706,0.028408310872006196
2024-12-05,-0.0016468657614608423,-0.00010539491752685754,-0.0074252082091734815,-0.005720225392875778,-0.022266865312221884
2024-12-06,0.0018938724759768979,0.003153758232976544,0.0003705001517975754,-0.01735987939826787,0.03386480176780916
2024-12-09,-0.005162820087560865,-0.003469750811376257,0.009870874002918592,0.013153436669722055,-0.02521490516164955
2024-12-10,-0.003114119133389282,-0.0017923402760132636,0.013078415980993926,0.003226535133112736,-0.007802793553987951
2024-12-11,0.007700940727592955,-0.0029587896105519656,0.009488652360594872,0.02667193635937889,0.04547294957076326
2024-12-12,-0.005166009071435628,-0.0038170672178473894,-0.01477229774782158,-0.0016378159227148832,-0.011232138149604486
2024-12-13,-0.000198614473530405,-0.0046855276561134545,-0.01216527622337442,0.013566888492005873,0.014057223472297039
2024-12-16,0.004261027448237272,0.0003202078589827535,0.00241229791280552,-0.00689614185761138,0.0440621033461418
2024-12-17,-0.004128544526921069,0.0,-0.003846011153453628,-0.005442107261041295,0.0010452246330361938
2024-12-18,-0.030256736019838845,-0.007759232966694806,-0.01937149963953244,-0.004923431674443056,-0.059179154653770175
2024-12-19,-0.00030711057079367055,-0.004541584892534149,0.0014200879312812307,-0.004534557053921821,-0.025825905125142587
2024-12-20,0.011939447674766873,0.0036782567589522907,0.01037999743966833,0.006725684083832307,0.002714273553183173
2024-12-23,0.005970271636385957,-0.004437211693067351,-0.004719916680210798,-0.0005473579311959104,-0.031905147003256
2024-12-24,0.01105385772375535,0.0005422326546369983,0.001990032656870636,0.008043175675934577,0.041273994068279446
2024-12-26,6.644444692975688e-05,0.0007587205448529301,0.0067284927019149185,-0.007085521901283685,-0.029626831734066612
2024-12-27,-0.010582128047281258,-0.0026033350815475144,-0.006894214453703814,0.009797346590190263,-0.01716880486495554
2024-12-30,-0.011477400345184956,0.00584723081656839,-0.0031947790408758405,0.013049236525679303,-0.01629139565341782
2024-12-31,-0.0036444929580714902,-0.0018370626113445553,0.006214287831739849,0.009709504271429553,0.00844829005287248
2025-01-02,-0.002460196629720128,0.0005407667869134943,0.013496228917030742,0.01810119232514134,0.03634009715049241
2025-01-03,0.012426059086585573,-0.0016227363985968314,-0.007895124609843816,0.012786714397346214,0.01251903875349227
2025-01-06,0.005743987620536505,-0.00097534978733685,-0.0012328556129918074,-0.007988640762339544,0.039674969248648585
2025-01-07,-0.011368477538810148,-0.00456280113709714,0.0056176267350635505,0.011191923735452969,-0.05182428297869528
2025-01-08,0.0014600840821465647,0.0017408136176066456,0.005301603121984425,-0.011191923735453007,-0.019578857696565647
2025-01-10,-0.015385292027781558,-0.007309359567899797,0.009512918374949771,0.04230080168143669,-0.003605583549876471
2025-01-13,0.001549267643128255,-0.0017535061185370879,-0.01000110030367562,0.01952544305229759,-0.001954674177796992
2025-01-14,0.0013749958977079212,0.0003292293113661296,0.005235693007988435,-0.0068335248564909004,0.02112109307155958
2025-01-15,0.018026417740895608,0.010471424826114665,0.007461090407550896,0.032169489947602124,0.04030666140622702
2025-01-16,-0.0019247942931705773,0.0023840417280302888,0.0068871946090514665,-0.01673872064357665,-0.007466135920999606
2025-01-17,0.009989732336240778,0.0007574767394364102,-0.005321403332684962,-0.005076836731238852,0.046087453886957834
2025-01-21,0.009111764421947974,0.003347697723746398,0.015366546556984287,-0.017234381915569242,0.01599426451162666
2025-01-22,0.00560602951650268,-0.0025907060755503376,0.005122510213068569,-0.008419020896958184,-0.023768546993042258
2025-01-23,0.005443121699786186,-0.0025972583206468037,-0.0014158718257654048,-0.015284702792321593,0.002958402684215798
2025-01-24,-0.0029236390222757776,0.0020566084799271025,0.006199449222329872,0.004911531763045232,0.00823181116278129
2025-01-27,-0.014246371153761088,0.00646762077030711,-0.010459313683880304,-0.021203081909510188,-0.026407548872376257
2025-01-28,0.008555662310440004,0.00010754386918637501,0.008619165823801737,0.011863144417672285,-0.007425167615395995
2025-01-29,-0.004492956197934756,-0.0011823896950904841,-0.0038478030414185464,-0.013789823155871057,0.023126120746530303
2025-01-30,0.005352718438924956,0.002148625228458084,0.015031970539815968,-0.0003857619739515185,0.009903181107726793
2025-01-31,-0.005336069285753725,-0.001611057903819361,0.0019744486005825435,0.003466609992588189,-0.022500491172309005
2025-02-03,-0.006752360379408188,0.0007115709452169255,0.005323078655223283,-0.0025666974170840706,-0.009809208513730521
2025-02-04,0.006685968937302757,0.00247566955186537,0.00980023748604468,-0.00399147578072021,-0.03546789334061943
2025-02-05,0.004046262165482723,0.00578838767754149,0.00619034264242983,-0.018490185794352576,-0.012920048753753386
2025-02-06,0.0034696846419031186,-0.0011764065205404444,-0.0026537744373774834,-0.008446657293337625,-0.00022926951799646017
2025-02-07,-0.00919570959500093,-0.003322919781494111,0.001782570144409176,0.005419399540078161,-0.0006649766736617645
2025-02-10,0.006768246440833929,-0.00021471363492656375,0.01679638680250656,0.020097256003363415,0.009367336465827644
2025-02-11,0.0007600829113398173,-0.0025805165128760716,-0.003658285589870855,0.011177544617719163,-0.01749792436938306
2025-02-12,-0.003226562331322575,-0.006914493575270922,0.001046607072714827,-0.025229321786201495,0.022088315919347463
2025-02-13,0.01050217660237011,0.007452446253928498,0.009814510830150894,0.0009167664219309704,-0.012976316589520155
2025-02-14,-4.930030064481471e-05,0.0041880644659220805,-0.014983466926549421,-0.007489683500142611,0.009118577917229297
2025-02-18,0.0029317413161564776,-0.005372188095927578,0.01642526914447792,0.014923688398120607,-0.020404095780052752
2025-02-19,0.0023520950559156816,0.0016145576316205187,0.0005539429240083393,0.006346732998629853,0.01140703518992484
2025-02-20,-0.0041689984778472,0.002041511010408052,0.000516699154436362,0.003994660164347354,0.01742191135803241
2025-02-21,-0.017252130139187114,0.005886543467028002,-0.0009229691054979344,-0.031483282802328205,-0.02271409470424543
2025-02-24,-0.004560888150754103,0.0021319202411560867,0.0054148811569904014,0.00819463676140123,-0.050210841304636246
2025-02-25,-0.004985539150850428,0.007849094881345449,-0.013276072540975698,-0.02451826996561233,-0.029776669354997204
2025-02-26,0.0005047716523307993,0.0027431156206244385,0.0015251697060953886,-0.0037842833022224544,-0.05072808622097089
2025-02-27,-0.01609084989213236,-0.0011595778926202739,-0.015357280506670757,0.019178490746099074,0.00422598066095089
2025-02-28,0.015485114274739427,0.005470081898933187,-0.006285532695668532,-0.000797309790991849,-0.003917962993897036
2025-03-03,-0.017675202974082413,0.0036233060045814725,0.01309428477593445,-0.02558375046136884,0.019863093489824884
2025-03-04,-0.011907450874336948,-0.0031498109823921636,0.008660029400338953,-0.00013642687626459798,0.013348200634372372
2025-03-05,0.010690533007766918,-0.005589254653591522,0.0020791481693780457,-0.02611907540453508,0.03825541905303624
2025-03-06,-0.01791059413790398,-0.0005289545656772478,-0.005094160642131142,-0.004068766396589868,-0.007329931515325766
2025-03-07,0.005589245265932211,-0.0012705649029260797,0.0005218196474086795,0.01340613748548458,-0.0364383782693103
2025-03-10,-0.026996781715158538,0.006968128400919395,-0.008794495623060066,-0.016785916360268622,-0.0994397561589308
2025-03-11,-0.008347740552712927,-0.0035835076065150067,0.01165930639065754,0.007868490406993518,0.05367293406512474
2025-03-12,0.005292537647402966,-0.0029608624729881468,0.004337373317600702,0.01871813545831001,0.010326959815815329
2025-03-13,-0.013420114513803856,0.004016174019044941,0.01760034574283983,-0.0163415942027315,-0.032233767760911476
2025-03-14,0.020445407393538326,-0.0034868573513956156,0.0003996778676249641,0.009173045915837225,0.03517658147592443
2025-03-17,0.0076817754422066654,0.0008464444795376083,0.005398932434643415,0.0059314652349788674,0.0012685421831619699
2025-03-18,-0.010867390064040638,0.0011626818225075677,0.011604364010877142,-0.006900386286061836,-0.01627415768219446
2025-03-19,0.010831946159584622,0.003058570418894323,0.00409929439969153,0.002903951269256553,0.048787879453061046
2025-03-20,-0.0028958262552206764,0.0014730508696208767,-0.0012814060805390753,0.017927338477980264,-0.0314259156183106
2025-03-21,0.00032977634761541675,-0.0008416362420008896,-0.008082476604942154,0.0008134159458269552,-0.0014737866362900664
2025-03-24,0.01775015291620303,-0.0058049350902831575,-0.004462490783133984,0.014663562012078598,0.040294928240385657
2025-03-25,0.002400961537538268,0.001692094761229903,0.004390711790074645,-0.0008015706483539941,-0.0003110343685901033
2025-03-26,-0.012009945273618882,-0.0023275303565114115,-0.0008263225124260293,0.007987242710905179,-0.006547157036869115
2025-03-27,-0.0026594249168331637,-0.0008477039924406445,0.013316671121389569,0.0007952974227207222,0.0031735085032361422
2025-03-28,-0.020343866031868996,0.00802466246257533,0.007384788228782128,-0.009451074859801283,-0.032929565500329085
2025-03-31,0.006690401079775273,0.0029402567641935878,0.014261049112946074,0.03366531218437057,-0.021621118796224338
2025-04-01,0.002820376420130523,0.003507369982300793,-0.0019801896396476866,-0.003238134997980117,0.03124852053156838
2025-04-02,0.006308477025581181,-0.0009439246151653151,0.0020495598046479263,0.008526030643493826,-0.03201445832298525
2025-04-03,-0.05053657569771326,0.010229566815168411,-0.0060565822044141146,-0.0732375709523678,0.007453656492041082
2025-04-04,-0.06032647343888726,0.0028001010217309445,-0.02367020473214484,-0.06180181194844126,0.008876865806506007
2025-04-07,-0.0017827789062554045,-0.011980945948402025,-0.021719986685703737,-0.02897879836561835,-0.056533239733370516
2025-04-08,-0.015786731357315523,-0.005043721149654075,0.0054290299021522185,-0.040834673158959285,-0.03811707626174969
2025-04-09,0.09986277900427495,-0.0031652503446154166,0.036323492196158734,0.0647950648612448,0.07938900944238107
2025-04-10,-0.044808134734808214,-0.006254564559447669,0.02413009288681445,-0.034013844950514446,-0.0363518545774045
2025-04-11,0.0176855327494353,-0.005651679040126501,0.01890679950058093,0.017301985720580604,0.04636385379527456
2025-04-14,0.009654785384662374,0.007988640393689243,-0.005722318290653523,0.003004878665892946,0.013546780227140327
2025-04-15,-0.0028050021111479797,0.0029660796874124563,0.005218738019025799,-0.002703926774144008,-0.010384627625774925
2025-04-16,-0.022478642294462312,0.004327394996834505,0.032022570753676,0.018923258717227904,0.004351453244225117
2025-04-17,0.0014257021183489845,-0.0028476477535525086,-0.004400359490663115,0.02521452992819913,0.010204134780153822
2025-04-21,-0.024090505319343453,-0.005401173136025889,0.030466725196562627,-0.012454912231737055,0.030430808280572652
2025-04-22,0.02568506585026462,0.0007433548036639974,-0.014297390879940051,0.010870459534162009,0.06548491099549585
2025-04-23,0.015376531975839068,0.0010602795922299262,-0.024270798064606143,-0.01921176304714376,0.0027489316822658697
2025-04-24,0.020830564923695834,0.0053912957975525274,0.014451351409752674,0.006006845785576822,0.0026080137382399186
2025-04-25,0.007199343111559503,0.003788361001623998,-0.010900878955956528,0.008291555302855608,0.008233751969906927
2025-04-28,0.00038113275073815703,0.003983189675441365,0.014141637459613693,-0.01856909316150082,0.0027227325309909247
2025-04-29,0.006279729416111831,0.0034463493981976377,-0.009786658970495412,-0.028592676852973488,-0.0073333094254447225
2025-04-30,0.0003967293661140437,0.0015626352757797644,-0.007510353244041899,-0.035395041742518826,-0.0008220669855229902
2025-05-01,0.0070620171098272,-0.004364362429463088,-0.02099106650379782,0.014990837952927898,0.023965778896188162
2025-05-02,0.014735015046321336,-0.006735452710211137,0.0017466735903771576,-0.007935846700359867,0.004319853436324106
2025-05-05,-0.005750726315531575,-0.0017967126126315974,0.029430400577679455,-0.025954981114731566,-0.022562125541381643
2025-05-06,-0.008393618569571036,0.0025357132881124443,0.027638515747736927,0.03513001375557303,0.021451265529472022
2025-05-07,0.004196825415107519,0.002634438886125186,-0.015106592963135799,-0.017017039781642318,0.002371543824223951
2025-05-08,0.0069436520524523955,-0.00781826487782888,-0.019890788928179075,0.0323783253031968,0.062026403533745514
2025-05-09,-0.001275013407418191,0.0007421205813311882,0.007228485693538802,0.01527905289845621,-0.002624571996284568
2025-05-12,0.032513036936388774,-0.006379787174091207,-0.028595551740996136,0.014753234888594884,-0.00153460539547827
2025-05-13,0.006582159453896485,-0.0007467859944075137,0.004249948759953267,0.02901286575593728,0.013111031807523908
2025-05-14,0.0012772683919415435,-0.003742836629178596,-0.02126227662564288,-0.012434992256835977,-0.006070027639406428
2025-05-15,0.004872485963342884,0.006514578923767359,0.015837869719407486,-0.016725845044815602,0.0019801487371228356
2025-05-16,0.006314034082214459,0.0003193193145163249,-0.012160689602209927,0.007517201817990758,-0.002464381118651062
2025-05-19,0.0010932230087837321,-0.0005325416768904476,0.012798420816745652,0.006002560447080114,0.020248769296537666
2025-05-20,-0.003367717882565777,-0.0012783127773834675,0.018450974483986242,0.002187090170311284,0.011157568710076757
2025-05-21,-0.0169946614475799,-0.006953652152410589,0.007351594562024017,-0.015706852435382185,0.026675054496876065
2025-05-22,0.00039465231728671557,0.0037502284817576793,-0.008900989925318167,-0.006680006469871149,0.01802796394236439
2025-05-23,-0.006849285531499608,0.0028835254988797123,0.021669792905121613,0.012580621657433795,-0.04006256233899459
2025-05-27,0.020577601143138266,0.0041506297021822085,-0.017094433359300068,-0.010497606597526384,0.01578379830408661
2025-05-28,-0.005802239418020955,-0.002765257260101294,-0.002268589173612519,0.009025741802187372,-0.010999457493792041
2025-05-29,0.003939655978506405,0.004144809897051524,0.0059072333619440654,-0.01036427605533909,-0.020245528009254558
2025-05-30,-0.001119070181766972,0.002965125408799044,-0.006598665713002106,-0.0005955175752302584,-0.015676574887611795
2025-06-02,0.005616997359165518,-0.0034005545320994097,0.026233913208447007,0.03511701655538296,0.017943687329571502
2025-06-03,0.005686492067326742,-0.000958594855619292,-0.008894994642019345,0.0048766065079382265,-0.004250198055930138
2025-06-04,-0.0002683824839178467,0.007325369428768202,0.0064213132412345815,-0.007900681312937231,-0.006666084188030525
2025-06-05,-0.004844707361214337,-0.002966049526261944,-0.005062672644074125,0.00847285863672443,-0.030597731847037197
2025-06-06,0.010216738848455866,-0.007988726439442002,-0.01350688232494814,0.020522933503906375,0.02733035306445883
2025-06-09,0.0009008859942058665,0.0018162640562821583,0.004707437493749117,0.009342685217941543,0.05501327016022896
2025-06-10,0.005653712984424372,0.0017066988972577865,0.00029346792267399537,-0.006265312146199662,-0.00033431842692466013
2025-06-11,-0.0028561355325104534,0.004147361720217984,0.005397696978330561,0.04399017218575875,-0.01434738860972619
2025-06-12,0.003966465498248858,0.004341608070527913,0.01234370232269246,0.0030693739012649943,-0.02569916684533185
2025-06-13,-0.01124304018902804,-0.003705161577368446,0.01301549409169947,0.0666182768163835,0.0015273471943905203
2025-06-16,0.009469296858071937,-0.0028675891610145782,-0.014361734303802328,-0.02052845727841742,0.0066306466770740015
2025-06-17,-0.008582005033840505,0.004880916143766977,0.0005130624809404316,0.046126726483488534,-0.020773336361813687
2025-06-18,-0.00015068333779750962,0.0006346778160341949,-0.00540018233840262,-0.0003646643869425607,0.0026943395038619066
2025-06-20,-0.0023512520692534054,0.0006346150594654411,-0.0004191069541604869,0.010278899457569695,-0.01511825151021015
2025-06-23,0.009828879741340762,0.0034820169597452465,0.003058490504208936,-0.08417175424797758,0.021717550170563333
2025-06-24,0.010986727590689067,0.0034702720261919713,-0.015844238391270016,-0.045654184438178695,0.004421629398587352
2025-06-25,0.0005601916703219271,0.00041995219707363033,0.0030327025232496515,0.004237550784603804,0.012329889288552448
2025-06-26,0.007793429797063043,0.003561188616414749,-0.0011076604529502278,0.003812105241829204,-0.00374445620028651
2025-06-27,0.004956023121065581,-0.002617424915282838,-0.018289975504647085,-0.004221393467016103,0.00120000602760066
2025-06-30,0.004769786700826567,0.003975893965734965,0.011913301279755133,-0.002322539054183008,0.0004379182730987609
2025-07-01,-0.00032366922609863006,-0.0018556976166434606,0.008883435847179964,0.011153539043285345,-0.013504224993731051
2025-07-02,0.004523060037873554,-0.0021012408565453363,0.00551237530942954,0.02220524716016511,0.02946777720135706
2025-07-03,0.007850630709186889,-0.003476374277302526,-0.006846293882020621,-0.005305674997314196,0.007218611789243165
2025-07-07,-0.007480079617122422,-0.0031710159546458234,0.0007485003525817282,0.017011036776343653,-0.012371237699285711
2025-07-08,-0.0005478500810473125,-0.0014831990315717803,-0.010498326962963742,0.006256481825200696,0.005987787747688724
2025-07-09,0.0059787790931290895,0.005181600594222221,0.004461316177625558,-0.00038987302353421207,0.021576245274881944
2025-07-10,0.0028162536805563672,-0.0005273856080046164,0.002223316131965108,-0.020221289310083004,0.04101205071842649
2025-07-11,-0.0035215333107093062,-0.004654214986217607,0.00955577301886398,0.024889960836444253,0.013103070357299034
2025-07-14,0.001906243438364763,-0.0004241633869917102,-0.0036620144241214002,-0.021843758180505057,0.019655546332406876
2025-07-15,-0.004282385573823065,-0.003932127971778822,-0.004164364075514542,-0.004772021233664084,-0.017443885857792257
2025-07-16,0.003337745789125182,0.0027648989900937912,0.004975696789391886,-0.0009305376902021107,0.008129063950949825
2025-07-17,0.006100922696604477,-0.0003186336607306714,-0.0021758989541098375,0.012818162707766553,0.0046325315439855776
2025-07-18,-0.0007325497986465504,0.002757813440920881,0.0025975477973482998,-0.003024571323212936,-0.010844225617985717
2025-07-21,0.0018942264569127877,0.0034896935211925755,0.015253192127432761,-0.004487916387239391,-0.0047883278598608164
2025-07-22,0.00014314722529612859,0.002846158157916764,0.0094401831613078,-0.003180046035120918,0.021529885923986695
2025-07-23,0.008471565294849989,-0.0035851997183112445,-0.012478717461642091,-0.0009294257603344809,-0.010391307548023082
2025-07-24,0.00033101651337320615,-0.0014802322122386166,-0.006137070328856787,0.010702322998154714,-0.0032638027078905844
2025-07-25,0.0042153020955152205,0.002324891123268995,-0.009293039490678532,-0.01643071157996157,-0.0062043007703418435
2025-07-28,-0.00025094714712816567,-0.002219208620781819,-0.006494663067578282,0.030524666262152434,0.0024502755485273984
2025-07-29,-0.0026410913728236495,0.006537586100765362,0.002746613677307996,0.033512785956375475,-1.9742703547879838e-05
2025-07-30,-0.0012601741569201361,-0.0034741779583929377,-0.017424424698434752,0.015419328539314181,-0.0007716619716275345
2025-07-31,-0.003758269008280562,0.0008432342063782355,0.006623418228251275,-0.018054460432078416,-0.01774942596736902
2025-08-01,-0.016526210744600818,0.01144693590410061,0.020096397826572604,-0.02712674853832757,-0.0212871264623786
2025-08-04,0.015085435505339966,0.0013577045007335396,0.005806339793967675,-0.0175819919686148,0.01534056770113369
2025-08-05,-0.005082865521319693,-0.0007307463571199533,0.0008037680984962059,-0.01442497039207653,-0.008118573366820805
2025-08-06,0.007630480974215151,-0.0007315311251969205,-0.0021233597342562006,-0.01653146642908234,0.007737149330479471
2025-08-07,-0.0008380143659028921,-0.0007318160840793213,0.008402586680171171,-0.005026880348241714,0.021236359971131914
2025-08-08,0.007767397073677367,-0.002304060240825263,-0.00022360485625666846,-0.001635702602825586,-0.006902004196733544
2025-08-11,-0.0019795150822289453,0.0003145560633807751,-0.014479017992943764,0.006798122431749119,0.017354247943951146
2025-08-12,0.010589783453664313,-0.0002096651454443709,-0.0009078785028290671,-0.01158453982291868,0.012067410412961721
2025-08-13,0.003417316211844514,0.0035580925064705913,0.003044643380447489,-0.006739560303242423,0.02604611531030144
2025-08-14,9.304834837264007e-05,-0.0032435694302457413,-0.006358881635978504,0.017510691004236238,-0.04125044324166835
2025-08-15,-0.0023441934305606874,-0.001993093271243233,0.0005856467855486066,-0.012829366713843491,-0.008154397097906272
2025-08-18,-0.00021741152958103707,-0.0009456662112351938,-0.0015624875893944005,0.0050694787488843335,-0.009809929347405015
2025-08-19,-0.0054400710732447075,0.0025193454883171984,-0.005488312721199512,-0.011961304496904196,-0.029870220205219213
2025-08-20,-0.0026605433453079173,0.001466720262346745,0.010071289165624142,0.01673326101291937,0.012712851606869349
2025-08-21,-0.004019854803817756,-0.002935511114080531,-0.00347592916281607,0.008262839230454512,-0.016372327846506683
2025-08-22,0.015239990791809514,0.005549404968592833,0.010649518982753443,0.006856276744072858,0.03886392642477823
2025-08-25,-0.004410636704071156,-0.001985802262859522,-0.002417757282480456,0.014761896027661951,-0.05948697067887765
2025-08-26,0.004178225258832409,0.0026122547470568925,0.0072358055476428994,-0.02269786246354712,0.01512512333952803
2025-08-27,0.0022758612842915782,0.0018766735651561666,0.0020166939883499383,0.008471740834036519,-0.00520655346926939
2025-08-28,0.003535155984687661,0.0022886261167544553,0.007391652350960381,0.007470653280643627,0.011822640333317674
2025-08-29,-0.005981525027687108,-0.0008317727697941102,0.009603638858147003,-0.005330523567238095,-0.03742335971466304
2025-09-02,-0.007437927983925532,-0.0029887121204360653,0.02336740250914344,0.02533124649612105,0.025407604492033505
2025-09-03,0.005404940401078972,0.003447683888943812,0.007801481349128729,-0.02546480040770088,0.004688830576405435
2025-09-04,0.008322777985422662,0.004474712479449609,-0.0044286747373555105,-0.008724322386358835,-0.00898746169776838
2025-09-05,-0.002900535496906805,0.004868263197755786,0.013257668006979742,-0.021116554373440618,-0.0006560571512495267
2025-09-08,0.0024537389950772767,0.0030950820086628815,0.011323711365555902,0.005629227019320993,0.012755470324236696
2025-09-09,0.0023090456762019985,-0.002371915634789674,-0.002272485609217019,0.0047804294191068405,-0.004837916692699648
2025-09-10,0.002886678736115367,0.0026808566348033424,0.0035857690781288176,0.017826261492872753,0.02150827089182057
2025-09-11,0.008275908261508803,0.0015436022712575312,-0.0014924929949519461,-0.023154498584903628,0.013529013824572132
2025-09-12,-0.0003346707177660732,-0.0028830091156688865,0.0019696315993883206,0.004237550784603804,0.005129680319349263
2025-09-15,0.005309886357986465,0.0016482524293603379,0.010351078276418409,0.012471434419867889,-0.005672338115693464
2025-09-16,-0.0013778829059480123,0.00061748704074169,0.00200440059968761,0.019213330155672573,0.012039614740681204
2025-09-17,-0.0012432215902442314,-0.0021627517638298944,-0.007745087571334619,-0.009293706711009968,-0.003211840787451935
2025-09-18,0.004661582700769305,-0.0033049129434079153,-0.004014356216469492,-0.0037418027413600504,0.005725006775122414
2025-09-19,0.004940704892654289,-0.00041387286607548853,0.010551365296973236,-0.01578881466887597,-0.012441583362179643
2025-09-22,0.004719836238189935,-0.0016571240015175895,0.017158380367683163,-0.0009525713161827185,-0.02574459685359166
2025-09-23,-0.005458350387306414,0.002795068144941452,0.004078048498240162,0.0215497376713591,-0.006531416615244119
2025-09-24,-0.0031867303762191145,-0.002691288512071406,-0.009104369003754706,0.01769719082086203,0.011663525697123141
2025-09-25,-0.004624120360154389,-0.0021790744310287674,0.004156538489887818,0.0078237259797737,-0.038491879643615556
2025-09-26,0.00571275501849657,-0.0005195593793665716,0.005755674720215595,0.000389569258440999,0.00606632543055882
2025-09-29,0.002806492282923286,0.002905830873689365,0.01636192499893196,-0.03205868393099122,0.04183812651811283
2025-09-30,0.0037597231281316975,-0.0004145195746618483,0.008503744538253297,-0.01132540565062215,-0.0030141158842399056
2025-10-01,0.0034018138137061633,0.003363327075494866,0.0015741326049985922,-0.008305590843670375,0.03947865276779501
2025-10-02,0.001150976538410923,0.0010360736320399414,-0.003488904306035992,-0.022118657747968482,0.016983874858595087
2025-10-03,-1.4657904558725226e-05,-0.0019691787396294734,0.008000845595952238,0.0023734484991124356,0.013050507216426515
2025-10-06,0.0035798195371442715,-0.002908638496752052,0.018670357712142448,0.016046874246320435,0.02012868084515184
2025-10-07,-0.003714424177704181,0.002493636322963106,0.005146197838027116,0.004518309902861006,-0.02681798376519831
2025-10-08,0.005945309682667269,0.00020756377792670338,0.016356457714615965,0.004498090330116458,0.015551259305387295
2025-10-09,-0.0029012239112743018,-0.0007264558249390702,-0.018625225753276277,-0.013968956762015946,-0.01346040236705057
2025-10-10,-0.027399752962904252,0.006210560140606651,0.010047058859954893,-0.04398175672918617,-0.07232182184699049
2025-10-13,0.015227522994730895,0.0005155984184614319,0.024010471634505016,0.01274448983425793,0.018003479276781486
2025-10-14,-0.0012224493091023652,0.0025751547041131875,0.007115811676483972,-0.01838074135249745,-0.01884916344559421
2025-10-15,0.004429828560167023,-0.0011321727166998183,0.01718391083164241,-0.00014496900359199123,-0.020862578290898413
2025-10-16,-0.006833553339222577,0.004623755351152686,0.02311798516943165,-0.017251894901548808,-0.02372248478317967
2025-10-17,0.005660243653625763,-0.0016416079490682981,-0.018996349267191237,0.0025039529570443633,-0.016009839805348834
2025-10-20,0.01034679913135065,0.0013340218325985265,0.03575507474940295,-0.002208991696413532,0.03797750155231332
2025-10-21,-1.4980096919646595e-05,0.0018440179459577744,-0.066427122202817,0.006465780306007316,-0.019282830173496076
2025-10-22,-0.0052124289255499326,0.00020463602995657578,0.00010605032482095541,0.03398456227516934,-0.007293562270818725
2025-10-23,0.005912393790519474,-0.003279945407902226,0.0039943702532297155,0.036969241895677935,0.021870444424777702
2025-10-24,0.00813933818061613,0.0009236106771887483,-0.003358466049881991,-0.0015020226683357966,0.008721714285261932
2025-10-27,0.011728669012909936,0.0,-0.02823439606845571,-0.000820199052709835,0.027408881782039665
2025-10-28,0.0026524281972638013,0.0009227584076104543,-0.007191829710492189,-0.023944169743727952,-0.010244824086811922
2025-10-29,0.0004802808451470464,-0.0064770981376994375,-0.003794458273018786,0.005726723592937828,-0.02601680546576632
2025-10-30,-0.011059141369128122,-0.001445297921524136,0.019451474207493994,-0.001254323430365435,-0.01602663895461955
2025-10-31,0.0032749226383666113,0.000413155458934923,-0.005445349765875755,0.011783577032754325,0.01148096119628519
2025-11-03,0.0018749378570620634,-0.0004765942807776857,0.0017912982604373527,0.0024776380306559083,-0.02784621649519701
2025-11-04,-0.01192436370973827,0.0012427170350582568,-0.01767243750416923,-0.011197982068870791,-0.04764085753760775
2025-11-05,0.0034594114980744965,-0.004772199648660069,0.01149801326624798,-0.012591122297963877,0.022400061321748738
2025-11-06,-0.010787303758716551,0.005082903725745487,-0.0012012407765740096,-0.0021140382769000558,-0.025251182491850755
2025-11-07,0.0009840405835699541,0.00041352209643255003,0.006100376279774767,0.005346922608585846,0.02023892596873405
2025-11-10,0.015483912734226307,-0.0013453506908706482,0.026974026330607748,0.00587658276848558,0.02506889682194238
2025-11-11,0.0022865416636606985,0.0031020984450252647,0.0039300815092205245,0.014404693731420119,-0.028702546476841843
2025-11-12,0.0005562623360958204,0.00020641582590253418,0.015982361021277473,-0.041125720508192694,-0.013039146642676998
2025-11-13,-0.016733258980094853,-0.002894442982837111,-0.00811594387120292,0.0008593177105123932,-0.019524742976585432
2025-11-14,-0.00016360197603775285,-0.0016575609251964672,-0.018212761198262515,0.021667615725810285,-0.054622871136591485
2025-11-17,-0.009360196958642805,0.001140026942134459,-0.011530197275275704,-0.0011213093617982158,-0.02470921467951883
2025-11-18,-0.008432918356037244,0.0016556739003876376,0.0072386702324458525,0.016690191638727318,0.009241173563305538
2025-11-19,0.00385579303499621,-0.0007239944748097665,0.0016281258445646413,-0.022598294313550794,-0.016082377699808928
2025-11-20,-0.01535972689240368,0.002377013301473436,-0.00029336859393561273,-0.010352439246949167,-0.05429914313161118
2025-11-21,0.009911911962451477,0.0032981069038759293,-0.0015485295000223418,-0.01219087806736321,-0.017950490472289502
2025-11-24,0.01461128647651694,0.0015421571604883845,0.015720029429592993,0.016032337492227555,0.036689071996159194
2025-11-25,0.009361892765496675,0.0025650156972383026,-0.0003157406112365523,-0.016754142657545643,-0.01057647695675446
2025-11-26,0.006879913570292648,0.0008193979836110973,0.007966521739529534,0.011343375421695782,0.03572258791333639
2025-11-28,0.005443530155520159,-0.001742165944096685,0.012347782735317652,0.014598782055643309,0.0044191393340756715
2025-12-01,-0.0045758860169854525,-0.005384163142897449,0.004809481913078849,-0.00014074630887585078,-0.05189240925415531
2025-12-02,0.0018504473992040423,0.0008270249107961559,-0.006460877304549151,-0.012176288676479992,0.05662099387030378
2025-12-03,0.0034568572012480016,0.0020647375011577976,-0.0009300505859088987,0.006531426198758644,0.023558262011831657
2025-12-04,0.000730793857316123,-0.0030986255542071657,0.0006459865002764292,0.010278101206640832,-0.014931972865932171
2025-12-05,0.001897802328344522,-0.0020709884159493233,-0.001783943580710258,0.007396569738930355,-0.030343059975675362
2025-12-08,-0.0030088129372459484,-0.002075450147470234,-0.0026429393579943225,-0.020083539223417286,0.013914122143271333
2025-12-09,-0.0008636488189424942,-0.0014552674724034708,0.005124051608821799,-0.008977577364876277,0.022381192698197744
2025-12-10,0.006610459575717269,0.0032197808732097734,0.004250103468607047,0.009686689671278045,-0.007262832846635849
2025-12-11,0.002324189015539355,0.0001035200497428322,0.010712248978541639,-0.0184567927192976,0.0053149701081481185
2025-12-12,-0.010810230118248774,-0.002699109564052702,0.005578987507631519,-0.006374097333458908,-0.024521421452147512
2025-12-15,-0.0015119018603529833,0.0008310761135036082,0.0009099271544499963,-0.013460308410734737,-0.043593166975371425
2025-12-16,-0.0027361029745312424,0.00280078406698252,0.00022742956353926302,-0.025661578971263053,0.016345736935078115
2025-12-17,-0.011064643182512738,-0.0002073479953822441,0.0085515594385759,0.026986433297171965,-0.019544833040854463
2025-12-18,0.00752308369069791,0.002586890544868358,-0.0018048314286412761,-0.011689130381247912,-0.007939728497768105
2025-12-19,0.009022568177218693,-0.002252197618824696,0.0011283535131121657,0.012424303145453782,0.030433154968407768
2025-12-22,0.0062105833803140055,-0.0010394909392170168,0.022819254559298667,0.02468192296143355,0.004378798230188436
2025-12-23,0.004560021358380207,-0.0004162627111211882,0.013165297757330809,0.008141152852311049,-0.012234274952953525
2025-12-24,0.0035114744844345594,0.002598028625559601,-0.00414265150874824,-0.0014235746676825158,0.002262076104062497
2025-12-26,-0.00010148843626386844,0.0009337154117070079,0.011609088487159046,-0.02480648670530307,-0.003550689574303635
2025-12-29,-0.003569956912175276,0.0014506250900552236,-0.04450407961760148,0.01636646309460631,-0.0018721567577940656
2025-12-30,-0.001221862367565455,-0.0010358296149458155,0.0007273032894686568,0.0018657666674187457,0.01471809780879094
