forecast_date,training_window_end,model,model_name,VaR,ES,realized_return,is_breach
2018-12-24,2018-12-21,M0,Historical Simulation Benchmark,-0.03273194622942048,-0.0413063099960837,0.0005194893840727993,0
2018-12-24,2018-12-21,M1,Heavy-Tail Marginals,-0.04089143839114239,-0.05231495068184251,0.0005194893840727993,0
2018-12-24,2018-12-21,M2,Wavelet + Within-Scale,-0.023195788071592345,-0.02760511802099297,0.0005194893840727993,0
2018-12-24,2018-12-21,M3,Full Cross-Scale Multiscale,-0.02438789121422692,-0.02861675356344099,0.0005194893840727993,0
2018-12-26,2018-12-24,M0,Historical Simulation Benchmark,-0.03273194622942048,-0.0413063099960837,0.009869713006633397,0
2018-12-26,2018-12-24,M1,Heavy-Tail Marginals,-0.04331766903736191,-0.05478314374901614,0.009869713006633397,0
2018-12-26,2018-12-24,M2,Wavelet + Within-Scale,-0.023036653450165114,-0.027185407780951843,0.009869713006633397,0
2018-12-26,2018-12-24,M3,Full Cross-Scale Multiscale,-0.02335221048765817,-0.02735185057512916,0.009869713006633397,0
2018-12-27,2018-12-26,M0,Historical Simulation Benchmark,-0.03273194622942048,-0.0413063099960837,-0.012972170441584541,0
2018-12-27,2018-12-26,M1,Heavy-Tail Marginals,-0.041359277570016055,-0.049791680783612575,-0.012972170441584541,0
2018-12-27,2018-12-26,M2,Wavelet + Within-Scale,-0.021995118818431924,-0.02471121891616574,-0.012972170441584541,0
2018-12-27,2018-12-26,M3,Full Cross-Scale Multiscale,-0.022955137544104127,-0.026694936185806827,-0.012972170441584541,0
2018-12-28,2018-12-27,M0,Historical Simulation Benchmark,-0.03273194622942048,-0.0413063099960837,0.01396283093731682,0
2018-12-28,2018-12-27,M1,Heavy-Tail Marginals,-0.03866746405220889,-0.053193809260772926,0.01396283093731682,0
2018-12-28,2018-12-27,M2,Wavelet + Within-Scale,-0.021072223268040743,-0.023967676856350296,0.01396283093731682,0
2018-12-28,2018-12-27,M3,Full Cross-Scale Multiscale,-0.025188456822302276,-0.02850691607128984,0.01396283093731682,0
2018-12-31,2018-12-28,M0,Historical Simulation Benchmark,-0.03273194622942048,-0.0413063099960837,-0.003939013359485521,0
2018-12-31,2018-12-28,M1,Heavy-Tail Marginals,-0.0363770397307969,-0.050756605576971994,-0.003939013359485521,0
2018-12-31,2018-12-28,M2,Wavelet + Within-Scale,-0.0239614437927709,-0.02771218577650165,-0.003939013359485521,0
2018-12-31,2018-12-28,M3,Full Cross-Scale Multiscale,-0.02474213965150718,-0.031379626118807624,-0.003939013359485521,0
2019-01-02,2018-12-31,M0,Historical Simulation Benchmark,-0.03273194622942048,-0.0413063099960837,0.01510482678223394,0
2019-01-02,2018-12-31,M1,Heavy-Tail Marginals,-0.04446345246784851,-0.05882732844025734,0.01510482678223394,0
2019-01-02,2018-12-31,M2,Wavelet + Within-Scale,-0.021401959222699104,-0.024558864816570557,0.01510482678223394,0
2019-01-02,2018-12-31,M3,Full Cross-Scale Multiscale,-0.023500528271168424,-0.028498245045083737,0.01510482678223394,0
2019-01-03,2019-01-02,M0,Historical Simulation Benchmark,-0.03273194622942048,-0.0413063099960837,-0.0049062174804693015,0
2019-01-03,2019-01-02,M1,Heavy-Tail Marginals,-0.0424351580347306,-0.05452838672216266,-0.0049062174804693015,0
2019-01-03,2019-01-02,M2,Wavelet + Within-Scale,-0.022706967418084104,-0.025992428355991366,-0.0049062174804693015,0
2019-01-03,2019-01-02,M3,Full Cross-Scale Multiscale,-0.023613042476054502,-0.027247047631774247,-0.0049062174804693015,0
2019-01-04,2019-01-03,M0,Historical Simulation Benchmark,-0.03273194622942048,-0.0413063099960837,0.009004901311660781,0
2019-01-04,2019-01-03,M1,Heavy-Tail Marginals,-0.0386902093122445,-0.05332351450168278,0.009004901311660781,0
2019-01-04,2019-01-03,M2,Wavelet + Within-Scale,-0.025547601945373064,-0.028331339195063265,0.009004901311660781,0
2019-01-04,2019-01-03,M3,Full Cross-Scale Multiscale,-0.0251564432450427,-0.029757753712420953,0.009004901311660781,0
2019-01-07,2019-01-04,M0,Historical Simulation Benchmark,-0.03273194622942048,-0.0413063099960837,0.012356579343431642,0
2019-01-07,2019-01-04,M1,Heavy-Tail Marginals,-0.0415907020612502,-0.05829834906943293,0.012356579343431642,0
2019-01-07,2019-01-04,M2,Wavelet + Within-Scale,-0.023198289321570534,-0.028358825920489043,0.012356579343431642,0
2019-01-07,2019-01-04,M3,Full Cross-Scale Multiscale,-0.023400837267651294,-0.027407988095629214,0.012356579343431642,0
2019-01-08,2019-01-07,M0,Historical Simulation Benchmark,-0.03273194622942048,-0.0413063099960837,0.00514640196023974,0
2019-01-08,2019-01-07,M1,Heavy-Tail Marginals,-0.047224110944863486,-0.05884630677682993,0.00514640196023974,0
2019-01-08,2019-01-07,M2,Wavelet + Within-Scale,-0.0239332762380241,-0.02767039161197621,0.00514640196023974,0
2019-01-08,2019-01-07,M3,Full Cross-Scale Multiscale,-0.02432444486475304,-0.030136878304366323,0.00514640196023974,0
2019-01-09,2019-01-08,M0,Historical Simulation Benchmark,-0.03273194622942048,-0.0413063099960837,0.012759198321618601,0
2019-01-09,2019-01-08,M1,Heavy-Tail Marginals,-0.039925457513667634,-0.05460191340720037,0.012759198321618601,0
2019-01-09,2019-01-08,M2,Wavelet + Within-Scale,-0.02249368627523562,-0.02619002027338139,0.012759198321618601,0
2019-01-09,2019-01-08,M3,Full Cross-Scale Multiscale,-0.025653280746616443,-0.02947043880383333,0.012759198321618601,0
2019-01-10,2019-01-09,M0,Historical Simulation Benchmark,-0.03273194622942048,-0.0413063099960837,-0.01816174606529112,0
2019-01-10,2019-01-09,M1,Heavy-Tail Marginals,-0.04247639785728936,-0.054576704566567394,-0.01816174606529112,0
2019-01-10,2019-01-09,M2,Wavelet + Within-Scale,-0.023022232406315263,-0.025637037177745632,-0.01816174606529112,0
2019-01-10,2019-01-09,M3,Full Cross-Scale Multiscale,-0.024404918199356685,-0.028758399514726453,-0.01816174606529112,0
2019-01-11,2019-01-10,M0,Historical Simulation Benchmark,-0.03273194622942048,-0.0413063099960837,-0.00215964841084208,0
2019-01-11,2019-01-10,M1,Heavy-Tail Marginals,-0.04306513707563491,-0.053010138556667544,-0.00215964841084208,0
2019-01-11,2019-01-10,M2,Wavelet + Within-Scale,-0.023845193082178782,-0.026889142058763547,-0.00215964841084208,0
2019-01-11,2019-01-10,M3,Full Cross-Scale Multiscale,-0.025240825621644793,-0.02855383440528963,-0.00215964841084208,0
2019-01-14,2019-01-11,M0,Historical Simulation Benchmark,-0.03273194622942048,-0.0413063099960837,-0.0037433227198924402,0
2019-01-14,2019-01-11,M1,Heavy-Tail Marginals,-0.040078660628157695,-0.053018426636641934,-0.0037433227198924402,0
2019-01-14,2019-01-11,M2,Wavelet + Within-Scale,-0.02134646325781775,-0.024780551100099895,-0.0037433227198924402,0
2019-01-14,2019-01-11,M3,Full Cross-Scale Multiscale,-0.025151443878726584,-0.027543123716908053,-0.0037433227198924402,0
2019-01-15,2019-01-14,M0,Historical Simulation Benchmark,-0.03273194622942048,-0.0413063099960837,0.003350207368448219,0
2019-01-15,2019-01-14,M1,Heavy-Tail Marginals,-0.04103914780551641,-0.049445152718330575,0.003350207368448219,0
2019-01-15,2019-01-14,M2,Wavelet + Within-Scale,-0.021840120026039543,-0.02396233932873132,0.003350207368448219,0
2019-01-15,2019-01-14,M3,Full Cross-Scale Multiscale,-0.02416591661743986,-0.026881999313575343,0.003350207368448219,0
2019-01-16,2019-01-15,M0,Historical Simulation Benchmark,-0.03273194622942048,-0.0413063099960837,0.0034306428532072802,0
2019-01-16,2019-01-15,M1,Heavy-Tail Marginals,-0.04072311776306735,-0.048353877824675685,0.0034306428532072802,0
2019-01-16,2019-01-15,M2,Wavelet + Within-Scale,-0.021354713170161656,-0.026485592361615552,0.0034306428532072802,0
2019-01-16,2019-01-15,M3,Full Cross-Scale Multiscale,-0.024580008079543563,-0.02923683785512462,0.0034306428532072802,0
2019-01-17,2019-01-16,M0,Historical Simulation Benchmark,-0.03273194622942048,-0.0413063099960837,0.00162557469046374,0
2019-01-17,2019-01-16,M1,Heavy-Tail Marginals,-0.040117148335841395,-0.04479837089149082,0.00162557469046374,0
2019-01-17,2019-01-16,M2,Wavelet + Within-Scale,-0.021444622606373087,-0.025806530727939488,0.00162557469046374,0
2019-01-17,2019-01-16,M3,Full Cross-Scale Multiscale,-0.024137138279713602,-0.0282014392824299,0.00162557469046374,0
2019-01-18,2019-01-17,M0,Historical Simulation Benchmark,-0.03273194622942048,-0.0413063099960837,0.004097838388287299,0
2019-01-18,2019-01-17,M1,Heavy-Tail Marginals,-0.04217830401057021,-0.06056293228484405,0.004097838388287299,0
2019-01-18,2019-01-17,M2,Wavelet + Within-Scale,-0.020763240247763968,-0.02518220436781146,0.004097838388287299,0
2019-01-18,2019-01-17,M3,Full Cross-Scale Multiscale,-0.024670775880657952,-0.027005112228816554,0.004097838388287299,0
2019-01-22,2019-01-18,M0,Historical Simulation Benchmark,-0.03273194622942048,-0.0413063099960837,-0.00763824303174118,0
2019-01-22,2019-01-18,M1,Heavy-Tail Marginals,-0.038040395193574876,-0.04412444873896144,-0.00763824303174118,0
2019-01-22,2019-01-18,M2,Wavelet + Within-Scale,-0.023962086461206785,-0.02768595233788898,-0.00763824303174118,0
2019-01-22,2019-01-18,M3,Full Cross-Scale Multiscale,-0.02420972079737497,-0.027473027822672635,-0.00763824303174118,0
2019-01-23,2019-01-22,M0,Historical Simulation Benchmark,-0.03273194622942048,-0.0413063099960837,-0.0023038370496509,0
2019-01-23,2019-01-22,M1,Heavy-Tail Marginals,-0.040402158020907485,-0.04778490898934941,-0.0023038370496509,0
2019-01-23,2019-01-22,M2,Wavelet + Within-Scale,-0.022097975538139372,-0.025977708394391084,-0.0023038370496509,0
2019-01-23,2019-01-22,M3,Full Cross-Scale Multiscale,-0.024668464058084396,-0.02797139266143428,-0.0023038370496509,0
2019-01-24,2019-01-23,M0,Historical Simulation Benchmark,-0.03273194622942048,-0.0413063099960837,0.0034644243705287603,0
2019-01-24,2019-01-23,M1,Heavy-Tail Marginals,-0.03855206619542979,-0.05179316273901977,0.0034644243705287603,0
2019-01-24,2019-01-23,M2,Wavelet + Within-Scale,-0.02349883239791243,-0.02668412980934476,0.0034644243705287603,0
2019-01-24,2019-01-23,M3,Full Cross-Scale Multiscale,-0.02410604346223512,-0.02808127149349953,0.0034644243705287603,0
2019-01-25,2019-01-24,M0,Historical Simulation Benchmark,-0.026405642606116077,-0.038487212560937296,0.00549189491296602,0
2019-01-25,2019-01-24,M1,Heavy-Tail Marginals,-0.022866415288991117,-0.02995584472188224,0.00549189491296602,0
2019-01-25,2019-01-24,M2,Wavelet + Within-Scale,-0.00862058618878963,-0.010519583610501598,0.00549189491296602,0
2019-01-25,2019-01-24,M3,Full Cross-Scale Multiscale,-0.009081680043387698,-0.01028014624485682,0.00549189491296602,0
2019-01-28,2019-01-25,M0,Historical Simulation Benchmark,-0.026405642606116077,-0.038487212560937296,-0.0134919709033295,0
2019-01-28,2019-01-25,M1,Heavy-Tail Marginals,-0.022713125558811578,-0.0292021942750949,-0.0134919709033295,0
2019-01-28,2019-01-25,M2,Wavelet + Within-Scale,-0.008873277808375993,-0.010175908602591646,-0.0134919709033295,1
2019-01-28,2019-01-25,M3,Full Cross-Scale Multiscale,-0.009562977825373499,-0.011091076562673025,-0.0134919709033295,1
2019-01-29,2019-01-28,M0,Historical Simulation Benchmark,-0.026405642606116077,-0.038487212560937296,0.00393566982572692,0
2019-01-29,2019-01-28,M1,Heavy-Tail Marginals,-0.02276904914091709,-0.027956629716968513,0.00393566982572692,0
2019-01-29,2019-01-28,M2,Wavelet + Within-Scale,-0.009574771310654944,-0.01061200994448028,0.00393566982572692,0
2019-01-29,2019-01-28,M3,Full Cross-Scale Multiscale,-0.009295766976601784,-0.011100272237919305,0.00393566982572692,0
2019-01-30,2019-01-29,M0,Historical Simulation Benchmark,-0.026405642606116077,-0.038487212560937296,0.01119498693018232,0
2019-01-30,2019-01-29,M1,Heavy-Tail Marginals,-0.021470996910061352,-0.02574952234274865,0.01119498693018232,0
2019-01-30,2019-01-29,M2,Wavelet + Within-Scale,-0.009390565078936883,-0.010530778459042437,0.01119498693018232,0
2019-01-30,2019-01-29,M3,Full Cross-Scale Multiscale,-0.009464299181524218,-0.010619456691888301,0.01119498693018232,0
2019-01-31,2019-01-30,M0,Historical Simulation Benchmark,-0.026405642606116077,-0.038487212560937296,0.00024801951412859943,0
2019-01-31,2019-01-30,M1,Heavy-Tail Marginals,-0.02222405967230515,-0.02856575877734866,0.00024801951412859943,0
2019-01-31,2019-01-30,M2,Wavelet + Within-Scale,-0.009130245145742281,-0.009935747010657272,0.00024801951412859943,0
2019-01-31,2019-01-30,M3,Full Cross-Scale Multiscale,-0.009781272946586352,-0.010957196553928874,0.00024801951412859943,0
2019-02-01,2019-01-31,M0,Historical Simulation Benchmark,-0.026405642606116077,-0.038487212560937296,0.005232502770364361,0
2019-02-01,2019-01-31,M1,Heavy-Tail Marginals,-0.02197685188712371,-0.029088858625957652,0.005232502770364361,0
2019-02-01,2019-01-31,M2,Wavelet + Within-Scale,-0.008819192514927894,-0.010032464190625702,0.005232502770364361,0
2019-02-01,2019-01-31,M3,Full Cross-Scale Multiscale,-0.009688557298944515,-0.010912341127682999,0.005232502770364361,0
2019-02-04,2019-02-01,M0,Historical Simulation Benchmark,-0.026405642606116077,-0.038487212560937296,-0.003815502026884861,0
2019-02-04,2019-02-01,M1,Heavy-Tail Marginals,-0.02410524573051511,-0.03043627988958289,-0.003815502026884861,0
2019-02-04,2019-02-01,M2,Wavelet + Within-Scale,-0.008814022350448354,-0.010584839118107188,-0.003815502026884861,0
2019-02-04,2019-02-01,M3,Full Cross-Scale Multiscale,-0.010087970730374752,-0.01124285260741702,-0.003815502026884861,0
2019-02-05,2019-02-04,M0,Historical Simulation Benchmark,-0.026405642606116077,-0.038487212560937296,-0.0015713440094170003,0
2019-02-05,2019-02-04,M1,Heavy-Tail Marginals,-0.023891802475376315,-0.03663494255588156,-0.0015713440094170003,0
2019-02-05,2019-02-04,M2,Wavelet + Within-Scale,-0.009450879436533199,-0.01088799972753743,-0.0015713440094170003,0
2019-02-05,2019-02-04,M3,Full Cross-Scale Multiscale,-0.010269375030527127,-0.011592389477471333,-0.0015713440094170003,0
2019-02-06,2019-02-05,M0,Historical Simulation Benchmark,-0.026405642606116077,-0.038487212560937296,-0.003993402017824861,0
2019-02-06,2019-02-05,M1,Heavy-Tail Marginals,-0.022857294522417863,-0.029928550699852945,-0.003993402017824861,0
2019-02-06,2019-02-05,M2,Wavelet + Within-Scale,-0.009447195791260837,-0.01061517984991748,-0.003993402017824861,0
2019-02-06,2019-02-05,M3,Full Cross-Scale Multiscale,-0.009801545153843566,-0.011272447149463447,-0.003993402017824861,0
2019-02-07,2019-02-06,M0,Historical Simulation Benchmark,-0.026405642606116077,-0.038487212560937296,-0.00608397007874746,0
2019-02-07,2019-02-06,M1,Heavy-Tail Marginals,-0.022847718046725533,-0.029584626095764704,-0.00608397007874746,0
2019-02-07,2019-02-06,M2,Wavelet + Within-Scale,-0.009357761811125352,-0.010667905790656877,-0.00608397007874746,0
2019-02-07,2019-02-06,M3,Full Cross-Scale Multiscale,-0.009805606300459692,-0.011249823022807451,-0.00608397007874746,0
2019-02-08,2019-02-07,M0,Historical Simulation Benchmark,-0.026405642606116077,-0.038487212560937296,0.01658964493050394,0
2019-02-08,2019-02-07,M1,Heavy-Tail Marginals,-0.022494813715589243,-0.029248601570439653,0.01658964493050394,0
2019-02-08,2019-02-07,M2,Wavelet + Within-Scale,-0.00898308455312912,-0.010116264000159065,0.01658964493050394,0
2019-02-08,2019-02-07,M3,Full Cross-Scale Multiscale,-0.009625297818581562,-0.010939504926188143,0.01658964493050394,0
2019-02-11,2019-02-08,M0,Historical Simulation Benchmark,-0.026405642606116077,-0.038487212560937296,-0.00345072090468754,0
2019-02-11,2019-02-08,M1,Heavy-Tail Marginals,-0.02154173279243075,-0.027324080134593653,-0.00345072090468754,0
2019-02-11,2019-02-08,M2,Wavelet + Within-Scale,-0.009399772716080525,-0.010793638434481499,-0.00345072090468754,0
2019-02-11,2019-02-08,M3,Full Cross-Scale Multiscale,-0.009457172210450962,-0.011019510810563777,-0.00345072090468754,0
2019-02-12,2019-02-11,M0,Historical Simulation Benchmark,-0.026405642606116077,-0.038487212560937296,0.005693089757616501,0
2019-02-12,2019-02-11,M1,Heavy-Tail Marginals,-0.02205646620794088,-0.0291226588385317,0.005693089757616501,0
2019-02-12,2019-02-11,M2,Wavelet + Within-Scale,-0.009471293372402967,-0.010992111239777873,0.005693089757616501,0
2019-02-12,2019-02-11,M3,Full Cross-Scale Multiscale,-0.009001092534860035,-0.01075320056900174,0.005693089757616501,0
2019-02-13,2019-02-12,M0,Historical Simulation Benchmark,-0.026405642606116077,-0.038487212560937296,0.0013783748960380995,0
2019-02-13,2019-02-12,M1,Heavy-Tail Marginals,-0.0225355013261358,-0.02882783211903231,0.0013783748960380995,0
2019-02-13,2019-02-12,M2,Wavelet + Within-Scale,-0.008466588075631335,-0.009932555550841275,0.0013783748960380995,0
2019-02-13,2019-02-12,M3,Full Cross-Scale Multiscale,-0.00975867132774873,-0.011051531041024718,0.0013783748960380995,0
2019-02-14,2019-02-13,M0,Historical Simulation Benchmark,-0.026405642606116077,-0.038487212560937296,0.0032267200742285597,0
2019-02-14,2019-02-13,M1,Heavy-Tail Marginals,-0.023515428573975188,-0.03024984217549448,0.0032267200742285597,0
2019-02-14,2019-02-13,M2,Wavelet + Within-Scale,-0.008483493120790515,-0.009554093627313935,0.0032267200742285597,0
2019-02-14,2019-02-13,M3,Full Cross-Scale Multiscale,-0.009341559752104628,-0.010625624114254321,0.0032267200742285597,0
2019-02-15,2019-02-14,M0,Historical Simulation Benchmark,-0.026405642606116077,-0.038487212560937296,0.00735034894784392,0
2019-02-15,2019-02-14,M1,Heavy-Tail Marginals,-0.02402841115066551,-0.02798162107920647,0.00735034894784392,0
2019-02-15,2019-02-14,M2,Wavelet + Within-Scale,-0.009153011675979584,-0.010710239151631495,0.00735034894784392,0
2019-02-15,2019-02-14,M3,Full Cross-Scale Multiscale,-0.009850787959754784,-0.01099482019489281,0.00735034894784392,0
2019-02-19,2019-02-15,M0,Historical Simulation Benchmark,-0.026405642606116077,-0.038487212560937296,0.0221604634083234,0
2019-02-19,2019-02-15,M1,Heavy-Tail Marginals,-0.023937475111632404,-0.02920115100539139,0.0221604634083234,0
2019-02-19,2019-02-15,M2,Wavelet + Within-Scale,-0.00851154598114099,-0.01002437978409416,0.0221604634083234,0
2019-02-19,2019-02-15,M3,Full Cross-Scale Multiscale,-0.009248432706068586,-0.01094969424821063,0.0221604634083234,0
2019-02-20,2019-02-19,M0,Historical Simulation Benchmark,-0.026405642606116077,-0.038487212560937296,0.0052014874501618005,0
2019-02-20,2019-02-19,M1,Heavy-Tail Marginals,-0.02348028258979234,-0.031310125310813335,0.0052014874501618005,0
2019-02-20,2019-02-19,M2,Wavelet + Within-Scale,-0.008687935791880637,-0.009839375063835611,0.0052014874501618005,0
2019-02-20,2019-02-19,M3,Full Cross-Scale Multiscale,-0.009470083598893463,-0.010668353240843973,0.0052014874501618005,0
2019-02-21,2019-02-20,M0,Historical Simulation Benchmark,-0.026405642606116077,-0.038487212560937296,-0.0067184453956760405,0
2019-02-21,2019-02-20,M1,Heavy-Tail Marginals,-0.025025309568482902,-0.034416966278749545,-0.0067184453956760405,0
2019-02-21,2019-02-20,M2,Wavelet + Within-Scale,-0.00881476220272415,-0.010415038221050145,-0.0067184453956760405,0
2019-02-21,2019-02-20,M3,Full Cross-Scale Multiscale,-0.00975982194415886,-0.011163779204987161,-0.0067184453956760405,0
2019-02-22,2019-02-21,M0,Historical Simulation Benchmark,-0.026405642606116077,-0.038487212560937296,0.0063066736391911606,0
2019-02-22,2019-02-21,M1,Heavy-Tail Marginals,-0.02361496128253964,-0.030978527773298424,0.0063066736391911606,0
2019-02-22,2019-02-21,M2,Wavelet + Within-Scale,-0.00900836919264782,-0.010309560977339736,0.0063066736391911606,0
2019-02-22,2019-02-21,M3,Full Cross-Scale Multiscale,-0.009115349574215345,-0.010274089330736032,0.0063066736391911606,0
2019-02-25,2019-02-22,M0,Historical Simulation Benchmark,-0.026405642606116077,-0.038487212560937296,-0.01293376187690596,0
2019-02-25,2019-02-22,M1,Heavy-Tail Marginals,-0.022195070730463798,-0.02926889825412533,-0.01293376187690596,0
2019-02-25,2019-02-22,M2,Wavelet + Within-Scale,-0.009364509149552424,-0.011203256521209628,-0.01293376187690596,1
2019-02-25,2019-02-22,M3,Full Cross-Scale Multiscale,-0.009878342382185098,-0.010992638166353638,-0.01293376187690596,1
2019-02-26,2019-02-25,M0,Historical Simulation Benchmark,-0.026405642606116077,-0.038487212560937296,0.00035391157789714,0
2019-02-26,2019-02-25,M1,Heavy-Tail Marginals,-0.02399807193470639,-0.03300670734000536,0.00035391157789714,0
2019-02-26,2019-02-25,M2,Wavelet + Within-Scale,-0.011568630322553215,-0.013559467766415163,0.00035391157789714,0
2019-02-26,2019-02-25,M3,Full Cross-Scale Multiscale,-0.012691103269839922,-0.014563361219447565,0.00035391157789714,0
2019-02-27,2019-02-26,M0,Historical Simulation Benchmark,-0.026405642606116077,-0.038487212560937296,0.0020340123470408405,0
2019-02-27,2019-02-26,M1,Heavy-Tail Marginals,-0.02647832260910901,-0.033075103859854425,0.0020340123470408405,0
2019-02-27,2019-02-26,M2,Wavelet + Within-Scale,-0.012500915359613176,-0.014843874398480806,0.0020340123470408405,0
2019-02-27,2019-02-26,M3,Full Cross-Scale Multiscale,-0.012829509131941337,-0.014741373871131605,0.0020340123470408405,0
2019-02-28,2019-02-27,M0,Historical Simulation Benchmark,-0.026405642606116077,-0.038487212560937296,-0.0008161791390297803,0
2019-02-28,2019-02-27,M1,Heavy-Tail Marginals,-0.022914233998029776,-0.031051003027236575,-0.0008161791390297803,0
2019-02-28,2019-02-27,M2,Wavelet + Within-Scale,-0.012270739412706302,-0.014601503573053018,-0.0008161791390297803,0
2019-02-28,2019-02-27,M3,Full Cross-Scale Multiscale,-0.012542465214994495,-0.015443884565080983,-0.0008161791390297803,0
2019-03-01,2019-02-28,M0,Historical Simulation Benchmark,-0.026405642606116077,-0.038487212560937296,-0.0075099046780191005,0
2019-03-01,2019-02-28,M1,Heavy-Tail Marginals,-0.022751239459114,-0.03831356782352404,-0.0075099046780191005,0
2019-03-01,2019-02-28,M2,Wavelet + Within-Scale,-0.011579820853839996,-0.01263147263639051,-0.0075099046780191005,0
2019-03-01,2019-02-28,M3,Full Cross-Scale Multiscale,-0.012492858548508784,-0.014232829469525792,-0.0075099046780191005,0
2019-03-04,2019-03-01,M0,Historical Simulation Benchmark,-0.026405642606116077,-0.038487212560937296,-0.0033958544823060807,0
2019-03-04,2019-03-01,M1,Heavy-Tail Marginals,-0.020837896477770596,-0.02543304234135412,-0.0033958544823060807,0
2019-03-04,2019-03-01,M2,Wavelet + Within-Scale,-0.012938965860206339,-0.014584388581267264,-0.0033958544823060807,0
2019-03-04,2019-03-01,M3,Full Cross-Scale Multiscale,-0.012887717103989248,-0.015218909015051175,-0.0033958544823060807,0
2019-03-05,2019-03-04,M0,Historical Simulation Benchmark,-0.026405642606116077,-0.038487212560937296,0.00748763826634976,0
2019-03-05,2019-03-04,M1,Heavy-Tail Marginals,-0.0268885649217,-0.0355895783528519,0.00748763826634976,0
2019-03-05,2019-03-04,M2,Wavelet + Within-Scale,-0.011910161528385753,-0.013318824378659855,0.00748763826634976,0
2019-03-05,2019-03-04,M3,Full Cross-Scale Multiscale,-0.012778092969019002,-0.014574696368259468,0.00748763826634976,0
2019-03-06,2019-03-05,M0,Historical Simulation Benchmark,-0.026405642606116077,-0.038487212560937296,-0.0016384861339934801,0
2019-03-06,2019-03-05,M1,Heavy-Tail Marginals,-0.022895135347960945,-0.027609116055485793,-0.0016384861339934801,0
2019-03-06,2019-03-05,M2,Wavelet + Within-Scale,-0.011446341837204619,-0.012928913504818937,-0.0016384861339934801,0
2019-03-06,2019-03-05,M3,Full Cross-Scale Multiscale,-0.011745279231216803,-0.01310557694953062,-0.0016384861339934801,0
2019-03-07,2019-03-06,M0,Historical Simulation Benchmark,-0.026405642606116077,-0.038487212560937296,0.00023046661257075993,0
2019-03-07,2019-03-06,M1,Heavy-Tail Marginals,-0.022733684925909523,-0.028736519207150774,0.00023046661257075993,0
2019-03-07,2019-03-06,M2,Wavelet + Within-Scale,-0.011752091418878449,-0.013617915623213666,0.00023046661257075993,0
2019-03-07,2019-03-06,M3,Full Cross-Scale Multiscale,-0.012831158121342733,-0.013808669412639137,0.00023046661257075993,0
2019-03-08,2019-03-07,M0,Historical Simulation Benchmark,-0.026405642606116077,-0.038487212560937296,0.00017390301594184018,0
2019-03-08,2019-03-07,M1,Heavy-Tail Marginals,-0.0227154326300003,-0.028856298375901073,0.00017390301594184018,0
2019-03-08,2019-03-07,M2,Wavelet + Within-Scale,-0.01210809803648963,-0.014548876279333729,0.00017390301594184018,0
2019-03-08,2019-03-07,M3,Full Cross-Scale Multiscale,-0.012950115420099557,-0.014722385874088851,0.00017390301594184018,0
2019-03-11,2019-03-08,M0,Historical Simulation Benchmark,-0.026405642606116077,-0.038487212560937296,0.004161678856234641,0
2019-03-11,2019-03-08,M1,Heavy-Tail Marginals,-0.022899554209958126,-0.0269576321508198,0.004161678856234641,0
2019-03-11,2019-03-08,M2,Wavelet + Within-Scale,-0.011308535242628686,-0.013237076210900551,0.004161678856234641,0
2019-03-11,2019-03-08,M3,Full Cross-Scale Multiscale,-0.012401433961279105,-0.014131557888941266,0.004161678856234641,0
2019-03-12,2019-03-11,M0,Historical Simulation Benchmark,-0.026405642606116077,-0.038487212560937296,0.0032196746507198405,0
2019-03-12,2019-03-11,M1,Heavy-Tail Marginals,-0.02191724063391005,-0.02879139887870279,0.0032196746507198405,0
2019-03-12,2019-03-11,M2,Wavelet + Within-Scale,-0.011776018246752538,-0.014116120380424941,0.0032196746507198405,0
2019-03-12,2019-03-11,M3,Full Cross-Scale Multiscale,-0.012355541335178076,-0.015185872674664484,0.0032196746507198405,0
2019-03-13,2019-03-12,M0,Historical Simulation Benchmark,-0.026405642606116077,-0.038487212560937296,0.007495776243954,0
2019-03-13,2019-03-12,M1,Heavy-Tail Marginals,-0.02277692723405928,-0.03328952780486912,0.007495776243954,0
2019-03-13,2019-03-12,M2,Wavelet + Within-Scale,-0.012045810251277442,-0.013784998241480453,0.007495776243954,0
2019-03-13,2019-03-12,M3,Full Cross-Scale Multiscale,-0.01388522153037449,-0.015123013172654165,0.007495776243954,0
2019-03-14,2019-03-13,M0,Historical Simulation Benchmark,-0.026405642606116077,-0.038487212560937296,-0.0013438073624604404,0
2019-03-14,2019-03-13,M1,Heavy-Tail Marginals,-0.022741764351050645,-0.03163581474999902,-0.0013438073624604404,0
2019-03-14,2019-03-13,M2,Wavelet + Within-Scale,-0.012143772564924953,-0.01429274607413542,-0.0013438073624604404,0
2019-03-14,2019-03-13,M3,Full Cross-Scale Multiscale,-0.012691215418710468,-0.014247166566485961,-0.0013438073624604404,0
2019-03-15,2019-03-14,M0,Historical Simulation Benchmark,-0.026405642606116077,-0.038487212560937296,0.0040536278636517,0
2019-03-15,2019-03-14,M1,Heavy-Tail Marginals,-0.022960467459598375,-0.03403039455584565,0.0040536278636517,0
2019-03-15,2019-03-14,M2,Wavelet + Within-Scale,-0.012381613851381677,-0.01354049559157929,0.0040536278636517,0
2019-03-15,2019-03-14,M3,Full Cross-Scale Multiscale,-0.012770729277951642,-0.014836599601393436,0.0040536278636517,0
2019-03-18,2019-03-15,M0,Historical Simulation Benchmark,-0.026405642606116077,-0.038487212560937296,0.0059492077550424,0
2019-03-18,2019-03-15,M1,Heavy-Tail Marginals,-0.024552028283059756,-0.02960431338385801,0.0059492077550424,0
2019-03-18,2019-03-15,M2,Wavelet + Within-Scale,-0.012165851656170611,-0.014015121050739678,0.0059492077550424,0
2019-03-18,2019-03-15,M3,Full Cross-Scale Multiscale,-0.012338247357600996,-0.01416932215169423,0.0059492077550424,0
2019-03-19,2019-03-18,M0,Historical Simulation Benchmark,-0.026405642606116077,-0.038487212560937296,0.0018893947744684399,0
2019-03-19,2019-03-18,M1,Heavy-Tail Marginals,-0.02312747245818077,-0.0321172747221108,0.0018893947744684399,0
2019-03-19,2019-03-18,M2,Wavelet + Within-Scale,-0.012380555495175131,-0.014355443542755825,0.0018893947744684399,0
2019-03-19,2019-03-18,M3,Full Cross-Scale Multiscale,-0.012407433173752033,-0.014731728551402238,0.0018893947744684399,0
2019-03-20,2019-03-19,M0,Historical Simulation Benchmark,-0.026405642606116077,-0.038487212560937296,0.006426745787041901,0
2019-03-20,2019-03-19,M1,Heavy-Tail Marginals,-0.027202627998421044,-0.03751364981398022,0.006426745787041901,0
2019-03-20,2019-03-19,M2,Wavelet + Within-Scale,-0.011976913289059548,-0.013361448400252713,0.006426745787041901,0
2019-03-20,2019-03-19,M3,Full Cross-Scale Multiscale,-0.012556677080241274,-0.01384889993237278,0.006426745787041901,0
2019-03-21,2019-03-20,M0,Historical Simulation Benchmark,-0.026405642606116077,-0.038487212560937296,-0.002483401555060101,0
2019-03-21,2019-03-20,M1,Heavy-Tail Marginals,-0.023195594960623123,-0.02963507084097869,-0.002483401555060101,0
2019-03-21,2019-03-20,M2,Wavelet + Within-Scale,-0.012249118978799847,-0.013347528019607365,-0.002483401555060101,0
2019-03-21,2019-03-20,M3,Full Cross-Scale Multiscale,-0.012494978591202206,-0.014554377778743886,-0.002483401555060101,0
2019-03-22,2019-03-21,M0,Historical Simulation Benchmark,-0.026405642606116077,-0.038487212560937296,-0.005617082738005241,0
2019-03-22,2019-03-21,M1,Heavy-Tail Marginals,-0.02252919119033939,-0.03420474250415813,-0.005617082738005241,0
2019-03-22,2019-03-21,M2,Wavelet + Within-Scale,-0.01214787202542316,-0.013757053282749135,-0.005617082738005241,0
2019-03-22,2019-03-21,M3,Full Cross-Scale Multiscale,-0.01283574837811,-0.015342491310197905,-0.005617082738005241,0
2019-03-25,2019-03-22,M0,Historical Simulation Benchmark,-0.026405642606116077,-0.038487212560937296,-0.0008396421815096999,0
2019-03-25,2019-03-22,M1,Heavy-Tail Marginals,-0.024113721862802175,-0.03317710113514541,-0.0008396421815096999,0
2019-03-25,2019-03-22,M2,Wavelet + Within-Scale,-0.01212359017259291,-0.013506529442124113,-0.0008396421815096999,0
2019-03-25,2019-03-22,M3,Full Cross-Scale Multiscale,-0.012611966117561433,-0.014047478402056562,-0.0008396421815096999,0
2019-03-26,2019-03-25,M0,Historical Simulation Benchmark,-0.026405642606116077,-0.038487212560937296,0.0049889926443453005,0
2019-03-26,2019-03-25,M1,Heavy-Tail Marginals,-0.023760640974139945,-0.03011499240501974,0.0049889926443453005,0
2019-03-26,2019-03-25,M2,Wavelet + Within-Scale,-0.011622004220229902,-0.013385927422350227,0.0049889926443453005,0
2019-03-26,2019-03-25,M3,Full Cross-Scale Multiscale,-0.012697935141430736,-0.014881630153574419,0.0049889926443453005,0
2019-03-27,2019-03-26,M0,Historical Simulation Benchmark,-0.026405642606116077,-0.038487212560937296,0.0014421006895939002,0
2019-03-27,2019-03-26,M1,Heavy-Tail Marginals,-0.0165526011519423,-0.0211730258586873,0.0014421006895939002,0
2019-03-27,2019-03-26,M2,Wavelet + Within-Scale,-0.008709931565175442,-0.010108339411212438,0.0014421006895939002,0
2019-03-27,2019-03-26,M3,Full Cross-Scale Multiscale,-0.009064105822741215,-0.010362760107338121,0.0014421006895939002,0
2019-03-28,2019-03-27,M0,Historical Simulation Benchmark,-0.026405642606116077,-0.038487212560937296,-0.0027942693500832947,0
2019-03-28,2019-03-27,M1,Heavy-Tail Marginals,-0.016995961609882048,-0.022983199706547146,-0.0027942693500832947,0
2019-03-28,2019-03-27,M2,Wavelet + Within-Scale,-0.00855399450935127,-0.010743942658872348,-0.0027942693500832947,0
2019-03-28,2019-03-27,M3,Full Cross-Scale Multiscale,-0.009386360787289818,-0.010727370949244544,-0.0027942693500832947,0
2019-03-29,2019-03-28,M0,Historical Simulation Benchmark,-0.026405642606116077,-0.038487212560937296,0.00496696159497748,0
2019-03-29,2019-03-28,M1,Heavy-Tail Marginals,-0.01615961176111163,-0.02238829892434641,0.00496696159497748,0
2019-03-29,2019-03-28,M2,Wavelet + Within-Scale,-0.009085471492344928,-0.010337813143789513,0.00496696159497748,0
2019-03-29,2019-03-28,M3,Full Cross-Scale Multiscale,-0.00944482461438087,-0.010936306123235418,0.00496696159497748,0
2019-04-01,2019-03-29,M0,Historical Simulation Benchmark,-0.026405642606116077,-0.038487212560937296,0.00814259824187438,0
2019-04-01,2019-03-29,M1,Heavy-Tail Marginals,-0.01711612861595917,-0.021739622250033716,0.00814259824187438,0
2019-04-01,2019-03-29,M2,Wavelet + Within-Scale,-0.008640515685026239,-0.01015782439415132,0.00814259824187438,0
2019-04-01,2019-03-29,M3,Full Cross-Scale Multiscale,-0.009506974662376363,-0.010920236151340782,0.00814259824187438,0
2019-04-02,2019-04-01,M0,Historical Simulation Benchmark,-0.026405642606116077,-0.038487212560937296,0.036128128142242304,0
2019-04-02,2019-04-01,M1,Heavy-Tail Marginals,-0.014671751307136886,-0.020490755297341772,0.036128128142242304,0
2019-04-02,2019-04-01,M2,Wavelet + Within-Scale,-0.008615306345697616,-0.01007721526062183,0.036128128142242304,0
2019-04-02,2019-04-01,M3,Full Cross-Scale Multiscale,-0.009016046468674993,-0.010185894335950641,0.036128128142242304,0
2019-04-03,2019-04-02,M0,Historical Simulation Benchmark,-0.026405642606116077,-0.038487212560937296,0.0028686971724492995,0
2019-04-03,2019-04-02,M1,Heavy-Tail Marginals,-0.01600289380772667,-0.020201988436923748,0.0028686971724492995,0
2019-04-03,2019-04-02,M2,Wavelet + Within-Scale,-0.008403059574074114,-0.009516705642819298,0.0028686971724492995,0
2019-04-03,2019-04-02,M3,Full Cross-Scale Multiscale,-0.009101468663725671,-0.010311349391972726,0.0028686971724492995,0
2019-04-04,2019-04-03,M0,Historical Simulation Benchmark,-0.026405642606116077,-0.038487212560937296,-0.00186403305440482,0
2019-04-04,2019-04-03,M1,Heavy-Tail Marginals,-0.015741339590004153,-0.018843501916810994,-0.00186403305440482,0
2019-04-04,2019-04-03,M2,Wavelet + Within-Scale,-0.009073773600806793,-0.010142690034431207,-0.00186403305440482,0
2019-04-04,2019-04-03,M3,Full Cross-Scale Multiscale,-0.009347473840055128,-0.010763879922785421,-0.00186403305440482,0
2019-04-05,2019-04-04,M0,Historical Simulation Benchmark,-0.026405642606116077,-0.038487212560937296,0.008950355037763539,0
2019-04-05,2019-04-04,M1,Heavy-Tail Marginals,-0.016775743361361922,-0.021025931442007657,0.008950355037763539,0
2019-04-05,2019-04-04,M2,Wavelet + Within-Scale,-0.008683909740129767,-0.009708659037340969,0.008950355037763539,0
2019-04-05,2019-04-04,M3,Full Cross-Scale Multiscale,-0.008779479501624976,-0.00994021300335332,0.008950355037763539,0
2019-04-08,2019-04-05,M0,Historical Simulation Benchmark,-0.026405642606116077,-0.038487212560937296,0.014269793929751222,0
2019-04-08,2019-04-05,M1,Heavy-Tail Marginals,-0.017272754323228178,-0.020748743068087126,0.014269793929751222,0
2019-04-08,2019-04-05,M2,Wavelet + Within-Scale,-0.009197619461709905,-0.009929601912730584,0.014269793929751222,0
2019-04-08,2019-04-05,M3,Full Cross-Scale Multiscale,-0.009214182376897223,-0.010765846113755919,0.014269793929751222,0
2019-04-09,2019-04-08,M0,Historical Simulation Benchmark,-0.026405642606116077,-0.038487212560937296,-0.0039060879375793604,0
2019-04-09,2019-04-08,M1,Heavy-Tail Marginals,-0.016002004788930404,-0.020884757843333133,-0.0039060879375793604,0
2019-04-09,2019-04-08,M2,Wavelet + Within-Scale,-0.009229423919210061,-0.010267771489419802,-0.0039060879375793604,0
2019-04-09,2019-04-08,M3,Full Cross-Scale Multiscale,-0.009281749287650645,-0.010753535432355042,-0.0039060879375793604,0
2019-04-10,2019-04-09,M0,Historical Simulation Benchmark,-0.026405642606116077,-0.038487212560937296,0.00750963090014258,0
2019-04-10,2019-04-09,M1,Heavy-Tail Marginals,-0.017692942121910412,-0.02388121638268751,0.00750963090014258,0
2019-04-10,2019-04-09,M2,Wavelet + Within-Scale,-0.008793001419083374,-0.009996665790285093,0.00750963090014258,0
2019-04-10,2019-04-09,M3,Full Cross-Scale Multiscale,-0.009357167065286796,-0.01055854705781921,0.00750963090014258,0
2019-04-11,2019-04-10,M0,Historical Simulation Benchmark,-0.026405642606116077,-0.038487212560937296,-0.01519757669801222,0
2019-04-11,2019-04-10,M1,Heavy-Tail Marginals,-0.017019074417683615,-0.02429012528254536,-0.01519757669801222,0
2019-04-11,2019-04-10,M2,Wavelet + Within-Scale,-0.008934191680288004,-0.009938203645123593,-0.01519757669801222,1
2019-04-11,2019-04-10,M3,Full Cross-Scale Multiscale,-0.009794888109629911,-0.011362820516301938,-0.01519757669801222,1
2019-04-12,2019-04-11,M0,Historical Simulation Benchmark,-0.026405642606116077,-0.038487212560937296,0.00166149413018736,0
2019-04-12,2019-04-11,M1,Heavy-Tail Marginals,-0.01650099092307964,-0.0204905161037256,0.00166149413018736,0
2019-04-12,2019-04-11,M2,Wavelet + Within-Scale,-0.008754286774805867,-0.009459246357116435,0.00166149413018736,0
2019-04-12,2019-04-11,M3,Full Cross-Scale Multiscale,-0.0093764300380226,-0.010992501560899972,0.00166149413018736,0
2019-04-15,2019-04-12,M0,Historical Simulation Benchmark,-0.026405642606116077,-0.038487212560937296,-0.0020308329504069404,0
2019-04-15,2019-04-12,M1,Heavy-Tail Marginals,-0.016883147369111718,-0.020397314673739033,-0.0020308329504069404,0
2019-04-15,2019-04-12,M2,Wavelet + Within-Scale,-0.008847679886892208,-0.009970721561842916,-0.0020308329504069404,0
2019-04-15,2019-04-12,M3,Full Cross-Scale Multiscale,-0.008792581098160385,-0.010301076536066338,-0.0020308329504069404,0
2019-04-16,2019-04-15,M0,Historical Simulation Benchmark,-0.026405642606116077,-0.038487212560937296,0.006140757437158221,0
2019-04-16,2019-04-15,M1,Heavy-Tail Marginals,-0.017209879847702243,-0.020015666240591368,0.006140757437158221,0
2019-04-16,2019-04-15,M2,Wavelet + Within-Scale,-0.008451015588118862,-0.009667608694062056,0.006140757437158221,0
2019-04-16,2019-04-15,M3,Full Cross-Scale Multiscale,-0.008842245192371577,-0.01051833215711891,0.006140757437158221,0
2019-04-17,2019-04-16,M0,Historical Simulation Benchmark,-0.026405642606116077,-0.038487212560937296,-0.0015601635352323396,0
2019-04-17,2019-04-16,M1,Heavy-Tail Marginals,-0.015460985969773425,-0.0199373105616917,-0.0015601635352323396,0
2019-04-17,2019-04-16,M2,Wavelet + Within-Scale,-0.008668861089416762,-0.009999000829255231,-0.0015601635352323396,0
2019-04-17,2019-04-16,M3,Full Cross-Scale Multiscale,-0.008963497107957933,-0.010107153780860769,-0.0015601635352323396,0
2019-04-18,2019-04-17,M0,Historical Simulation Benchmark,-0.026405642606116077,-0.038487212560937296,0.0033809667802913203,0
2019-04-18,2019-04-17,M1,Heavy-Tail Marginals,-0.01651960758022948,-0.023219851878767107,0.0033809667802913203,0
2019-04-18,2019-04-17,M2,Wavelet + Within-Scale,-0.008355865815390686,-0.009866225125428531,0.0033809667802913203,0
2019-04-18,2019-04-17,M3,Full Cross-Scale Multiscale,-0.008898735424687736,-0.01055490148385659,0.0033809667802913203,0
2019-04-22,2019-04-18,M0,Historical Simulation Benchmark,-0.026405642606116077,-0.038487212560937296,0.00885041641345988,0
2019-04-22,2019-04-18,M1,Heavy-Tail Marginals,-0.016842161821608477,-0.021294773407391297,0.00885041641345988,0
2019-04-22,2019-04-18,M2,Wavelet + Within-Scale,-0.008441607518383621,-0.009815747516657303,0.00885041641345988,0
2019-04-22,2019-04-18,M3,Full Cross-Scale Multiscale,-0.008893076741745163,-0.01040368449589965,0.00885041641345988,0
2019-04-23,2019-04-22,M0,Historical Simulation Benchmark,-0.026405642606116077,-0.038487212560937296,0.00979106178817362,0
2019-04-23,2019-04-22,M1,Heavy-Tail Marginals,-0.01642902500675306,-0.01938779161017503,0.00979106178817362,0
2019-04-23,2019-04-22,M2,Wavelet + Within-Scale,-0.009165602984023632,-0.010520514970208159,0.00979106178817362,0
2019-04-23,2019-04-22,M3,Full Cross-Scale Multiscale,-0.00902398574588699,-0.010302040305232019,0.00979106178817362,0
2019-04-24,2019-04-23,M0,Historical Simulation Benchmark,-0.026405642606116077,-0.038487212560937296,-0.00460228977066392,0
2019-04-24,2019-04-23,M1,Heavy-Tail Marginals,-0.01774517435702407,-0.023596725512301346,-0.00460228977066392,0
2019-04-24,2019-04-23,M2,Wavelet + Within-Scale,-0.00881451779937361,-0.009891816240424725,-0.00460228977066392,0
2019-04-24,2019-04-23,M3,Full Cross-Scale Multiscale,-0.00925140950357143,-0.010424585766070188,-0.00460228977066392,0
2019-04-25,2019-04-24,M0,Historical Simulation Benchmark,-0.026405642606116077,-0.038487212560937296,-0.011940562158936881,0
2019-04-25,2019-04-24,M1,Heavy-Tail Marginals,-0.016222339746419456,-0.022677907071768578,-0.011940562158936881,0
2019-04-25,2019-04-24,M2,Wavelet + Within-Scale,-0.008653651695829372,-0.00978207074244828,-0.011940562158936881,1
2019-04-25,2019-04-24,M3,Full Cross-Scale Multiscale,-0.009004044340154196,-0.010437190623676824,-0.011940562158936881,1
2019-04-26,2019-04-25,M0,Historical Simulation Benchmark,-0.026405642606116077,-0.038487212560937296,-0.0012059857312956392,0
2019-04-26,2019-04-25,M1,Heavy-Tail Marginals,-0.022395594201923292,-0.028569861642326506,-0.0012059857312956392,0
2019-04-26,2019-04-25,M2,Wavelet + Within-Scale,-0.011983997997572899,-0.01363815197751556,-0.0012059857312956392,0
2019-04-26,2019-04-25,M3,Full Cross-Scale Multiscale,-0.012520548379970395,-0.014606420581111213,-0.0012059857312956392,0
2019-04-29,2019-04-26,M0,Historical Simulation Benchmark,-0.026405642606116077,-0.038487212560937296,-8.257352176396023e-05,0
2019-04-29,2019-04-26,M1,Heavy-Tail Marginals,-0.02170391210558429,-0.026764010987248378,-8.257352176396023e-05,0
2019-04-29,2019-04-26,M2,Wavelet + Within-Scale,-0.012199231680045428,-0.014346541136785271,-8.257352176396023e-05,0
2019-04-29,2019-04-26,M3,Full Cross-Scale Multiscale,-0.012447666243131148,-0.015198416655953248,-8.257352176396023e-05,0
2019-04-30,2019-04-29,M0,Historical Simulation Benchmark,-0.026405642606116077,-0.038487212560937296,0.00591728869926598,0
2019-04-30,2019-04-29,M1,Heavy-Tail Marginals,-0.022467765364562967,-0.031101491739626546,0.00591728869926598,0
2019-04-30,2019-04-29,M2,Wavelet + Within-Scale,-0.011907419765790617,-0.01397000766302559,0.00591728869926598,0
2019-04-30,2019-04-29,M3,Full Cross-Scale Multiscale,-0.012928309769516009,-0.014537195540251735,0.00591728869926598,0
2019-05-01,2019-04-30,M0,Historical Simulation Benchmark,-0.026405642606116077,-0.038487212560937296,-0.00204744995208914,0
2019-05-01,2019-04-30,M1,Heavy-Tail Marginals,-0.024240797942765735,-0.03238981146702111,-0.00204744995208914,0
2019-05-01,2019-04-30,M2,Wavelet + Within-Scale,-0.012376412420585308,-0.013997330601955743,-0.00204744995208914,0
2019-05-01,2019-04-30,M3,Full Cross-Scale Multiscale,-0.013443263136019746,-0.015178490140893014,-0.00204744995208914,0
2019-05-02,2019-05-01,M0,Historical Simulation Benchmark,-0.026405642606116077,-0.038487212560937296,-0.004149330479413861,0
2019-05-02,2019-05-01,M1,Heavy-Tail Marginals,-0.022076332668844078,-0.02836639725900623,-0.004149330479413861,0
2019-05-02,2019-05-01,M2,Wavelet + Within-Scale,-0.012282412056811711,-0.013910417117714199,-0.004149330479413861,0
2019-05-02,2019-05-01,M3,Full Cross-Scale Multiscale,-0.012728995362621853,-0.014528282778248322,-0.004149330479413861,0
2019-05-03,2019-05-02,M0,Historical Simulation Benchmark,-0.026405642606116077,-0.038487212560937296,0.013505970034330982,0
2019-05-03,2019-05-02,M1,Heavy-Tail Marginals,-0.02214708038232623,-0.03044978680378204,0.013505970034330982,0
2019-05-03,2019-05-02,M2,Wavelet + Within-Scale,-0.011350389577211604,-0.013287207862890194,0.013505970034330982,0
2019-05-03,2019-05-02,M3,Full Cross-Scale Multiscale,-0.01267155840764083,-0.014123139066225962,0.013505970034330982,0
2019-05-06,2019-05-03,M0,Historical Simulation Benchmark,-0.026405642606116077,-0.038487212560937296,0.00228950433620464,0
2019-05-06,2019-05-03,M1,Heavy-Tail Marginals,-0.023232077189784706,-0.03019720302027523,0.00228950433620464,0
2019-05-06,2019-05-03,M2,Wavelet + Within-Scale,-0.01197348065157041,-0.013227459892902572,0.00228950433620464,0
2019-05-06,2019-05-03,M3,Full Cross-Scale Multiscale,-0.012325162427635141,-0.014278546877493003,0.00228950433620464,0
2019-05-07,2019-05-06,M0,Historical Simulation Benchmark,-0.026405642606116077,-0.038487212560937296,-0.00444154977696352,0
2019-05-07,2019-05-06,M1,Heavy-Tail Marginals,-0.02222759116008861,-0.028597980929003213,-0.00444154977696352,0
2019-05-07,2019-05-06,M2,Wavelet + Within-Scale,-0.01141114203419524,-0.013236869150901437,-0.00444154977696352,0
2019-05-07,2019-05-06,M3,Full Cross-Scale Multiscale,-0.012481692067630641,-0.014094890471157612,-0.00444154977696352,0
2019-05-08,2019-05-07,M0,Historical Simulation Benchmark,-0.026405642606116077,-0.038487212560937296,0.00652707554830182,0
2019-05-08,2019-05-07,M1,Heavy-Tail Marginals,-0.021536853061982067,-0.029655614008481067,0.00652707554830182,0
2019-05-08,2019-05-07,M2,Wavelet + Within-Scale,-0.012090599537461518,-0.013824601969049518,0.00652707554830182,0
2019-05-08,2019-05-07,M3,Full Cross-Scale Multiscale,-0.012436120852521212,-0.014717826690571163,0.00652707554830182,0
2019-05-09,2019-05-08,M0,Historical Simulation Benchmark,-0.026405642606116077,-0.038487212560937296,0.00547613439470484,0
2019-05-09,2019-05-08,M1,Heavy-Tail Marginals,-0.0224914683081278,-0.02691359453370738,0.00547613439470484,0
2019-05-09,2019-05-08,M2,Wavelet + Within-Scale,-0.012084412479021712,-0.013251328992090233,0.00547613439470484,0
2019-05-09,2019-05-08,M3,Full Cross-Scale Multiscale,-0.011678232525851023,-0.0143269183618799,0.00547613439470484,0
2019-05-10,2019-05-09,M0,Historical Simulation Benchmark,-0.026405642606116077,-0.038487212560937296,0.0082284527708377,0
2019-05-10,2019-05-09,M1,Heavy-Tail Marginals,-0.02368435082848474,-0.031216551446297792,0.0082284527708377,0
2019-05-10,2019-05-09,M2,Wavelet + Within-Scale,-0.011443252244688383,-0.01341776254797836,0.0082284527708377,0
2019-05-10,2019-05-09,M3,Full Cross-Scale Multiscale,-0.011787941953866784,-0.01422698346644662,0.0082284527708377,0
2019-05-13,2019-05-10,M0,Historical Simulation Benchmark,-0.026405642606116077,-0.038487212560937296,0.036039391629330245,0
2019-05-13,2019-05-10,M1,Heavy-Tail Marginals,-0.021424191579981475,-0.02803361901742484,0.036039391629330245,0
2019-05-13,2019-05-10,M2,Wavelet + Within-Scale,-0.01194532089214576,-0.014411474490872881,0.036039391629330245,0
2019-05-13,2019-05-10,M3,Full Cross-Scale Multiscale,-0.013525298336646136,-0.01594705014458675,0.036039391629330245,0
2019-05-14,2019-05-13,M0,Historical Simulation Benchmark,-0.026405642606116077,-0.038487212560937296,0.00878675269778084,0
2019-05-14,2019-05-13,M1,Heavy-Tail Marginals,-0.021597548324664134,-0.03273533935894512,0.00878675269778084,0
2019-05-14,2019-05-13,M2,Wavelet + Within-Scale,-0.011682036009577988,-0.01325294629733426,0.00878675269778084,0
2019-05-14,2019-05-13,M3,Full Cross-Scale Multiscale,-0.012897868346195942,-0.014181203057867076,0.00878675269778084,0
2019-05-15,2019-05-14,M0,Historical Simulation Benchmark,-0.026405642606116077,-0.038487212560937296,0.008443131416450981,0
2019-05-15,2019-05-14,M1,Heavy-Tail Marginals,-0.02335664539508944,-0.03140583175938312,0.008443131416450981,0
2019-05-15,2019-05-14,M2,Wavelet + Within-Scale,-0.013133886677094865,-0.015152361975674896,0.008443131416450981,0
2019-05-15,2019-05-14,M3,Full Cross-Scale Multiscale,-0.012992675561492974,-0.015341087790321197,0.008443131416450981,0
2019-05-16,2019-05-15,M0,Historical Simulation Benchmark,-0.026405642606116077,-0.038487212560937296,-0.005351170551414241,0
2019-05-16,2019-05-15,M1,Heavy-Tail Marginals,-0.024906027244577838,-0.03136696707856874,-0.005351170551414241,0
2019-05-16,2019-05-15,M2,Wavelet + Within-Scale,-0.012084577803639198,-0.014364381866550101,-0.005351170551414241,0
2019-05-16,2019-05-15,M3,Full Cross-Scale Multiscale,-0.013256691170257635,-0.016059426884938104,-0.005351170551414241,0
2019-05-17,2019-05-16,M0,Historical Simulation Benchmark,-0.026405642606116077,-0.038487212560937296,-0.0177556241947884,0
2019-05-17,2019-05-16,M1,Heavy-Tail Marginals,-0.024805200920827882,-0.034956180764873536,-0.0177556241947884,0
2019-05-17,2019-05-16,M2,Wavelet + Within-Scale,-0.011999355288188414,-0.013855710091544033,-0.0177556241947884,1
2019-05-17,2019-05-16,M3,Full Cross-Scale Multiscale,-0.01149406073826863,-0.014219879897111964,-0.0177556241947884,1
2019-05-20,2019-05-17,M0,Historical Simulation Benchmark,-0.026405642606116077,-0.038487212560937296,0.015958004593296285,0
2019-05-20,2019-05-17,M1,Heavy-Tail Marginals,-0.026028383937843274,-0.034821507945416184,0.015958004593296285,0
2019-05-20,2019-05-17,M2,Wavelet + Within-Scale,-0.011653836964101208,-0.014251833787831144,0.015958004593296285,0
2019-05-20,2019-05-17,M3,Full Cross-Scale Multiscale,-0.012539399913872071,-0.014898942322948883,0.015958004593296285,0
2019-05-21,2019-05-20,M0,Historical Simulation Benchmark,-0.026405642606116077,-0.038487212560937296,0.0004244367486552203,0
2019-05-21,2019-05-20,M1,Heavy-Tail Marginals,-0.021615535480584813,-0.02827043270477907,0.0004244367486552203,0
2019-05-21,2019-05-20,M2,Wavelet + Within-Scale,-0.012380528296848556,-0.015399421232704944,0.0004244367486552203,0
2019-05-21,2019-05-20,M3,Full Cross-Scale Multiscale,-0.01323430696723584,-0.015490551292690072,0.0004244367486552203,0
2019-05-22,2019-05-21,M0,Historical Simulation Benchmark,-0.026405642606116077,-0.038487212560937296,-0.013488543674927701,0
2019-05-22,2019-05-21,M1,Heavy-Tail Marginals,-0.0250489305141363,-0.032983336880037586,-0.013488543674927701,0
2019-05-22,2019-05-21,M2,Wavelet + Within-Scale,-0.012774552360969759,-0.014750370710915922,-0.013488543674927701,1
2019-05-22,2019-05-21,M3,Full Cross-Scale Multiscale,-0.013001076106778277,-0.014170803579974422,-0.013488543674927701,1
2019-05-23,2019-05-22,M0,Historical Simulation Benchmark,-0.026405642606116077,-0.038487212560937296,-0.004990515417479122,0
2019-05-23,2019-05-22,M1,Heavy-Tail Marginals,-0.024585302244395695,-0.03296609345893146,-0.004990515417479122,0
2019-05-23,2019-05-22,M2,Wavelet + Within-Scale,-0.012280629905157997,-0.013995845025781911,-0.004990515417479122,0
2019-05-23,2019-05-22,M3,Full Cross-Scale Multiscale,-0.01237097175197506,-0.014482226486616534,-0.004990515417479122,0
2019-05-24,2019-05-23,M0,Historical Simulation Benchmark,-0.026405642606116077,-0.038487212560937296,0.005574311925418201,0
2019-05-24,2019-05-23,M1,Heavy-Tail Marginals,-0.02107488972669695,-0.027722982815733717,0.005574311925418201,0
2019-05-24,2019-05-23,M2,Wavelet + Within-Scale,-0.012272984953805648,-0.014108887509350104,0.005574311925418201,0
2019-05-24,2019-05-23,M3,Full Cross-Scale Multiscale,-0.013127570130830785,-0.015445299760290682,0.005574311925418201,0
2019-05-28,2019-05-24,M0,Historical Simulation Benchmark,-0.026405642606116077,-0.038487212560937296,0.015778973056370483,0
2019-05-28,2019-05-24,M1,Heavy-Tail Marginals,-0.02909544565155782,-0.03863679397917909,0.015778973056370483,0
2019-05-28,2019-05-24,M2,Wavelet + Within-Scale,-0.016729908320804333,-0.0200278466668359,0.015778973056370483,0
2019-05-28,2019-05-24,M3,Full Cross-Scale Multiscale,-0.01777167136673476,-0.0211832037033893,0.015778973056370483,0
2019-05-29,2019-05-28,M0,Historical Simulation Benchmark,-0.026405642606116077,-0.038487212560937296,-0.0025829860379366198,0
2019-05-29,2019-05-28,M1,Heavy-Tail Marginals,-0.03419701341079574,-0.044759174723612814,-0.0025829860379366198,0
2019-05-29,2019-05-28,M2,Wavelet + Within-Scale,-0.01791040021316303,-0.022299916830036758,-0.0025829860379366198,0
2019-05-29,2019-05-28,M3,Full Cross-Scale Multiscale,-0.017452767939799687,-0.02260035920805874,-0.0025829860379366198,0
2019-05-30,2019-05-29,M0,Historical Simulation Benchmark,-0.026405642606116077,-0.038487212560937296,-0.013392490526493722,0
2019-05-30,2019-05-29,M1,Heavy-Tail Marginals,-0.0315577408717767,-0.04799316572907415,-0.013392490526493722,0
2019-05-30,2019-05-29,M2,Wavelet + Within-Scale,-0.017901705043897813,-0.022031342595333483,-0.013392490526493722,0
2019-05-30,2019-05-29,M3,Full Cross-Scale Multiscale,-0.017502776731730726,-0.021737595245005147,-0.013392490526493722,0
2019-05-31,2019-05-30,M0,Historical Simulation Benchmark,-0.026405642606116077,-0.038487212560937296,-0.004222284115606139,0
2019-05-31,2019-05-30,M1,Heavy-Tail Marginals,-0.034290446528774096,-0.04449977669340875,-0.004222284115606139,0
2019-05-31,2019-05-30,M2,Wavelet + Within-Scale,-0.01625385370757337,-0.019102521170267464,-0.004222284115606139,0
2019-05-31,2019-05-30,M3,Full Cross-Scale Multiscale,-0.017637144982763447,-0.020636397048857537,-0.004222284115606139,0
2019-06-03,2019-05-31,M0,Historical Simulation Benchmark,-0.026405642606116077,-0.038487212560937296,-0.00738775376462512,0
2019-06-03,2019-05-31,M1,Heavy-Tail Marginals,-0.030008451120604806,-0.04405558550049337,-0.00738775376462512,0
2019-06-03,2019-05-31,M2,Wavelet + Within-Scale,-0.015989817724810746,-0.01879959363866294,-0.00738775376462512,0
2019-06-03,2019-05-31,M3,Full Cross-Scale Multiscale,-0.017635956020678526,-0.02006027872624531,-0.00738775376462512,0
2019-06-04,2019-06-03,M0,Historical Simulation Benchmark,-0.026405642606116077,-0.038487212560937296,-0.00590521319818892,0
2019-06-04,2019-06-03,M1,Heavy-Tail Marginals,-0.030422616403072693,-0.0376887826934098,-0.00590521319818892,0
2019-06-04,2019-06-03,M2,Wavelet + Within-Scale,-0.01677182507061003,-0.019885499051830086,-0.00590521319818892,0
2019-06-04,2019-06-03,M3,Full Cross-Scale Multiscale,-0.01804260574641744,-0.019708468524577152,-0.00590521319818892,0
2019-06-05,2019-06-04,M0,Historical Simulation Benchmark,-0.026405642606116077,-0.038487212560937296,-0.0018792807852653602,0
2019-06-05,2019-06-04,M1,Heavy-Tail Marginals,-0.03261507158464878,-0.0446613849521364,-0.0018792807852653602,0
2019-06-05,2019-06-04,M2,Wavelet + Within-Scale,-0.01782326686518946,-0.02114452836795388,-0.0018792807852653602,0
2019-06-05,2019-06-04,M3,Full Cross-Scale Multiscale,-0.018429732440669946,-0.021609175508148677,-0.0018792807852653602,0
2019-06-06,2019-06-05,M0,Historical Simulation Benchmark,-0.026405642606116077,-0.038487212560937296,0.00716971029719842,0
2019-06-06,2019-06-05,M1,Heavy-Tail Marginals,-0.03072278858766962,-0.03934168745503901,0.00716971029719842,0
2019-06-06,2019-06-05,M2,Wavelet + Within-Scale,-0.017327910462994946,-0.020879825935227046,0.00716971029719842,0
2019-06-06,2019-06-05,M3,Full Cross-Scale Multiscale,-0.01826565372294285,-0.020927855560756062,0.00716971029719842,0
2019-06-07,2019-06-06,M0,Historical Simulation Benchmark,-0.026405642606116077,-0.038487212560937296,0.0125512905218821,0
2019-06-07,2019-06-06,M1,Heavy-Tail Marginals,-0.033548668631100544,-0.045542422042787606,0.0125512905218821,0
2019-06-07,2019-06-06,M2,Wavelet + Within-Scale,-0.018390157180947952,-0.022533113104922016,0.0125512905218821,0
2019-06-07,2019-06-06,M3,Full Cross-Scale Multiscale,-0.019106177749451763,-0.02295253481708965,0.0125512905218821,0
2019-06-10,2019-06-07,M0,Historical Simulation Benchmark,-0.026405642606116077,-0.038487212560937296,-0.00531223227375078,0
2019-06-10,2019-06-07,M1,Heavy-Tail Marginals,-0.03388107116501819,-0.04741830246811307,-0.00531223227375078,0
2019-06-10,2019-06-07,M2,Wavelet + Within-Scale,-0.01719253943286661,-0.020503723796104566,-0.00531223227375078,0
2019-06-10,2019-06-07,M3,Full Cross-Scale Multiscale,-0.01793450390759151,-0.022149499000509453,-0.00531223227375078,0
2019-06-11,2019-06-10,M0,Historical Simulation Benchmark,-0.026405642606116077,-0.038487212560937296,-0.0021116828404091,0
2019-06-11,2019-06-10,M1,Heavy-Tail Marginals,-0.03191503722680779,-0.04463936023698116,-0.0021116828404091,0
2019-06-11,2019-06-10,M2,Wavelet + Within-Scale,-0.017060403219681972,-0.020466911856267818,-0.0021116828404091,0
2019-06-11,2019-06-10,M3,Full Cross-Scale Multiscale,-0.017702885521156203,-0.020534322912560486,-0.0021116828404091,0
2019-06-12,2019-06-11,M0,Historical Simulation Benchmark,-0.026405642606116077,-0.038487212560937296,-0.0020190047658286397,0
2019-06-12,2019-06-11,M1,Heavy-Tail Marginals,-0.028753454759488276,-0.039637151355092326,-0.0020190047658286397,0
2019-06-12,2019-06-11,M2,Wavelet + Within-Scale,-0.01529777148160658,-0.018571995696896396,-0.0020190047658286397,0
2019-06-12,2019-06-11,M3,Full Cross-Scale Multiscale,-0.01788456585696247,-0.02148408320342123,-0.0020190047658286397,0
2019-06-13,2019-06-12,M0,Historical Simulation Benchmark,-0.026405642606116077,-0.038487212560937296,0.009077561322781721,0
2019-06-13,2019-06-12,M1,Heavy-Tail Marginals,-0.030526990591766952,-0.043341546380499814,0.009077561322781721,0
2019-06-13,2019-06-12,M2,Wavelet + Within-Scale,-0.016035216335114982,-0.01999155261601699,0.009077561322781721,0
2019-06-13,2019-06-12,M3,Full Cross-Scale Multiscale,-0.01754071361659095,-0.021418021425227658,0.009077561322781721,0
2019-06-14,2019-06-13,M0,Historical Simulation Benchmark,-0.026405642606116077,-0.038487212560937296,0.011905196506436561,0
2019-06-14,2019-06-13,M1,Heavy-Tail Marginals,-0.03062800783604571,-0.045601355579848006,0.011905196506436561,0
2019-06-14,2019-06-13,M2,Wavelet + Within-Scale,-0.016267920221670652,-0.019621470456855354,0.011905196506436561,0
2019-06-14,2019-06-13,M3,Full Cross-Scale Multiscale,-0.01817953633028276,-0.021412510068015804,0.011905196506436561,0
2019-06-17,2019-06-14,M0,Historical Simulation Benchmark,-0.026405642606116077,-0.038487212560937296,0.011439432065278102,0
2019-06-17,2019-06-14,M1,Heavy-Tail Marginals,-0.029346921202827215,-0.036832486018449594,0.011439432065278102,0
2019-06-17,2019-06-14,M2,Wavelet + Within-Scale,-0.016846927455464924,-0.019171586443727462,0.011439432065278102,0
2019-06-17,2019-06-14,M3,Full Cross-Scale Multiscale,-0.016933373576885655,-0.020169388916751553,0.011439432065278102,0
2019-06-18,2019-06-17,M0,Historical Simulation Benchmark,-0.026405642606116077,-0.038487212560937296,0.00626960688022554,0
2019-06-18,2019-06-17,M1,Heavy-Tail Marginals,-0.0289113946302178,-0.03476039361238677,0.00626960688022554,0
2019-06-18,2019-06-17,M2,Wavelet + Within-Scale,-0.01740234006450514,-0.02131311138593198,0.00626960688022554,0
2019-06-18,2019-06-17,M3,Full Cross-Scale Multiscale,-0.01842098517887904,-0.021688588379526537,0.00626960688022554,0
2019-06-19,2019-06-18,M0,Historical Simulation Benchmark,-0.026405642606116077,-0.038487212560937296,0.00780192559652454,0
2019-06-19,2019-06-18,M1,Heavy-Tail Marginals,-0.03187439273212922,-0.04284245375986427,0.00780192559652454,0
2019-06-19,2019-06-18,M2,Wavelet + Within-Scale,-0.017092232306210025,-0.020827439570547827,0.00780192559652454,0
2019-06-19,2019-06-18,M3,Full Cross-Scale Multiscale,-0.01736768577891529,-0.020610623021043082,0.00780192559652454,0
2019-06-20,2019-06-19,M0,Historical Simulation Benchmark,-0.026405642606116077,-0.038487212560937296,0.021574198908175322,0
2019-06-20,2019-06-19,M1,Heavy-Tail Marginals,-0.02917295600640566,-0.0434080627651352,0.021574198908175322,0
2019-06-20,2019-06-19,M2,Wavelet + Within-Scale,-0.015489654723581476,-0.017936902960808264,0.021574198908175322,0
2019-06-20,2019-06-19,M3,Full Cross-Scale Multiscale,-0.01745595136705288,-0.020965856495213774,0.021574198908175322,0
2019-06-21,2019-06-20,M0,Historical Simulation Benchmark,-0.026405642606116077,-0.038487212560937296,0.01478508181846864,0
2019-06-21,2019-06-20,M1,Heavy-Tail Marginals,-0.030250708486699786,-0.039309392597244606,0.01478508181846864,0
2019-06-21,2019-06-20,M2,Wavelet + Within-Scale,-0.016744290837994693,-0.02011621686009587,0.01478508181846864,0
2019-06-21,2019-06-20,M3,Full Cross-Scale Multiscale,-0.016868660996745555,-0.020808722431725647,0.01478508181846864,0
2019-06-24,2019-06-21,M0,Historical Simulation Benchmark,-0.026405642606116077,-0.038487212560937296,0.0204563759372707,0
2019-06-24,2019-06-21,M1,Heavy-Tail Marginals,-0.03131481876195002,-0.04127697030049342,0.0204563759372707,0
2019-06-24,2019-06-21,M2,Wavelet + Within-Scale,-0.017281887406668618,-0.020983430686979568,0.0204563759372707,0
2019-06-24,2019-06-21,M3,Full Cross-Scale Multiscale,-0.017654888637634404,-0.02022870049212284,0.0204563759372707,0
2019-06-25,2019-06-24,M0,Historical Simulation Benchmark,-0.026405642606116077,-0.038487212560937296,0.012244169535227278,0
2019-06-25,2019-06-24,M1,Heavy-Tail Marginals,-0.0330214872183574,-0.04238104067521155,0.012244169535227278,0
2019-06-25,2019-06-24,M2,Wavelet + Within-Scale,-0.01721465425452339,-0.02100100347484323,0.012244169535227278,0
2019-06-25,2019-06-24,M3,Full Cross-Scale Multiscale,-0.018054769267337515,-0.021594726632697715,0.012244169535227278,0
2019-06-26,2019-06-25,M0,Historical Simulation Benchmark,-0.026405642606116077,-0.038487212560937296,0.02168908975192722,0
2019-06-26,2019-06-25,M1,Heavy-Tail Marginals,-0.030938381536496147,-0.042666365995969485,0.02168908975192722,0
2019-06-26,2019-06-25,M2,Wavelet + Within-Scale,-0.01002220973066926,-0.011834024110917265,0.02168908975192722,0
2019-06-26,2019-06-25,M3,Full Cross-Scale Multiscale,-0.011116995947495996,-0.012839041335764217,0.02168908975192722,0
2019-06-27,2019-06-26,M0,Historical Simulation Benchmark,-0.026405642606116077,-0.038487212560937296,-0.029250677284303018,1
2019-06-27,2019-06-26,M1,Heavy-Tail Marginals,-0.028303058505721863,-0.03658422719556597,-0.029250677284303018,1
2019-06-27,2019-06-26,M2,Wavelet + Within-Scale,-0.011360755343688323,-0.01318468517600126,-0.029250677284303018,1
2019-06-27,2019-06-26,M3,Full Cross-Scale Multiscale,-0.01100850196018103,-0.013759593128159272,-0.029250677284303018,1
2019-06-28,2019-06-27,M0,Historical Simulation Benchmark,-0.026405642606116077,-0.038487212560937296,0.018330415631590918,0
2019-06-28,2019-06-27,M1,Heavy-Tail Marginals,-0.03273486363701033,-0.043872181456162514,0.018330415631590918,0
2019-06-28,2019-06-27,M2,Wavelet + Within-Scale,-0.010284793433461562,-0.01248702700112134,0.018330415631590918,0
2019-06-28,2019-06-27,M3,Full Cross-Scale Multiscale,-0.011245668145358542,-0.013625355381964813,0.018330415631590918,0
2019-07-01,2019-06-28,M0,Historical Simulation Benchmark,-0.026405642606116077,-0.038487212560937296,-0.030213331574641917,1
2019-07-01,2019-06-28,M1,Heavy-Tail Marginals,-0.032346231897345,-0.046553421281697024,-0.030213331574641917,0
2019-07-01,2019-06-28,M2,Wavelet + Within-Scale,-0.010541059673109884,-0.012118832078515274,-0.030213331574641917,1
2019-07-01,2019-06-28,M3,Full Cross-Scale Multiscale,-0.01131047527971872,-0.013131336972155513,-0.030213331574641917,1
2019-07-02,2019-07-01,M0,Historical Simulation Benchmark,-0.026405642606116077,-0.038487212560937296,-0.00013180968270189945,0
2019-07-02,2019-07-01,M1,Heavy-Tail Marginals,-0.031715786269449105,-0.04150258851647203,-0.00013180968270189945,0
2019-07-02,2019-07-01,M2,Wavelet + Within-Scale,-0.010570925268141762,-0.011949690373335627,-0.00013180968270189945,0
2019-07-02,2019-07-01,M3,Full Cross-Scale Multiscale,-0.011196241308764747,-0.013200842254054329,-0.00013180968270189945,0
2019-07-03,2019-07-02,M0,Historical Simulation Benchmark,-0.026405642606116077,-0.038487212560937296,0.023890987226492605,0
2019-07-03,2019-07-02,M1,Heavy-Tail Marginals,-0.031158394691884337,-0.03851209293074455,0.023890987226492605,0
2019-07-03,2019-07-02,M2,Wavelet + Within-Scale,-0.010410454554307957,-0.012548121057663106,0.023890987226492605,0
2019-07-03,2019-07-02,M3,Full Cross-Scale Multiscale,-0.0116701052603542,-0.013267003611248222,0.023890987226492605,0
2019-07-05,2019-07-03,M0,Historical Simulation Benchmark,-0.026405642606116077,-0.038487212560937296,-0.017855953460657957,0
2019-07-05,2019-07-03,M1,Heavy-Tail Marginals,-0.030985368928093213,-0.03802682273604667,-0.017855953460657957,0
2019-07-05,2019-07-03,M2,Wavelet + Within-Scale,-0.010732230841797426,-0.012616660643947637,-0.017855953460657957,1
2019-07-05,2019-07-03,M3,Full Cross-Scale Multiscale,-0.011309380063894278,-0.013164364981773636,-0.017855953460657957,1
2019-07-08,2019-07-05,M0,Historical Simulation Benchmark,-0.026405642606116077,-0.038487212560937296,0.01957575706046688,0
2019-07-08,2019-07-05,M1,Heavy-Tail Marginals,-0.03354272057585719,-0.04042904948585518,0.01957575706046688,0
2019-07-08,2019-07-05,M2,Wavelet + Within-Scale,-0.010936622055318476,-0.01236099672303247,0.01957575706046688,0
2019-07-08,2019-07-05,M3,Full Cross-Scale Multiscale,-0.01075678675679414,-0.012066082572779366,0.01957575706046688,0
2019-07-09,2019-07-08,M0,Historical Simulation Benchmark,-0.026405642606116077,-0.038487212560937296,0.007288301535932839,0
2019-07-09,2019-07-08,M1,Heavy-Tail Marginals,-0.029283650903247384,-0.03981381630813538,0.007288301535932839,0
2019-07-09,2019-07-08,M2,Wavelet + Within-Scale,-0.010183104381067147,-0.011356605576141373,0.007288301535932839,0
2019-07-09,2019-07-08,M3,Full Cross-Scale Multiscale,-0.010422544328131588,-0.012696569203143831,0.007288301535932839,0
2019-07-10,2019-07-09,M0,Historical Simulation Benchmark,-0.026405642606116077,-0.038487212560937296,0.00542372910086986,0
2019-07-10,2019-07-09,M1,Heavy-Tail Marginals,-0.03140674989259155,-0.04143937292537441,0.00542372910086986,0
2019-07-10,2019-07-09,M2,Wavelet + Within-Scale,-0.010514974851178301,-0.012348567877942987,0.00542372910086986,0
2019-07-10,2019-07-09,M3,Full Cross-Scale Multiscale,-0.011223441945441462,-0.012330821798331563,0.00542372910086986,0
2019-07-11,2019-07-10,M0,Historical Simulation Benchmark,-0.026405642606116077,-0.038487212560937296,-0.01547444910686516,0
2019-07-11,2019-07-10,M1,Heavy-Tail Marginals,-0.032192745373639545,-0.03997100102167168,-0.01547444910686516,0
2019-07-11,2019-07-10,M2,Wavelet + Within-Scale,-0.010725887328045936,-0.011987949268110346,-0.01547444910686516,1
2019-07-11,2019-07-10,M3,Full Cross-Scale Multiscale,-0.011074862550057931,-0.012364049975011851,-0.01547444910686516,1
2019-07-12,2019-07-11,M0,Historical Simulation Benchmark,-0.026405642606116077,-0.038487212560937296,0.0097765486894583,0
2019-07-12,2019-07-11,M1,Heavy-Tail Marginals,-0.031459190739744576,-0.035631753279457785,0.0097765486894583,0
2019-07-12,2019-07-11,M2,Wavelet + Within-Scale,-0.010000823430352558,-0.011219027230150376,0.0097765486894583,0
2019-07-12,2019-07-11,M3,Full Cross-Scale Multiscale,-0.010955411822833822,-0.012234990532790231,0.0097765486894583,0
2019-07-15,2019-07-12,M0,Historical Simulation Benchmark,-0.026405642606116077,-0.038487212560937296,-0.01928599396577156,0
2019-07-15,2019-07-12,M1,Heavy-Tail Marginals,-0.029852326183607513,-0.03746931836585397,-0.01928599396577156,0
2019-07-15,2019-07-12,M2,Wavelet + Within-Scale,-0.010920428167634565,-0.012773768319998666,-0.01928599396577156,1
2019-07-15,2019-07-12,M3,Full Cross-Scale Multiscale,-0.011051073369083847,-0.013117299376476854,-0.01928599396577156,1
2019-07-16,2019-07-15,M0,Historical Simulation Benchmark,-0.026405642606116077,-0.038487212560937296,-0.03443610074984118,1
2019-07-16,2019-07-15,M1,Heavy-Tail Marginals,-0.03532343573089824,-0.04492293302524667,-0.03443610074984118,0
2019-07-16,2019-07-15,M2,Wavelet + Within-Scale,-0.010624063352634567,-0.01212634477440625,-0.03443610074984118,1
2019-07-16,2019-07-15,M3,Full Cross-Scale Multiscale,-0.012061512863804377,-0.013288375350931797,-0.03443610074984118,1
2019-07-17,2019-07-16,M0,Historical Simulation Benchmark,-0.026405642606116077,-0.038487212560937296,0.00197019758617938,0
2019-07-17,2019-07-16,M1,Heavy-Tail Marginals,-0.03381069093242835,-0.04386433504748644,0.00197019758617938,0
2019-07-17,2019-07-16,M2,Wavelet + Within-Scale,-0.009718971928696182,-0.010982269342400241,0.00197019758617938,0
2019-07-17,2019-07-16,M3,Full Cross-Scale Multiscale,-0.010736420279512696,-0.012173823707506208,0.00197019758617938,0
2019-07-18,2019-07-17,M0,Historical Simulation Benchmark,-0.026405642606116077,-0.038487212560937296,0.019890479511453524,0
2019-07-18,2019-07-17,M1,Heavy-Tail Marginals,-0.034011548285862524,-0.04315101227322044,0.019890479511453524,0
2019-07-18,2019-07-17,M2,Wavelet + Within-Scale,-0.00999520596947493,-0.011726429822668458,0.019890479511453524,0
2019-07-18,2019-07-17,M3,Full Cross-Scale Multiscale,-0.011281757001633632,-0.0133293895101016,0.019890479511453524,0
2019-07-19,2019-07-18,M0,Historical Simulation Benchmark,-0.026405642606116077,-0.038487212560937296,-0.00511357362749812,0
2019-07-19,2019-07-18,M1,Heavy-Tail Marginals,-0.030542769018882882,-0.03545417212620602,-0.00511357362749812,0
2019-07-19,2019-07-18,M2,Wavelet + Within-Scale,-0.009804972579149536,-0.010976456817950156,-0.00511357362749812,0
2019-07-19,2019-07-18,M3,Full Cross-Scale Multiscale,-0.010330393918567214,-0.012322127385323893,-0.00511357362749812,0
2019-07-22,2019-07-19,M0,Historical Simulation Benchmark,-0.026405642606116077,-0.038487212560937296,-0.00287218612606364,0
2019-07-22,2019-07-19,M1,Heavy-Tail Marginals,-0.030703931391414557,-0.04333327068819699,-0.00287218612606364,0
2019-07-22,2019-07-19,M2,Wavelet + Within-Scale,-0.010441639348647933,-0.011855284529110634,-0.00287218612606364,0
2019-07-22,2019-07-19,M3,Full Cross-Scale Multiscale,-0.010117481535657625,-0.012062120881818456,-0.00287218612606364,0
2019-07-23,2019-07-22,M0,Historical Simulation Benchmark,-0.026405642606116077,-0.038487212560937296,-0.00656517338337144,0
2019-07-23,2019-07-22,M1,Heavy-Tail Marginals,-0.02704934388294719,-0.033578533336099586,-0.00656517338337144,0
2019-07-23,2019-07-22,M2,Wavelet + Within-Scale,-0.0110674016897009,-0.012527778109468013,-0.00656517338337144,0
2019-07-23,2019-07-22,M3,Full Cross-Scale Multiscale,-0.010460903556795595,-0.01198192626788894,-0.00656517338337144,0
2019-07-24,2019-07-23,M0,Historical Simulation Benchmark,-0.026405642606116077,-0.038487212560937296,-0.0033192030140670997,0
2019-07-24,2019-07-23,M1,Heavy-Tail Marginals,-0.02934722383529218,-0.04182716356418889,-0.0033192030140670997,0
2019-07-24,2019-07-23,M2,Wavelet + Within-Scale,-0.010111024171367325,-0.011853655458585298,-0.0033192030140670997,0
2019-07-24,2019-07-23,M3,Full Cross-Scale Multiscale,-0.011126944273442184,-0.012733672190059584,-0.0033192030140670997,0
2019-07-25,2019-07-24,M0,Historical Simulation Benchmark,-0.026405642606116077,-0.038487212560937296,-0.0005247297159468203,0
2019-07-25,2019-07-24,M1,Heavy-Tail Marginals,-0.028958281292425152,-0.038057171444695066,-0.0005247297159468203,0
2019-07-25,2019-07-24,M2,Wavelet + Within-Scale,-0.010133775163785485,-0.012314155982219386,-0.0005247297159468203,0
2019-07-25,2019-07-24,M3,Full Cross-Scale Multiscale,-0.011385665835349711,-0.01251023192184974,-0.0005247297159468203,0
2019-07-26,2019-07-25,M0,Historical Simulation Benchmark,-0.028890082550191036,-0.03935762812944966,0.0016489242496757804,0
2019-07-26,2019-07-25,M1,Heavy-Tail Marginals,-0.03601942016152478,-0.0449143935030474,0.0016489242496757804,0
2019-07-26,2019-07-25,M2,Wavelet + Within-Scale,-0.016389521642631737,-0.01830055432638745,0.0016489242496757804,0
2019-07-26,2019-07-25,M3,Full Cross-Scale Multiscale,-0.017340311963825395,-0.02033299504807664,0.0016489242496757804,0
2019-07-29,2019-07-26,M0,Historical Simulation Benchmark,-0.028890082550191036,-0.03935762812944966,-0.0032021661893156615,0
2019-07-29,2019-07-26,M1,Heavy-Tail Marginals,-0.034786980688181195,-0.04678630920920657,-0.0032021661893156615,0
2019-07-29,2019-07-26,M2,Wavelet + Within-Scale,-0.01546721757900509,-0.017557137107353647,-0.0032021661893156615,0
2019-07-29,2019-07-26,M3,Full Cross-Scale Multiscale,-0.016152169657221,-0.02022559836521939,-0.0032021661893156615,0
2019-07-30,2019-07-29,M0,Historical Simulation Benchmark,-0.028890082550191036,-0.03935762812944966,0.00646550616989432,0
2019-07-30,2019-07-29,M1,Heavy-Tail Marginals,-0.038746287029562655,-0.04737610558940657,0.00646550616989432,0
2019-07-30,2019-07-29,M2,Wavelet + Within-Scale,-0.01583734360346546,-0.018941287995678898,0.00646550616989432,0
2019-07-30,2019-07-29,M3,Full Cross-Scale Multiscale,-0.016703344952311527,-0.0193607559081125,0.00646550616989432,0
2019-07-31,2019-07-30,M0,Historical Simulation Benchmark,-0.028890082550191036,-0.03935762812944966,0.004721900915907261,0
2019-07-31,2019-07-30,M1,Heavy-Tail Marginals,-0.03466701405377482,-0.04256113119502431,0.004721900915907261,0
2019-07-31,2019-07-30,M2,Wavelet + Within-Scale,-0.015616722264037822,-0.018092528917595944,0.004721900915907261,0
2019-07-31,2019-07-30,M3,Full Cross-Scale Multiscale,-0.016984162482910282,-0.020592643619030293,0.004721900915907261,0
2019-08-01,2019-07-31,M0,Historical Simulation Benchmark,-0.028890082550191036,-0.03935762812944966,-0.0011229375824999208,0
2019-08-01,2019-07-31,M1,Heavy-Tail Marginals,-0.03696293298752959,-0.04757424596429753,-0.0011229375824999208,0
2019-08-01,2019-07-31,M2,Wavelet + Within-Scale,-0.015461125703142623,-0.01885929942959634,-0.0011229375824999208,0
2019-08-01,2019-07-31,M3,Full Cross-Scale Multiscale,-0.01654683517117856,-0.019602942140239377,-0.0011229375824999208,0
2019-08-02,2019-08-01,M0,Historical Simulation Benchmark,-0.028890082550191036,-0.03935762812944966,0.0033889002251305395,0
2019-08-02,2019-08-01,M1,Heavy-Tail Marginals,-0.032829691015963516,-0.045154187305415774,0.0033889002251305395,0
2019-08-02,2019-08-01,M2,Wavelet + Within-Scale,-0.01627172159758301,-0.018460703529608675,0.0033889002251305395,0
2019-08-02,2019-08-01,M3,Full Cross-Scale Multiscale,-0.01567503619404229,-0.01895024644998427,0.0033889002251305395,0
2019-08-05,2019-08-02,M0,Historical Simulation Benchmark,-0.028890082550191036,-0.03935762812944966,0.01955925045098576,0
2019-08-05,2019-08-02,M1,Heavy-Tail Marginals,-0.03083348005738602,-0.04541727757680772,0.01955925045098576,0
2019-08-05,2019-08-02,M2,Wavelet + Within-Scale,-0.01668104062926722,-0.01983660943086859,0.01955925045098576,0
2019-08-05,2019-08-02,M3,Full Cross-Scale Multiscale,-0.017040609725290826,-0.020251498312888434,0.01955925045098576,0
2019-08-06,2019-08-05,M0,Historical Simulation Benchmark,-0.028890082550191036,-0.03935762812944966,-0.00498846244725866,0
2019-08-06,2019-08-05,M1,Heavy-Tail Marginals,-0.03660107357007273,-0.042328569114260244,-0.00498846244725866,0
2019-08-06,2019-08-05,M2,Wavelet + Within-Scale,-0.016214410146735542,-0.018900445605613676,-0.00498846244725866,0
2019-08-06,2019-08-05,M3,Full Cross-Scale Multiscale,-0.01732266174676985,-0.02002097039829625,-0.00498846244725866,0
2019-08-07,2019-08-06,M0,Historical Simulation Benchmark,-0.028890082550191036,-0.03935762812944966,0.005595766148692541,0
2019-08-07,2019-08-06,M1,Heavy-Tail Marginals,-0.0332117422806989,-0.04477286034138508,0.005595766148692541,0
2019-08-07,2019-08-06,M2,Wavelet + Within-Scale,-0.015207870862898563,-0.017918643516341398,0.005595766148692541,0
2019-08-07,2019-08-06,M3,Full Cross-Scale Multiscale,-0.015722904449155778,-0.017456214811233405,0.005595766148692541,0
2019-08-08,2019-08-07,M0,Historical Simulation Benchmark,-0.028890082550191036,-0.03935762812944966,0.007518931822166533,0
2019-08-08,2019-08-07,M1,Heavy-Tail Marginals,-0.038666714400137844,-0.04804393859323429,0.007518931822166533,0
2019-08-08,2019-08-07,M2,Wavelet + Within-Scale,-0.015594580786595225,-0.018211338865301126,0.007518931822166533,0
2019-08-08,2019-08-07,M3,Full Cross-Scale Multiscale,-0.015978822644968926,-0.01856267958694747,0.007518931822166533,0
2019-08-09,2019-08-08,M0,Historical Simulation Benchmark,-0.028890082550191036,-0.03935762812944966,0.00168471660978346,0
2019-08-09,2019-08-08,M1,Heavy-Tail Marginals,-0.03188848958635312,-0.041500113964771386,0.00168471660978346,0
2019-08-09,2019-08-08,M2,Wavelet + Within-Scale,-0.015674741427490264,-0.018223130330095563,0.00168471660978346,0
2019-08-09,2019-08-08,M3,Full Cross-Scale Multiscale,-0.016737044728026854,-0.019626384452448256,0.00168471660978346,0
2019-08-12,2019-08-09,M0,Historical Simulation Benchmark,-0.028890082550191036,-0.03935762812944966,-0.006109793087740761,0
2019-08-12,2019-08-09,M1,Heavy-Tail Marginals,-0.03388073434800326,-0.04080016301516863,-0.006109793087740761,0
2019-08-12,2019-08-09,M2,Wavelet + Within-Scale,-0.015456722066122355,-0.018161805524792646,-0.006109793087740761,0
2019-08-12,2019-08-09,M3,Full Cross-Scale Multiscale,-0.01661370439656847,-0.01953082703292113,-0.006109793087740761,0
2019-08-13,2019-08-12,M0,Historical Simulation Benchmark,-0.028890082550191036,-0.03935762812944966,0.0012223893249871387,0
2019-08-13,2019-08-12,M1,Heavy-Tail Marginals,-0.03473391600221781,-0.043102242085895796,0.0012223893249871387,0
2019-08-13,2019-08-12,M2,Wavelet + Within-Scale,-0.014842212020169748,-0.018305204775507386,0.0012223893249871387,0
2019-08-13,2019-08-12,M3,Full Cross-Scale Multiscale,-0.016675941183431985,-0.02001902230043151,0.0012223893249871387,0
2019-08-14,2019-08-13,M0,Historical Simulation Benchmark,-0.028890082550191036,-0.03935762812944966,-0.026816631469647086,0
2019-08-14,2019-08-13,M1,Heavy-Tail Marginals,-0.03356320293754031,-0.04391782376677751,-0.026816631469647086,0
2019-08-14,2019-08-13,M2,Wavelet + Within-Scale,-0.016045773369092416,-0.018814928215877595,-0.026816631469647086,1
2019-08-14,2019-08-13,M3,Full Cross-Scale Multiscale,-0.0172106493318354,-0.01990289675595601,-0.026816631469647086,1
2019-08-15,2019-08-14,M0,Historical Simulation Benchmark,-0.028890082550191036,-0.03935762812944966,0.006647115284796701,0
2019-08-15,2019-08-14,M1,Heavy-Tail Marginals,-0.03744853908624987,-0.05203481152565139,0.006647115284796701,0
2019-08-15,2019-08-14,M2,Wavelet + Within-Scale,-0.01567968198269897,-0.01813760489602338,0.006647115284796701,0
2019-08-15,2019-08-14,M3,Full Cross-Scale Multiscale,-0.01569884607494448,-0.01908351691651795,0.006647115284796701,0
2019-08-16,2019-08-15,M0,Historical Simulation Benchmark,-0.028890082550191036,-0.03935762812944966,0.00321078548591738,0
2019-08-16,2019-08-15,M1,Heavy-Tail Marginals,-0.034325266033313324,-0.04089752709158722,0.00321078548591738,0
2019-08-16,2019-08-15,M2,Wavelet + Within-Scale,-0.014688734221160224,-0.01859900167285209,0.00321078548591738,0
2019-08-16,2019-08-15,M3,Full Cross-Scale Multiscale,-0.017099983297855382,-0.019479300505528332,0.00321078548591738,0
2019-08-19,2019-08-16,M0,Historical Simulation Benchmark,-0.028890082550191036,-0.03935762812944966,0.013779230188123562,0
2019-08-19,2019-08-16,M1,Heavy-Tail Marginals,-0.034300946961376554,-0.043802907518625415,0.013779230188123562,0
2019-08-19,2019-08-16,M2,Wavelet + Within-Scale,-0.015889100633419903,-0.018899574657422823,0.013779230188123562,0
2019-08-19,2019-08-16,M3,Full Cross-Scale Multiscale,-0.016508298299550427,-0.018193825831710957,0.013779230188123562,0
2019-08-20,2019-08-19,M0,Historical Simulation Benchmark,-0.028890082550191036,-0.03935762812944966,-0.0024378876405584003,0
2019-08-20,2019-08-19,M1,Heavy-Tail Marginals,-0.03344307526919476,-0.04476670605618461,-0.0024378876405584003,0
2019-08-20,2019-08-19,M2,Wavelet + Within-Scale,-0.01544606656850206,-0.019337214191563992,-0.0024378876405584003,0
2019-08-20,2019-08-19,M3,Full Cross-Scale Multiscale,-0.01764002076516391,-0.019567295051659304,-0.0024378876405584003,0
2019-08-21,2019-08-20,M0,Historical Simulation Benchmark,-0.028890082550191036,-0.03935762812944966,-0.011854714471104382,0
2019-08-21,2019-08-20,M1,Heavy-Tail Marginals,-0.03371419503862157,-0.0453932536594132,-0.011854714471104382,0
2019-08-21,2019-08-20,M2,Wavelet + Within-Scale,-0.01553522194767856,-0.018325369796051046,-0.011854714471104382,0
2019-08-21,2019-08-20,M3,Full Cross-Scale Multiscale,-0.017226004787503565,-0.021527150116187128,-0.011854714471104382,0
2019-08-22,2019-08-21,M0,Historical Simulation Benchmark,-0.028890082550191036,-0.03935762812944966,-0.00253288211412436,0
2019-08-22,2019-08-21,M1,Heavy-Tail Marginals,-0.03604516722590677,-0.04833133269847027,-0.00253288211412436,0
2019-08-22,2019-08-21,M2,Wavelet + Within-Scale,-0.01491361570208844,-0.017587442218646394,-0.00253288211412436,0
2019-08-22,2019-08-21,M3,Full Cross-Scale Multiscale,-0.01608605921911899,-0.018244288297139536,-0.00253288211412436,0
2019-08-23,2019-08-22,M0,Historical Simulation Benchmark,-0.028890082550191036,-0.03935762812944966,-0.0005774289407469808,0
2019-08-23,2019-08-22,M1,Heavy-Tail Marginals,-0.03707085938036832,-0.04798505664590716,-0.0005774289407469808,0
2019-08-23,2019-08-22,M2,Wavelet + Within-Scale,-0.014942657284804536,-0.017958197270805366,-0.0005774289407469808,0
2019-08-23,2019-08-22,M3,Full Cross-Scale Multiscale,-0.015917425554914235,-0.018564295232759702,-0.0005774289407469808,0
2019-08-26,2019-08-23,M0,Historical Simulation Benchmark,-0.02745318382453483,-0.037175078588888306,0.0011400998119934398,0
2019-08-26,2019-08-23,M1,Heavy-Tail Marginals,-0.027079904765780337,-0.03188401088540323,0.0011400998119934398,0
2019-08-26,2019-08-23,M2,Wavelet + Within-Scale,-0.0162767910517275,-0.019318333584616754,0.0011400998119934398,0
2019-08-26,2019-08-23,M3,Full Cross-Scale Multiscale,-0.017772232424684793,-0.020571017767645354,0.0011400998119934398,0
2019-08-27,2019-08-26,M0,Historical Simulation Benchmark,-0.02745318382453483,-0.037175078588888306,0.0026207733033762996,0
2019-08-27,2019-08-26,M1,Heavy-Tail Marginals,-0.02550168162157443,-0.03218786675469132,0.0026207733033762996,0
2019-08-27,2019-08-26,M2,Wavelet + Within-Scale,-0.017261634204559003,-0.020464757994448794,0.0026207733033762996,0
2019-08-27,2019-08-26,M3,Full Cross-Scale Multiscale,-0.018495856986718618,-0.021406497004287785,0.0026207733033762996,0
2019-08-28,2019-08-27,M0,Historical Simulation Benchmark,-0.02745318382453483,-0.037175078588888306,-0.003923218473984341,0
2019-08-28,2019-08-27,M1,Heavy-Tail Marginals,-0.02538995381272421,-0.030435987021222282,-0.003923218473984341,0
2019-08-28,2019-08-27,M2,Wavelet + Within-Scale,-0.017372583218965537,-0.02082025505681101,-0.003923218473984341,0
2019-08-28,2019-08-27,M3,Full Cross-Scale Multiscale,-0.018238836664999435,-0.02301945737543456,-0.003923218473984341,0
2019-08-29,2019-08-28,M0,Historical Simulation Benchmark,-0.02745318382453483,-0.037175078588888306,-0.0019653056767269207,0
2019-08-29,2019-08-28,M1,Heavy-Tail Marginals,-0.029447415742105618,-0.03594885211303576,-0.0019653056767269207,0
2019-08-29,2019-08-28,M2,Wavelet + Within-Scale,-0.016330207587450084,-0.018565370134263088,-0.0019653056767269207,0
2019-08-29,2019-08-28,M3,Full Cross-Scale Multiscale,-0.01761259811191889,-0.019883835691692144,-0.0019653056767269207,0
2019-08-30,2019-08-29,M0,Historical Simulation Benchmark,-0.02745318382453483,-0.037175078588888306,-0.00421689833484696,0
2019-08-30,2019-08-29,M1,Heavy-Tail Marginals,-0.028462166310274907,-0.035441954662345745,-0.00421689833484696,0
2019-08-30,2019-08-29,M2,Wavelet + Within-Scale,-0.016707158752897144,-0.0200764282389197,-0.00421689833484696,0
2019-08-30,2019-08-29,M3,Full Cross-Scale Multiscale,-0.017568032570712995,-0.020461848904197555,-0.00421689833484696,0
2019-09-03,2019-08-30,M0,Historical Simulation Benchmark,-0.02745318382453483,-0.037175078588888306,0.01809631440840756,0
2019-09-03,2019-08-30,M1,Heavy-Tail Marginals,-0.025276561362269714,-0.029345188704906662,0.01809631440840756,0
2019-09-03,2019-08-30,M2,Wavelet + Within-Scale,-0.01751977417754686,-0.020351104256506634,0.01809631440840756,0
2019-09-03,2019-08-30,M3,Full Cross-Scale Multiscale,-0.018713498490206003,-0.022296923411266947,0.01809631440840756,0
2019-09-04,2019-09-03,M0,Historical Simulation Benchmark,-0.02745318382453483,-0.037175078588888306,0.01181881977358146,0
2019-09-04,2019-09-03,M1,Heavy-Tail Marginals,-0.02632089515154544,-0.03326827184387403,0.01181881977358146,0
2019-09-04,2019-09-03,M2,Wavelet + Within-Scale,-0.018148645904392594,-0.02190203722891981,0.01181881977358146,0
2019-09-04,2019-09-03,M3,Full Cross-Scale Multiscale,-0.01914270533519734,-0.02241091735682032,0.01181881977358146,0
2019-09-05,2019-09-04,M0,Historical Simulation Benchmark,-0.02745318382453483,-0.037175078588888306,-0.004450097668852201,0
2019-09-05,2019-09-04,M1,Heavy-Tail Marginals,-0.026345830799344168,-0.03157517340376985,-0.004450097668852201,0
2019-09-05,2019-09-04,M2,Wavelet + Within-Scale,-0.017751791190686518,-0.021643600272422608,-0.004450097668852201,0
2019-09-05,2019-09-04,M3,Full Cross-Scale Multiscale,-0.01872880628264769,-0.022660418763883444,-0.004450097668852201,0
2019-09-06,2019-09-05,M0,Historical Simulation Benchmark,-0.02745318382453483,-0.037175078588888306,-0.00448850710701768,0
2019-09-06,2019-09-05,M1,Heavy-Tail Marginals,-0.02745752273765609,-0.03688147643312739,-0.00448850710701768,0
2019-09-06,2019-09-05,M2,Wavelet + Within-Scale,-0.016461238919449908,-0.019514286091505982,-0.00448850710701768,0
2019-09-06,2019-09-05,M3,Full Cross-Scale Multiscale,-0.017671248875909592,-0.021931339322679717,-0.00448850710701768,0
2019-09-09,2019-09-06,M0,Historical Simulation Benchmark,-0.02745318382453483,-0.037175078588888306,0.00295895529550356,0
2019-09-09,2019-09-06,M1,Heavy-Tail Marginals,-0.027189529686058606,-0.03792116522232325,0.00295895529550356,0
2019-09-09,2019-09-06,M2,Wavelet + Within-Scale,-0.017430435040805277,-0.020109341322635126,0.00295895529550356,0
2019-09-09,2019-09-06,M3,Full Cross-Scale Multiscale,-0.019435603643482218,-0.022749412896968437,0.00295895529550356,0
2019-09-10,2019-09-09,M0,Historical Simulation Benchmark,-0.02745318382453483,-0.037175078588888306,-0.00917252371975938,0
2019-09-10,2019-09-09,M1,Heavy-Tail Marginals,-0.026451890679586604,-0.031759438857799326,-0.00917252371975938,0
2019-09-10,2019-09-09,M2,Wavelet + Within-Scale,-0.016067583362297928,-0.01932455169681798,-0.00917252371975938,0
2019-09-10,2019-09-09,M3,Full Cross-Scale Multiscale,-0.017608005019166192,-0.02119912963143209,-0.00917252371975938,0
2019-09-11,2019-09-10,M0,Historical Simulation Benchmark,-0.02745318382453483,-0.037175078588888306,-0.0014127767998643598,0
2019-09-11,2019-09-10,M1,Heavy-Tail Marginals,-0.028180499037701607,-0.03407372580529621,-0.0014127767998643598,0
2019-09-11,2019-09-10,M2,Wavelet + Within-Scale,-0.015668042876014275,-0.018910757623204703,-0.0014127767998643598,0
2019-09-11,2019-09-10,M3,Full Cross-Scale Multiscale,-0.017294041430508406,-0.020027191747363636,-0.0014127767998643598,0
2019-09-12,2019-09-11,M0,Historical Simulation Benchmark,-0.02745318382453483,-0.037175078588888306,0.0015287421155063203,0
2019-09-12,2019-09-11,M1,Heavy-Tail Marginals,-0.025191472875984503,-0.03161789744690603,0.0015287421155063203,0
2019-09-12,2019-09-11,M2,Wavelet + Within-Scale,-0.017730749495520105,-0.02021778162033409,0.0015287421155063203,0
2019-09-12,2019-09-11,M3,Full Cross-Scale Multiscale,-0.019066587467662443,-0.021085023153389885,0.0015287421155063203,0
2019-09-13,2019-09-12,M0,Historical Simulation Benchmark,-0.02745318382453483,-0.037175078588888306,-0.0051119034005671395,0
2019-09-13,2019-09-12,M1,Heavy-Tail Marginals,-0.025152607594906565,-0.03237376565268287,-0.0051119034005671395,0
2019-09-13,2019-09-12,M2,Wavelet + Within-Scale,-0.01798674297875965,-0.022055049088662734,-0.0051119034005671395,0
2019-09-13,2019-09-12,M3,Full Cross-Scale Multiscale,-0.018866651483918383,-0.022241391224411575,-0.0051119034005671395,0
2019-09-16,2019-09-13,M0,Historical Simulation Benchmark,-0.02745318382453483,-0.037175078588888306,0.0232216972725868,0
2019-09-16,2019-09-13,M1,Heavy-Tail Marginals,-0.027604348560175334,-0.03066868156412351,0.0232216972725868,0
2019-09-16,2019-09-13,M2,Wavelet + Within-Scale,-0.019183422000835015,-0.021360770708886437,0.0232216972725868,0
2019-09-16,2019-09-13,M3,Full Cross-Scale Multiscale,-0.01820348634533581,-0.02202924613292433,0.0232216972725868,0
2019-09-17,2019-09-16,M0,Historical Simulation Benchmark,-0.02745318382453483,-0.037175078588888306,-0.007868931238800902,0
2019-09-17,2019-09-16,M1,Heavy-Tail Marginals,-0.030510786492888804,-0.037095379170421605,-0.007868931238800902,0
2019-09-17,2019-09-16,M2,Wavelet + Within-Scale,-0.017552029839803158,-0.021604530424411357,-0.007868931238800902,0
2019-09-17,2019-09-16,M3,Full Cross-Scale Multiscale,-0.01854000432991657,-0.020330894978696914,-0.007868931238800902,0
2019-09-18,2019-09-17,M0,Historical Simulation Benchmark,-0.02745318382453483,-0.037175078588888306,-0.0050277174047984804,0
2019-09-18,2019-09-17,M1,Heavy-Tail Marginals,-0.030912583209562822,-0.03844517703850937,-0.0050277174047984804,0
2019-09-18,2019-09-17,M2,Wavelet + Within-Scale,-0.017193619127615863,-0.020804553385705464,-0.0050277174047984804,0
2019-09-18,2019-09-17,M3,Full Cross-Scale Multiscale,-0.017130623111293986,-0.020988162273493007,-0.0050277174047984804,0
2019-09-19,2019-09-18,M0,Historical Simulation Benchmark,-0.02745318382453483,-0.037175078588888306,0.003699540055312903,0
2019-09-19,2019-09-18,M1,Heavy-Tail Marginals,-0.026477019544207992,-0.03281357790433125,0.003699540055312903,0
2019-09-19,2019-09-18,M2,Wavelet + Within-Scale,-0.01629145255769691,-0.020501963019566798,0.003699540055312903,0
2019-09-19,2019-09-18,M3,Full Cross-Scale Multiscale,-0.018817626298886253,-0.021817083408011296,0.003699540055312903,0
2019-09-20,2019-09-19,M0,Historical Simulation Benchmark,-0.02745318382453483,-0.037175078588888306,0.0010549543648312803,0
2019-09-20,2019-09-19,M1,Heavy-Tail Marginals,-0.02683725535228116,-0.037028611791492354,0.0010549543648312803,0
2019-09-20,2019-09-19,M2,Wavelet + Within-Scale,-0.016163614100108418,-0.020278320556677436,0.0010549543648312803,0
2019-09-20,2019-09-19,M3,Full Cross-Scale Multiscale,-0.018115485323618702,-0.02191645364166714,0.0010549543648312803,0
2019-09-23,2019-09-20,M0,Historical Simulation Benchmark,-0.02745318382453483,-0.037175078588888306,-0.007569863665468279,0
2019-09-23,2019-09-20,M1,Heavy-Tail Marginals,-0.03129503397972446,-0.03974542840540749,-0.007569863665468279,0
2019-09-23,2019-09-20,M2,Wavelet + Within-Scale,-0.016959529793757533,-0.020053889975604443,-0.007569863665468279,0
2019-09-23,2019-09-20,M3,Full Cross-Scale Multiscale,-0.017824365371125143,-0.02080369529183656,-0.007569863665468279,0
2019-09-24,2019-09-23,M0,Historical Simulation Benchmark,-0.02745318382453483,-0.037175078588888306,-0.028866955862419663,1
2019-09-24,2019-09-23,M1,Heavy-Tail Marginals,-0.024519735337400775,-0.03452454288982782,-0.028866955862419663,1
2019-09-24,2019-09-23,M2,Wavelet + Within-Scale,-0.016276433051695915,-0.019533746966615535,-0.028866955862419663,1
2019-09-24,2019-09-23,M3,Full Cross-Scale Multiscale,-0.018129436650788738,-0.020788754427793415,-0.028866955862419663,1
2019-09-25,2019-09-24,M0,Historical Simulation Benchmark,-0.028866992781168353,-0.037175078588888306,-0.00869270252093442,0
2019-09-25,2019-09-24,M1,Heavy-Tail Marginals,-0.03391274883930795,-0.04115391011813448,-0.00869270252093442,0
2019-09-25,2019-09-24,M2,Wavelet + Within-Scale,-0.016877587275251765,-0.01957320319175804,-0.00869270252093442,0
2019-09-25,2019-09-24,M3,Full Cross-Scale Multiscale,-0.018649773523630606,-0.021705553412060145,-0.00869270252093442,0
2019-09-26,2019-09-25,M0,Historical Simulation Benchmark,-0.028866992781168353,-0.037175078588888306,-0.00891161176314036,0
2019-09-26,2019-09-25,M1,Heavy-Tail Marginals,-0.03371634337990545,-0.038888497332323455,-0.00891161176314036,0
2019-09-26,2019-09-25,M2,Wavelet + Within-Scale,-0.018873412874777423,-0.022040385141669422,-0.00891161176314036,0
2019-09-26,2019-09-25,M3,Full Cross-Scale Multiscale,-0.019742056200317167,-0.02401599748403169,-0.00891161176314036,0
2019-09-27,2019-09-26,M0,Historical Simulation Benchmark,-0.028866992781168353,-0.037175078588888306,-0.0009679658530828399,0
2019-09-27,2019-09-26,M1,Heavy-Tail Marginals,-0.030772223410811955,-0.03960760178571502,-0.0009679658530828399,0
2019-09-27,2019-09-26,M2,Wavelet + Within-Scale,-0.018735192960467936,-0.021889817519761934,-0.0009679658530828399,0
2019-09-27,2019-09-26,M3,Full Cross-Scale Multiscale,-0.019561233514316784,-0.022157778209581543,-0.0009679658530828399,0
2019-09-30,2019-09-27,M0,Historical Simulation Benchmark,-0.028866992781168353,-0.037175078588888306,-0.00659373565969562,0
2019-09-30,2019-09-27,M1,Heavy-Tail Marginals,-0.035879498360652816,-0.04556436192126604,-0.00659373565969562,0
2019-09-30,2019-09-27,M2,Wavelet + Within-Scale,-0.01823977360304021,-0.020909515741782975,-0.00659373565969562,0
2019-09-30,2019-09-27,M3,Full Cross-Scale Multiscale,-0.018683963768640132,-0.021946114830790876,-0.00659373565969562,0
2019-10-01,2019-09-30,M0,Historical Simulation Benchmark,-0.028866992781168353,-0.037175078588888306,-0.0022236888614338207,0
2019-10-01,2019-09-30,M1,Heavy-Tail Marginals,-0.034837896434319726,-0.041818203225686655,-0.0022236888614338207,0
2019-10-01,2019-09-30,M2,Wavelet + Within-Scale,-0.018083660306241194,-0.0199858273902388,-0.0022236888614338207,0
2019-10-01,2019-09-30,M3,Full Cross-Scale Multiscale,-0.018474681746228953,-0.021319368787583164,-0.0022236888614338207,0
2019-10-02,2019-10-01,M0,Historical Simulation Benchmark,-0.028866992781168353,-0.037175078588888306,-0.003151585554030501,0
2019-10-02,2019-10-01,M1,Heavy-Tail Marginals,-0.03387024572014644,-0.04224040780193304,-0.003151585554030501,0
2019-10-02,2019-10-01,M2,Wavelet + Within-Scale,-0.018116438121184936,-0.02099451337300967,-0.003151585554030501,0
2019-10-02,2019-10-01,M3,Full Cross-Scale Multiscale,-0.018653575688835574,-0.022525045199258287,-0.003151585554030501,0
2019-10-03,2019-10-02,M0,Historical Simulation Benchmark,-0.028866992781168353,-0.037175078588888306,-0.0005311087742779397,0
2019-10-03,2019-10-02,M1,Heavy-Tail Marginals,-0.031869859244889734,-0.03766367576566833,-0.0005311087742779397,0
2019-10-03,2019-10-02,M2,Wavelet + Within-Scale,-0.01976052636768929,-0.02252995842679641,-0.0005311087742779397,0
2019-10-03,2019-10-02,M3,Full Cross-Scale Multiscale,-0.01985517917765486,-0.023199073805870128,-0.0005311087742779397,0
2019-10-04,2019-10-03,M0,Historical Simulation Benchmark,-0.028866992781168353,-0.037175078588888306,0.00376492095430674,0
2019-10-04,2019-10-03,M1,Heavy-Tail Marginals,-0.032868984587172065,-0.04001550568301042,0.00376492095430674,0
2019-10-04,2019-10-03,M2,Wavelet + Within-Scale,-0.018087559625384695,-0.02088709425004218,0.00376492095430674,0
2019-10-04,2019-10-03,M3,Full Cross-Scale Multiscale,-0.019681982375437623,-0.02291170044893353,0.00376492095430674,0
2019-10-07,2019-10-04,M0,Historical Simulation Benchmark,-0.028866992781168353,-0.037175078588888306,-0.0022817110153897408,0
2019-10-07,2019-10-04,M1,Heavy-Tail Marginals,-0.03471411899528976,-0.04407709524125346,-0.0022817110153897408,0
2019-10-07,2019-10-04,M2,Wavelet + Within-Scale,-0.018929178055154622,-0.021419967444666288,-0.0022817110153897408,0
2019-10-07,2019-10-04,M3,Full Cross-Scale Multiscale,-0.018482409125666482,-0.021482399140262197,-0.0022817110153897408,0
2019-10-08,2019-10-07,M0,Historical Simulation Benchmark,-0.028866992781168353,-0.037175078588888306,-0.0041104762456496205,0
2019-10-08,2019-10-07,M1,Heavy-Tail Marginals,-0.03343154951908375,-0.04244214495188449,-0.0041104762456496205,0
2019-10-08,2019-10-07,M2,Wavelet + Within-Scale,-0.017882370755373203,-0.02131813715923852,-0.0041104762456496205,0
2019-10-08,2019-10-07,M3,Full Cross-Scale Multiscale,-0.018926512482743303,-0.021568618051299032,-0.0041104762456496205,0
2019-10-09,2019-10-08,M0,Historical Simulation Benchmark,-0.028866992781168353,-0.037175078588888306,0.01211648092638696,0
2019-10-09,2019-10-08,M1,Heavy-Tail Marginals,-0.032996265984618536,-0.03780945547987523,0.01211648092638696,0
2019-10-09,2019-10-08,M2,Wavelet + Within-Scale,-0.017698186064610044,-0.02068200735471854,0.01211648092638696,0
2019-10-09,2019-10-08,M3,Full Cross-Scale Multiscale,-0.017847550916895053,-0.021182503474476422,0.01211648092638696,0
2019-10-10,2019-10-09,M0,Historical Simulation Benchmark,-0.028866992781168353,-0.037175078588888306,0.0017294674706546597,0
2019-10-10,2019-10-09,M1,Heavy-Tail Marginals,-0.03131091803958751,-0.03838123935355234,0.0017294674706546597,0
2019-10-10,2019-10-09,M2,Wavelet + Within-Scale,-0.01803321579819724,-0.021407494979989807,0.0017294674706546597,0
2019-10-10,2019-10-09,M3,Full Cross-Scale Multiscale,-0.019461461369263005,-0.02115140719412318,0.0017294674706546597,0
2019-10-11,2019-10-10,M0,Historical Simulation Benchmark,-0.028866992781168353,-0.037175078588888306,-0.0026135503585444997,0
2019-10-11,2019-10-10,M1,Heavy-Tail Marginals,-0.03111448504306161,-0.0374230179001937,-0.0026135503585444997,0
2019-10-11,2019-10-10,M2,Wavelet + Within-Scale,-0.017720454395602193,-0.020703090868953628,-0.0026135503585444997,0
2019-10-11,2019-10-10,M3,Full Cross-Scale Multiscale,-0.017975015749984287,-0.020512888866688957,-0.0026135503585444997,0
2019-10-14,2019-10-11,M0,Historical Simulation Benchmark,-0.028866992781168353,-0.037175078588888306,-0.0018513156120475195,0
2019-10-14,2019-10-11,M1,Heavy-Tail Marginals,-0.03237731192419942,-0.04050740256371378,-0.0018513156120475195,0
2019-10-14,2019-10-11,M2,Wavelet + Within-Scale,-0.016452424448852355,-0.019164289481953662,-0.0018513156120475195,0
2019-10-14,2019-10-11,M3,Full Cross-Scale Multiscale,-0.01759505631981048,-0.020748844225177348,-0.0018513156120475195,0
2019-10-15,2019-10-14,M0,Historical Simulation Benchmark,-0.028866992781168353,-0.037175078588888306,-0.006636636905200119,0
2019-10-15,2019-10-14,M1,Heavy-Tail Marginals,-0.03095080503851353,-0.03815521283967974,-0.006636636905200119,0
2019-10-15,2019-10-14,M2,Wavelet + Within-Scale,-0.017811866082947984,-0.02080349043732157,-0.006636636905200119,0
2019-10-15,2019-10-14,M3,Full Cross-Scale Multiscale,-0.018084378323824084,-0.021111916329807846,-0.006636636905200119,0
2019-10-16,2019-10-15,M0,Historical Simulation Benchmark,-0.028866992781168353,-0.037175078588888306,-0.0012284250747981,0
2019-10-16,2019-10-15,M1,Heavy-Tail Marginals,-0.030906190737599013,-0.03879093362939683,-0.0012284250747981,0
2019-10-16,2019-10-15,M2,Wavelet + Within-Scale,-0.019214957879358605,-0.023103070983538813,-0.0012284250747981,0
2019-10-16,2019-10-15,M3,Full Cross-Scale Multiscale,-0.020599475926799605,-0.024171276021461803,-0.0012284250747981,0
2019-10-17,2019-10-16,M0,Historical Simulation Benchmark,-0.028866992781168353,-0.037175078588888306,0.00469631700900136,0
2019-10-17,2019-10-16,M1,Heavy-Tail Marginals,-0.033782368558500246,-0.04196577379854542,0.00469631700900136,0
2019-10-17,2019-10-16,M2,Wavelet + Within-Scale,-0.01789828846973295,-0.021243553782971818,0.00469631700900136,0
2019-10-17,2019-10-16,M3,Full Cross-Scale Multiscale,-0.01940757382291601,-0.022443651364484223,0.00469631700900136,0
2019-10-18,2019-10-17,M0,Historical Simulation Benchmark,-0.028866992781168353,-0.037175078588888306,-0.00523079479808552,0
2019-10-18,2019-10-17,M1,Heavy-Tail Marginals,-0.037212310161432845,-0.04541942840041789,-0.00523079479808552,0
2019-10-18,2019-10-17,M2,Wavelet + Within-Scale,-0.017258255397795793,-0.020499339563862316,-0.00523079479808552,0
2019-10-18,2019-10-17,M3,Full Cross-Scale Multiscale,-0.020211427067657595,-0.02315190712155528,-0.00523079479808552,0
2019-10-21,2019-10-18,M0,Historical Simulation Benchmark,-0.028866992781168353,-0.037175078588888306,0.006155817409843821,0
2019-10-21,2019-10-18,M1,Heavy-Tail Marginals,-0.03125813883573434,-0.03858585611012848,0.006155817409843821,0
2019-10-21,2019-10-18,M2,Wavelet + Within-Scale,-0.017627495838177104,-0.021579012145911118,0.006155817409843821,0
2019-10-21,2019-10-18,M3,Full Cross-Scale Multiscale,-0.018810239144336334,-0.021816873103940763,0.006155817409843821,0
2019-10-22,2019-10-21,M0,Historical Simulation Benchmark,-0.028866992781168353,-0.037175078588888306,-0.0013533968736205398,0
2019-10-22,2019-10-21,M1,Heavy-Tail Marginals,-0.03411528561549781,-0.044842440043744804,-0.0013533968736205398,0
2019-10-22,2019-10-21,M2,Wavelet + Within-Scale,-0.018324491594471807,-0.02204864928921034,-0.0013533968736205398,0
2019-10-22,2019-10-21,M3,Full Cross-Scale Multiscale,-0.019721363190185845,-0.02278715154895102,-0.0013533968736205398,0
2019-10-23,2019-10-22,M0,Historical Simulation Benchmark,-0.028866992781168353,-0.037175078588888306,-0.007945731237132618,0
2019-10-23,2019-10-22,M1,Heavy-Tail Marginals,-0.03296362452944109,-0.04077824917471971,-0.007945731237132618,0
2019-10-23,2019-10-22,M2,Wavelet + Within-Scale,-0.01732142249555755,-0.01929580749191492,-0.007945731237132618,0
2019-10-23,2019-10-22,M3,Full Cross-Scale Multiscale,-0.018396118479302705,-0.021114788252777995,-0.007945731237132618,0
2019-10-24,2019-10-23,M0,Historical Simulation Benchmark,-0.028866992781168353,-0.037175078588888306,0.00251310275645768,0
2019-10-24,2019-10-23,M1,Heavy-Tail Marginals,-0.02447793603019559,-0.03049334759521503,0.00251310275645768,0
2019-10-24,2019-10-23,M2,Wavelet + Within-Scale,-0.014256497127966776,-0.01793226533721354,0.00251310275645768,0
2019-10-24,2019-10-23,M3,Full Cross-Scale Multiscale,-0.015229274204721114,-0.01827660090969015,0.00251310275645768,0
2019-10-25,2019-10-24,M0,Historical Simulation Benchmark,-0.028866992781168353,-0.037175078588888306,0.03150332183470554,0
2019-10-25,2019-10-24,M1,Heavy-Tail Marginals,-0.026365107491286087,-0.032405195911111975,0.03150332183470554,0
2019-10-25,2019-10-24,M2,Wavelet + Within-Scale,-0.014300053964582442,-0.016954042516476774,0.03150332183470554,0
2019-10-25,2019-10-24,M3,Full Cross-Scale Multiscale,-0.014464174049745225,-0.0176373117453672,0.03150332183470554,0
2019-10-28,2019-10-25,M0,Historical Simulation Benchmark,-0.028866992781168353,-0.037175078588888306,0.008874507928287461,0
2019-10-28,2019-10-25,M1,Heavy-Tail Marginals,-0.02399083952801654,-0.032822455566971394,0.008874507928287461,0
2019-10-28,2019-10-25,M2,Wavelet + Within-Scale,-0.014348956356504778,-0.01778074160266631,0.008874507928287461,0
2019-10-28,2019-10-25,M3,Full Cross-Scale Multiscale,-0.01521625720055288,-0.019011645498961633,0.008874507928287461,0
2019-10-29,2019-10-28,M0,Historical Simulation Benchmark,-0.028866992781168353,-0.037175078588888306,0.0020323501138194196,0
2019-10-29,2019-10-28,M1,Heavy-Tail Marginals,-0.023653935730361435,-0.027782863912141638,0.0020323501138194196,0
2019-10-29,2019-10-28,M2,Wavelet + Within-Scale,-0.01567425826878881,-0.018225409835078896,0.0020323501138194196,0
2019-10-29,2019-10-28,M3,Full Cross-Scale Multiscale,-0.016658497306547546,-0.01956642312043618,0.0020323501138194196,0
2019-10-30,2019-10-29,M0,Historical Simulation Benchmark,-0.028866992781168353,-0.037175078588888306,-0.003998005889464181,0
2019-10-30,2019-10-29,M1,Heavy-Tail Marginals,-0.026422714611729875,-0.034207144575143046,-0.003998005889464181,0
2019-10-30,2019-10-29,M2,Wavelet + Within-Scale,-0.014504113462988395,-0.017430193769201317,-0.003998005889464181,0
2019-10-30,2019-10-29,M3,Full Cross-Scale Multiscale,-0.015434484627549741,-0.018500608878784942,-0.003998005889464181,0
2019-10-31,2019-10-30,M0,Historical Simulation Benchmark,-0.028866992781168353,-0.037175078588888306,-0.00039747509994798034,0
2019-10-31,2019-10-30,M1,Heavy-Tail Marginals,-0.026668455554958323,-0.03343405378464035,-0.00039747509994798034,0
2019-10-31,2019-10-30,M2,Wavelet + Within-Scale,-0.01552275215998254,-0.01829562171299825,-0.00039747509994798034,0
2019-10-31,2019-10-30,M3,Full Cross-Scale Multiscale,-0.01587147575655019,-0.01872401573710964,-0.00039747509994798034,0
2019-11-01,2019-10-31,M0,Historical Simulation Benchmark,-0.028866992781168353,-0.037175078588888306,0.00976820320089298,0
2019-11-01,2019-10-31,M1,Heavy-Tail Marginals,-0.022195425230588674,-0.028638328734924157,0.00976820320089298,0
2019-11-01,2019-10-31,M2,Wavelet + Within-Scale,-0.014241260359253468,-0.01747329965266629,0.00976820320089298,0
2019-11-01,2019-10-31,M3,Full Cross-Scale Multiscale,-0.014718320335895633,-0.018574234577834168,0.00976820320089298,0
2019-11-04,2019-11-01,M0,Historical Simulation Benchmark,-0.028866992781168353,-0.037175078588888306,0.00449461793442294,0
2019-11-04,2019-11-01,M1,Heavy-Tail Marginals,-0.02547525075692251,-0.031719226703467475,0.00449461793442294,0
2019-11-04,2019-11-01,M2,Wavelet + Within-Scale,-0.014925884525455199,-0.018652975746831536,0.00449461793442294,0
2019-11-04,2019-11-01,M3,Full Cross-Scale Multiscale,-0.01556389489265315,-0.019357195541204675,0.00449461793442294,0
2019-11-05,2019-11-04,M0,Historical Simulation Benchmark,-0.028866992781168353,-0.037175078588888306,-0.0040352879613451,0
2019-11-05,2019-11-04,M1,Heavy-Tail Marginals,-0.024381228050560692,-0.03068073445941143,-0.0040352879613451,0
2019-11-05,2019-11-04,M2,Wavelet + Within-Scale,-0.014121125257012866,-0.016664053185715462,-0.0040352879613451,0
2019-11-05,2019-11-04,M3,Full Cross-Scale Multiscale,-0.01568440464105377,-0.018722786851426552,-0.0040352879613451,0
2019-11-06,2019-11-05,M0,Historical Simulation Benchmark,-0.028866992781168353,-0.037175078588888306,-0.00015159731387040005,0
2019-11-06,2019-11-05,M1,Heavy-Tail Marginals,-0.023975848872511554,-0.03233217272965154,-0.00015159731387040005,0
2019-11-06,2019-11-05,M2,Wavelet + Within-Scale,-0.014372275791418277,-0.01687508403740105,-0.00015159731387040005,0
2019-11-06,2019-11-05,M3,Full Cross-Scale Multiscale,-0.014469660962108945,-0.01677804988291286,-0.00015159731387040005,0
2019-11-07,2019-11-06,M0,Historical Simulation Benchmark,-0.028866992781168353,-0.037175078588888306,-0.00485436597259058,0
2019-11-07,2019-11-06,M1,Heavy-Tail Marginals,-0.02347312610195728,-0.029781534467121073,-0.00485436597259058,0
2019-11-07,2019-11-06,M2,Wavelet + Within-Scale,-0.013579796059728385,-0.017196284698666287,-0.00485436597259058,0
2019-11-07,2019-11-06,M3,Full Cross-Scale Multiscale,-0.014911784888451856,-0.018436391105375503,-0.00485436597259058,0
2019-11-08,2019-11-07,M0,Historical Simulation Benchmark,-0.028866992781168353,-0.037175078588888306,-0.00945575531936856,0
2019-11-08,2019-11-07,M1,Heavy-Tail Marginals,-0.024914122560075053,-0.029625624913978604,-0.00945575531936856,0
2019-11-08,2019-11-07,M2,Wavelet + Within-Scale,-0.014943899064205703,-0.017914551348398873,-0.00945575531936856,0
2019-11-08,2019-11-07,M3,Full Cross-Scale Multiscale,-0.016489060079980612,-0.019068537147353928,-0.00945575531936856,0
2019-11-11,2019-11-08,M0,Historical Simulation Benchmark,-0.028866992781168353,-0.037175078588888306,-0.0033932868068439403,0
2019-11-11,2019-11-08,M1,Heavy-Tail Marginals,-0.025943023900993463,-0.032554642105180824,-0.0033932868068439403,0
2019-11-11,2019-11-08,M2,Wavelet + Within-Scale,-0.015055538242949636,-0.01695923627161376,-0.0033932868068439403,0
2019-11-11,2019-11-08,M3,Full Cross-Scale Multiscale,-0.015127459304134385,-0.01813133784592797,-0.0033932868068439403,0
2019-11-12,2019-11-11,M0,Historical Simulation Benchmark,-0.028866992781168353,-0.037175078588888306,0.0020314115233971003,0
2019-11-12,2019-11-11,M1,Heavy-Tail Marginals,-0.023448806296349958,-0.029315604796521948,0.0020314115233971003,0
2019-11-12,2019-11-11,M2,Wavelet + Within-Scale,-0.01387832475710827,-0.01639772699270142,0.0020314115233971003,0
2019-11-12,2019-11-11,M3,Full Cross-Scale Multiscale,-0.014668547202465944,-0.017034277761389587,0.0020314115233971003,0
2019-11-13,2019-11-12,M0,Historical Simulation Benchmark,-0.028866992781168353,-0.037175078588888306,0.00274908200624776,0
2019-11-13,2019-11-12,M1,Heavy-Tail Marginals,-0.023660298909406016,-0.030084682772372834,0.00274908200624776,0
2019-11-13,2019-11-12,M2,Wavelet + Within-Scale,-0.014002749852528671,-0.017042754577168,0.00274908200624776,0
2019-11-13,2019-11-12,M3,Full Cross-Scale Multiscale,-0.015315347864813447,-0.018596931797490803,0.00274908200624776,0
2019-11-14,2019-11-13,M0,Historical Simulation Benchmark,-0.028866992781168353,-0.037175078588888306,-0.0009863306029268002,0
2019-11-14,2019-11-13,M1,Heavy-Tail Marginals,-0.025869435097731774,-0.029120049690344162,-0.0009863306029268002,0
2019-11-14,2019-11-13,M2,Wavelet + Within-Scale,-0.014926966891407595,-0.017061461352288542,-0.0009863306029268002,0
2019-11-14,2019-11-13,M3,Full Cross-Scale Multiscale,-0.015542955383404914,-0.018136016765692344,-0.0009863306029268002,0
2019-11-15,2019-11-14,M0,Historical Simulation Benchmark,-0.028866992781168353,-0.037175078588888306,-0.0014169249283963203,0
2019-11-15,2019-11-14,M1,Heavy-Tail Marginals,-0.02467528425733908,-0.03214677324589965,-0.0014169249283963203,0
2019-11-15,2019-11-14,M2,Wavelet + Within-Scale,-0.013709230385311862,-0.016234226500419797,-0.0014169249283963203,0
2019-11-15,2019-11-14,M3,Full Cross-Scale Multiscale,-0.015362617593118393,-0.01711761670803987,-0.0014169249283963203,0
2019-11-18,2019-11-15,M0,Historical Simulation Benchmark,-0.028866992781168353,-0.037175078588888306,-0.00627115324546128,0
2019-11-18,2019-11-15,M1,Heavy-Tail Marginals,-0.026735235586229974,-0.03390821813974691,-0.00627115324546128,0
2019-11-18,2019-11-15,M2,Wavelet + Within-Scale,-0.014630572699557759,-0.016898680536214388,-0.00627115324546128,0
2019-11-18,2019-11-15,M3,Full Cross-Scale Multiscale,-0.015572312468514812,-0.017828114738161326,-0.00627115324546128,0
2019-11-19,2019-11-18,M0,Historical Simulation Benchmark,-0.028866992781168353,-0.037175078588888306,-0.0077027181204518,0
2019-11-19,2019-11-18,M1,Heavy-Tail Marginals,-0.024215478516539525,-0.028222112351683308,-0.0077027181204518,0
2019-11-19,2019-11-18,M2,Wavelet + Within-Scale,-0.014611733782278423,-0.016786849445468148,-0.0077027181204518,0
2019-11-19,2019-11-18,M3,Full Cross-Scale Multiscale,-0.015334870555060538,-0.017934413665468905,-0.0077027181204518,0
2019-11-20,2019-11-19,M0,Historical Simulation Benchmark,-0.028866992781168353,-0.037175078588888306,0.0013061259970273192,0
2019-11-20,2019-11-19,M1,Heavy-Tail Marginals,-0.025786036783921225,-0.03124141197983498,0.0013061259970273192,0
2019-11-20,2019-11-19,M2,Wavelet + Within-Scale,-0.014044877990231418,-0.0173643672368688,0.0013061259970273192,0
2019-11-20,2019-11-19,M3,Full Cross-Scale Multiscale,-0.01581437701418853,-0.018629388723012258,0.0013061259970273192,0
2019-11-21,2019-11-20,M0,Historical Simulation Benchmark,-0.028866992781168353,-0.037175078588888306,-0.00675898120430812,0
2019-11-21,2019-11-20,M1,Heavy-Tail Marginals,-0.025480965819509125,-0.029624614167579406,-0.00675898120430812,0
2019-11-21,2019-11-20,M2,Wavelet + Within-Scale,-0.013644137596372029,-0.016324973018590063,-0.00675898120430812,0
2019-11-21,2019-11-20,M3,Full Cross-Scale Multiscale,-0.014380210130515273,-0.017099405608400193,-0.00675898120430812,0
2019-11-22,2019-11-21,M0,Historical Simulation Benchmark,-0.028866992781168353,-0.037175078588888306,-0.010719996406574821,0
2019-11-22,2019-11-21,M1,Heavy-Tail Marginals,-0.021902927511447744,-0.028419407283407472,-0.010719996406574821,0
2019-11-22,2019-11-21,M2,Wavelet + Within-Scale,-0.009987640343615852,-0.011166938117311063,-0.010719996406574821,1
2019-11-22,2019-11-21,M3,Full Cross-Scale Multiscale,-0.010332539527818908,-0.0117648544942498,-0.010719996406574821,1
2019-11-25,2019-11-22,M0,Historical Simulation Benchmark,-0.028866992781168353,-0.037175078588888306,-0.0034937825610340404,0
2019-11-25,2019-11-22,M1,Heavy-Tail Marginals,-0.018870651010504943,-0.024036593436963762,-0.0034937825610340404,0
2019-11-25,2019-11-22,M2,Wavelet + Within-Scale,-0.010032815067144384,-0.011295224242276044,-0.0034937825610340404,0
2019-11-25,2019-11-22,M3,Full Cross-Scale Multiscale,-0.010846033181476223,-0.01283870679912823,-0.0034937825610340404,0
2019-11-26,2019-11-25,M0,Historical Simulation Benchmark,-0.028866992781168353,-0.037175078588888306,0.00511714350494198,0
2019-11-26,2019-11-25,M1,Heavy-Tail Marginals,-0.02165376671103501,-0.028384944849737075,0.00511714350494198,0
2019-11-26,2019-11-25,M2,Wavelet + Within-Scale,-0.009443406311438378,-0.011264197137728412,0.00511714350494198,0
2019-11-26,2019-11-25,M3,Full Cross-Scale Multiscale,-0.011249356562660103,-0.012423310076916735,0.00511714350494198,0
2019-11-27,2019-11-26,M0,Historical Simulation Benchmark,-0.028866992781168353,-0.037175078588888306,0.00698341960733552,0
2019-11-27,2019-11-26,M1,Heavy-Tail Marginals,-0.022255149788116522,-0.027548301329637703,0.00698341960733552,0
2019-11-27,2019-11-26,M2,Wavelet + Within-Scale,-0.010202241561287911,-0.012461032194249455,0.00698341960733552,0
2019-11-27,2019-11-26,M3,Full Cross-Scale Multiscale,-0.011044573255217524,-0.012144420692687397,0.00698341960733552,0
2019-11-29,2019-11-27,M0,Historical Simulation Benchmark,-0.028866992781168353,-0.037175078588888306,-0.0024178956425863207,0
2019-11-29,2019-11-27,M1,Heavy-Tail Marginals,-0.022109389697343697,-0.027031369237437514,-0.0024178956425863207,0
2019-11-29,2019-11-27,M2,Wavelet + Within-Scale,-0.010543858248893841,-0.012036746427869775,-0.0024178956425863207,0
2019-11-29,2019-11-27,M3,Full Cross-Scale Multiscale,-0.011166045463964823,-0.012481729029735374,-0.0024178956425863207,0
2019-12-02,2019-11-29,M0,Historical Simulation Benchmark,-0.028866992781168353,-0.037175078588888306,-0.013320460240904561,0
2019-12-02,2019-11-29,M1,Heavy-Tail Marginals,-0.02148551120206687,-0.027020797780617684,-0.013320460240904561,0
2019-12-02,2019-11-29,M2,Wavelet + Within-Scale,-0.010066223868716686,-0.011630733127305538,-0.013320460240904561,1
2019-12-02,2019-11-29,M3,Full Cross-Scale Multiscale,-0.010738833276184192,-0.012461865170498822,-0.013320460240904561,1
2019-12-03,2019-12-02,M0,Historical Simulation Benchmark,-0.028866992781168353,-0.037175078588888306,0.0038228880945557603,0
2019-12-03,2019-12-02,M1,Heavy-Tail Marginals,-0.023577739589100904,-0.02953072911871941,0.0038228880945557603,0
2019-12-03,2019-12-02,M2,Wavelet + Within-Scale,-0.010116932607606223,-0.011870517767663392,0.0038228880945557603,0
2019-12-03,2019-12-02,M3,Full Cross-Scale Multiscale,-0.010785774234585162,-0.012643775099177735,0.0038228880945557603,0
2019-12-04,2019-12-03,M0,Historical Simulation Benchmark,-0.028866992781168353,-0.037175078588888306,0.0055002941794867,0
2019-12-04,2019-12-03,M1,Heavy-Tail Marginals,-0.020722137337818632,-0.02499139442352374,0.0055002941794867,0
2019-12-04,2019-12-03,M2,Wavelet + Within-Scale,-0.0101497365390733,-0.011441267420580064,0.0055002941794867,0
2019-12-04,2019-12-03,M3,Full Cross-Scale Multiscale,-0.010725888703620996,-0.011982950510490628,0.0055002941794867,0
2019-12-05,2019-12-04,M0,Historical Simulation Benchmark,-0.028866992781168353,-0.037175078588888306,0.00534882031675038,0
2019-12-05,2019-12-04,M1,Heavy-Tail Marginals,-0.021394171156914735,-0.02618187173706473,0.00534882031675038,0
2019-12-05,2019-12-04,M2,Wavelet + Within-Scale,-0.010078610733092866,-0.011652275080146258,0.00534882031675038,0
2019-12-05,2019-12-04,M3,Full Cross-Scale Multiscale,-0.011144617705163623,-0.012435479268317673,0.00534882031675038,0
2019-12-06,2019-12-05,M0,Historical Simulation Benchmark,-0.028866992781168353,-0.037175078588888306,0.0039653095392387,0
2019-12-06,2019-12-05,M1,Heavy-Tail Marginals,-0.022574934017130982,-0.02560134757346908,0.0039653095392387,0
2019-12-06,2019-12-05,M2,Wavelet + Within-Scale,-0.00997748323842269,-0.011619693541640306,0.0039653095392387,0
2019-12-06,2019-12-05,M3,Full Cross-Scale Multiscale,-0.01046036956378109,-0.012366077253787607,0.0039653095392387,0
2019-12-09,2019-12-06,M0,Historical Simulation Benchmark,-0.028866992781168353,-0.037175078588888306,-0.0042731690325841605,0
2019-12-09,2019-12-06,M1,Heavy-Tail Marginals,-0.024636029792526375,-0.028290323255474557,-0.0042731690325841605,0
2019-12-09,2019-12-06,M2,Wavelet + Within-Scale,-0.00934482167246324,-0.011488604888558162,-0.0042731690325841605,0
2019-12-09,2019-12-06,M3,Full Cross-Scale Multiscale,-0.011122439836969786,-0.013133774195666064,-0.0042731690325841605,0
2019-12-10,2019-12-09,M0,Historical Simulation Benchmark,-0.028866992781168353,-0.037175078588888306,-0.0022660692334295794,0
2019-12-10,2019-12-09,M1,Heavy-Tail Marginals,-0.02201840504568241,-0.02741171219383286,-0.0022660692334295794,0
2019-12-10,2019-12-09,M2,Wavelet + Within-Scale,-0.011308840455212622,-0.012536785893578224,-0.0022660692334295794,0
2019-12-10,2019-12-09,M3,Full Cross-Scale Multiscale,-0.010761770066557444,-0.013051397720996652,-0.0022660692334295794,0
2019-12-11,2019-12-10,M0,Historical Simulation Benchmark,-0.028866992781168353,-0.037175078588888306,-0.00036598759188564024,0
2019-12-11,2019-12-10,M1,Heavy-Tail Marginals,-0.021361102907258667,-0.02981591565080044,-0.00036598759188564024,0
2019-12-11,2019-12-10,M2,Wavelet + Within-Scale,-0.009787018162143753,-0.011604524214309919,-0.00036598759188564024,0
2019-12-11,2019-12-10,M3,Full Cross-Scale Multiscale,-0.011093894901494615,-0.012907236716175493,-0.00036598759188564024,0
2019-12-12,2019-12-11,M0,Historical Simulation Benchmark,-0.028866992781168353,-0.037175078588888306,0.001269414403597,0
2019-12-12,2019-12-11,M1,Heavy-Tail Marginals,-0.023914633207467655,-0.029651419982284138,0.001269414403597,0
2019-12-12,2019-12-11,M2,Wavelet + Within-Scale,-0.009989838211978444,-0.011756787131386063,0.001269414403597,0
2019-12-12,2019-12-11,M3,Full Cross-Scale Multiscale,-0.010883758679253985,-0.012768908921579827,0.001269414403597,0
2019-12-13,2019-12-12,M0,Historical Simulation Benchmark,-0.028866992781168353,-0.037175078588888306,0.004849207538204,0
2019-12-13,2019-12-12,M1,Heavy-Tail Marginals,-0.021756013633227725,-0.027910307848422293,0.004849207538204,0
2019-12-13,2019-12-12,M2,Wavelet + Within-Scale,-0.010634748666586523,-0.011670603166440746,0.004849207538204,0
2019-12-13,2019-12-12,M3,Full Cross-Scale Multiscale,-0.01081986542285653,-0.012313549721697643,0.004849207538204,0
2019-12-16,2019-12-13,M0,Historical Simulation Benchmark,-0.028866992781168353,-0.037175078588888306,-0.00748704995870156,0
2019-12-16,2019-12-13,M1,Heavy-Tail Marginals,-0.02006653308664041,-0.025614400886250756,-0.00748704995870156,0
2019-12-16,2019-12-13,M2,Wavelet + Within-Scale,-0.009485391446884373,-0.011316736845087973,-0.00748704995870156,0
2019-12-16,2019-12-13,M3,Full Cross-Scale Multiscale,-0.010417620832096061,-0.012582127854837852,-0.00748704995870156,0
2019-12-17,2019-12-16,M0,Historical Simulation Benchmark,-0.028866992781168353,-0.037175078588888306,-0.006532418465423979,0
2019-12-17,2019-12-16,M1,Heavy-Tail Marginals,-0.022527990251361905,-0.027385690859346595,-0.006532418465423979,0
2019-12-17,2019-12-16,M2,Wavelet + Within-Scale,-0.01004431831526103,-0.011592332310564023,-0.006532418465423979,0
2019-12-17,2019-12-16,M3,Full Cross-Scale Multiscale,-0.010291363522596247,-0.012933853385915572,-0.006532418465423979,0
2019-12-18,2019-12-17,M0,Historical Simulation Benchmark,-0.028866992781168353,-0.037175078588888306,0.01809857362979028,0
2019-12-18,2019-12-17,M1,Heavy-Tail Marginals,-0.023120571925149762,-0.02707733603158307,0.01809857362979028,0
2019-12-18,2019-12-17,M2,Wavelet + Within-Scale,-0.009955004500959947,-0.011490532721252061,0.01809857362979028,0
2019-12-18,2019-12-17,M3,Full Cross-Scale Multiscale,-0.009996537630055674,-0.011689454298466375,0.01809857362979028,0
2019-12-19,2019-12-18,M0,Historical Simulation Benchmark,-0.028866992781168353,-0.037175078588888306,7.527512782561996e-05,0
2019-12-19,2019-12-18,M1,Heavy-Tail Marginals,-0.020551916983591028,-0.025487769184952984,7.527512782561996e-05,0
2019-12-19,2019-12-18,M2,Wavelet + Within-Scale,-0.010225204404339494,-0.011758209947571013,7.527512782561996e-05,0
2019-12-19,2019-12-18,M3,Full Cross-Scale Multiscale,-0.011187503494010235,-0.013407906083984431,7.527512782561996e-05,0
2019-12-20,2019-12-19,M0,Historical Simulation Benchmark,-0.028866992781168353,-0.037175078588888306,-0.0008425746746979202,0
2019-12-20,2019-12-19,M1,Heavy-Tail Marginals,-0.02260077464832659,-0.030663819067226178,-0.0008425746746979202,0
2019-12-20,2019-12-19,M2,Wavelet + Within-Scale,-0.010937965593351242,-0.01276141011934033,-0.0008425746746979202,0
2019-12-20,2019-12-19,M3,Full Cross-Scale Multiscale,-0.011314656724389338,-0.013075609616639994,-0.0008425746746979202,0
2019-12-23,2019-12-20,M0,Historical Simulation Benchmark,-0.028866992781168353,-0.037175078588888306,0.005599677844402221,0
2019-12-23,2019-12-20,M1,Heavy-Tail Marginals,-0.02287490526866946,-0.026277772430360936,0.005599677844402221,0
2019-12-23,2019-12-20,M2,Wavelet + Within-Scale,-0.010416461747395583,-0.01190286770895924,0.005599677844402221,0
2019-12-23,2019-12-20,M3,Full Cross-Scale Multiscale,-0.011472826693550153,-0.0126513620899904,0.005599677844402221,0
2019-12-24,2019-12-23,M0,Historical Simulation Benchmark,-0.028866992781168353,-0.037175078588888306,0.0024258295898197412,0
2019-12-24,2019-12-23,M1,Heavy-Tail Marginals,-0.023073176687263858,-0.0292512252022318,0.0024258295898197412,0
2019-12-24,2019-12-23,M2,Wavelet + Within-Scale,-0.01349354956436432,-0.017701515400635276,0.0024258295898197412,0
2019-12-24,2019-12-23,M3,Full Cross-Scale Multiscale,-0.013534721844317539,-0.018082303502695646,0.0024258295898197412,0
2019-12-26,2019-12-24,M0,Historical Simulation Benchmark,-0.028866992781168353,-0.037175078588888306,0.0024919679368344207,0
2019-12-26,2019-12-24,M1,Heavy-Tail Marginals,-0.024978572504630824,-0.032606047401640983,0.0024919679368344207,0
2019-12-26,2019-12-24,M2,Wavelet + Within-Scale,-0.013647340844361708,-0.015806358124387885,0.0024919679368344207,0
2019-12-26,2019-12-24,M3,Full Cross-Scale Multiscale,-0.014156585544360634,-0.0163776482730984,0.0024919679368344207,0
2019-12-27,2019-12-26,M0,Historical Simulation Benchmark,-0.028866992781168353,-0.037175078588888306,0.00188692141916868,0
2019-12-27,2019-12-26,M1,Heavy-Tail Marginals,-0.02445858675663776,-0.029273440551972663,0.00188692141916868,0
2019-12-27,2019-12-26,M2,Wavelet + Within-Scale,-0.012729035851111636,-0.015989762897390354,0.00188692141916868,0
2019-12-27,2019-12-26,M3,Full Cross-Scale Multiscale,-0.013541279778321303,-0.015855603345374416,0.00188692141916868,0
2019-12-30,2019-12-27,M0,Historical Simulation Benchmark,-0.028866992781168353,-0.037175078588888306,-0.00104142823685648,0
2019-12-30,2019-12-27,M1,Heavy-Tail Marginals,-0.02395499705324145,-0.02952081422970563,-0.00104142823685648,0
2019-12-30,2019-12-27,M2,Wavelet + Within-Scale,-0.012793006389240505,-0.014187697452407128,-0.00104142823685648,0
2019-12-30,2019-12-27,M3,Full Cross-Scale Multiscale,-0.013092828240544994,-0.014867467384253328,-0.00104142823685648,0
2019-12-31,2019-12-30,M0,Historical Simulation Benchmark,-0.028866992781168353,-0.037175078588888306,-0.0038505683883113006,0
2019-12-31,2019-12-30,M1,Heavy-Tail Marginals,-0.02345378612601545,-0.028179806751344426,-0.0038505683883113006,0
2019-12-31,2019-12-30,M2,Wavelet + Within-Scale,-0.012958729683826196,-0.01637333823990488,-0.0038505683883113006,0
2019-12-31,2019-12-30,M3,Full Cross-Scale Multiscale,-0.013474382475427945,-0.016499332797903016,-0.0038505683883113006,0
2020-01-02,2019-12-31,M0,Historical Simulation Benchmark,-0.028866992781168353,-0.037175078588888306,-0.00162281237394652,0
2020-01-02,2019-12-31,M1,Heavy-Tail Marginals,-0.022639243968764548,-0.029167671706817777,-0.00162281237394652,0
2020-01-02,2019-12-31,M2,Wavelet + Within-Scale,-0.012317913775264304,-0.01483290298256593,-0.00162281237394652,0
2020-01-02,2019-12-31,M3,Full Cross-Scale Multiscale,-0.012285971719831973,-0.014911089074230749,-0.00162281237394652,0
2020-01-03,2020-01-02,M0,Historical Simulation Benchmark,-0.028866992781168353,-0.037175078588888306,0.01817747302245614,0
2020-01-03,2020-01-02,M1,Heavy-Tail Marginals,-0.021041715824200342,-0.026821915981700556,0.01817747302245614,0
2020-01-03,2020-01-02,M2,Wavelet + Within-Scale,-0.013268792760963585,-0.015919569849838715,0.01817747302245614,0
2020-01-03,2020-01-02,M3,Full Cross-Scale Multiscale,-0.013181992740322042,-0.016131921763542532,0.01817747302245614,0
2020-01-06,2020-01-03,M0,Historical Simulation Benchmark,-0.028866992781168353,-0.037175078588888306,0.0135623730973851,0
2020-01-06,2020-01-03,M1,Heavy-Tail Marginals,-0.025015855315256574,-0.03142839594263375,0.0135623730973851,0
2020-01-06,2020-01-03,M2,Wavelet + Within-Scale,-0.012395750935405113,-0.014539068184053297,0.0135623730973851,0
2020-01-06,2020-01-03,M3,Full Cross-Scale Multiscale,-0.0129052502384563,-0.015202902200068943,0.0135623730973851,0
2020-01-07,2020-01-06,M0,Historical Simulation Benchmark,-0.028866992781168353,-0.037175078588888306,0.00938379982308288,0
2020-01-07,2020-01-06,M1,Heavy-Tail Marginals,-0.021315994485273108,-0.02781569744354897,0.00938379982308288,0
2020-01-07,2020-01-06,M2,Wavelet + Within-Scale,-0.013460226829423652,-0.01773348544116765,0.00938379982308288,0
2020-01-07,2020-01-06,M3,Full Cross-Scale Multiscale,-0.013270664980675943,-0.018446566791206622,0.00938379982308288,0
2020-01-08,2020-01-07,M0,Historical Simulation Benchmark,-0.028866992781168353,-0.037175078588888306,-0.01026593524915622,0
2020-01-08,2020-01-07,M1,Heavy-Tail Marginals,-0.026189990571342952,-0.03399594253076933,-0.01026593524915622,0
2020-01-08,2020-01-07,M2,Wavelet + Within-Scale,-0.012974186875514033,-0.014987152733228334,-0.01026593524915622,0
2020-01-08,2020-01-07,M3,Full Cross-Scale Multiscale,-0.013238059030306979,-0.015691210332716518,-0.01026593524915622,0
2020-01-09,2020-01-08,M0,Historical Simulation Benchmark,-0.028866992781168353,-0.037175078588888306,-0.0073745341110167,0
2020-01-09,2020-01-08,M1,Heavy-Tail Marginals,-0.023086138296284243,-0.02841760718749379,-0.0073745341110167,0
2020-01-09,2020-01-08,M2,Wavelet + Within-Scale,-0.013368202745288736,-0.01627963196138617,-0.0073745341110167,0
2020-01-09,2020-01-08,M3,Full Cross-Scale Multiscale,-0.012886277679735764,-0.016717271215921394,-0.0073745341110167,0
2020-01-10,2020-01-09,M0,Historical Simulation Benchmark,-0.028866992781168353,-0.037175078588888306,0.006939322431984701,0
2020-01-10,2020-01-09,M1,Heavy-Tail Marginals,-0.023811384711494993,-0.030556332657054798,0.006939322431984701,0
2020-01-10,2020-01-09,M2,Wavelet + Within-Scale,-0.01338626583844072,-0.016229038651524204,0.006939322431984701,0
2020-01-10,2020-01-09,M3,Full Cross-Scale Multiscale,-0.014304873102662673,-0.015714461175507538,0.006939322431984701,0
2020-01-13,2020-01-10,M0,Historical Simulation Benchmark,-0.028866992781168353,-0.037175078588888306,-0.0043141670885174,0
2020-01-13,2020-01-10,M1,Heavy-Tail Marginals,-0.022067475769161456,-0.02762656414603305,-0.0043141670885174,0
2020-01-13,2020-01-10,M2,Wavelet + Within-Scale,-0.012205098343045685,-0.0163741535337291,-0.0043141670885174,0
2020-01-13,2020-01-10,M3,Full Cross-Scale Multiscale,-0.013802741553662144,-0.0173230175726114,-0.0043141670885174,0
2020-01-14,2020-01-13,M0,Historical Simulation Benchmark,-0.028866992781168353,-0.037175078588888306,0.017338631156467083,0
2020-01-14,2020-01-13,M1,Heavy-Tail Marginals,-0.023957999367825073,-0.0313702232771479,0.017338631156467083,0
2020-01-14,2020-01-13,M2,Wavelet + Within-Scale,-0.013489817474637065,-0.01632218381806554,0.017338631156467083,0
2020-01-14,2020-01-13,M3,Full Cross-Scale Multiscale,-0.013579187427054369,-0.01603002731267534,0.017338631156467083,0
2020-01-15,2020-01-14,M0,Historical Simulation Benchmark,-0.028866992781168353,-0.037175078588888306,1.1135722875859982e-05,0
2020-01-15,2020-01-14,M1,Heavy-Tail Marginals,-0.023460119715323993,-0.02967553453268639,1.1135722875859982e-05,0
2020-01-15,2020-01-14,M2,Wavelet + Within-Scale,-0.014669433462305542,-0.01733103352508162,1.1135722875859982e-05,0
2020-01-15,2020-01-14,M3,Full Cross-Scale Multiscale,-0.01428010880417945,-0.017207784761851176,1.1135722875859982e-05,0
2020-01-16,2020-01-15,M0,Historical Simulation Benchmark,-0.028866992781168353,-0.037175078588888306,0.0008292718140767204,0
2020-01-16,2020-01-15,M1,Heavy-Tail Marginals,-0.027020778481303322,-0.03259405505153059,0.0008292718140767204,0
2020-01-16,2020-01-15,M2,Wavelet + Within-Scale,-0.013464447809623156,-0.017302352323089458,0.0008292718140767204,0
2020-01-16,2020-01-15,M3,Full Cross-Scale Multiscale,-0.013153909774066384,-0.01607799989399475,0.0008292718140767204,0
2020-01-17,2020-01-16,M0,Historical Simulation Benchmark,-0.028866992781168353,-0.037175078588888306,0.00612953587279292,0
2020-01-17,2020-01-16,M1,Heavy-Tail Marginals,-0.023220622561352988,-0.03060768803933565,0.00612953587279292,0
2020-01-17,2020-01-16,M2,Wavelet + Within-Scale,-0.013171141795753743,-0.015645948900250995,0.00612953587279292,0
2020-01-17,2020-01-16,M3,Full Cross-Scale Multiscale,-0.013576404691813515,-0.01639993643011448,0.00612953587279292,0
2020-01-21,2020-01-17,M0,Historical Simulation Benchmark,-0.028866992781168353,-0.037175078588888306,-0.00499480600150578,0
2020-01-21,2020-01-17,M1,Heavy-Tail Marginals,-0.024612699512900408,-0.030241533195476837,-0.00499480600150578,0
2020-01-21,2020-01-17,M2,Wavelet + Within-Scale,-0.013131376301236054,-0.015117205873000968,-0.00499480600150578,0
2020-01-21,2020-01-17,M3,Full Cross-Scale Multiscale,-0.013152419103972449,-0.015166459088793873,-0.00499480600150578,0
2020-01-22,2020-01-21,M0,Historical Simulation Benchmark,-0.028866992781168353,-0.037175078588888306,-0.0069984625210008,0
2020-01-22,2020-01-21,M1,Heavy-Tail Marginals,-0.02446441946043749,-0.03048739175087427,-0.0069984625210008,0
2020-01-22,2020-01-21,M2,Wavelet + Within-Scale,-0.013436608243259521,-0.016243539641963355,-0.0069984625210008,0
2020-01-22,2020-01-21,M3,Full Cross-Scale Multiscale,-0.013214443918396898,-0.01636234187345157,-0.0069984625210008,0
2020-01-23,2020-01-22,M0,Historical Simulation Benchmark,-0.028866992781168353,-0.037175078588888306,-0.00931909300198856,0
2020-01-23,2020-01-22,M1,Heavy-Tail Marginals,-0.023483972248749357,-0.030884969313793652,-0.00931909300198856,0
2020-01-23,2020-01-22,M2,Wavelet + Within-Scale,-0.01311676771555433,-0.015275316179046334,-0.00931909300198856,0
2020-01-23,2020-01-22,M3,Full Cross-Scale Multiscale,-0.013754667657838834,-0.015652561482306183,-0.00931909300198856,0
2020-01-24,2020-01-23,M0,Historical Simulation Benchmark,-0.028866992781168353,-0.037175078588888306,-0.00296890844969992,0
2020-01-24,2020-01-23,M1,Heavy-Tail Marginals,-0.023515803810631807,-0.029117249735338375,-0.00296890844969992,0
2020-01-24,2020-01-23,M2,Wavelet + Within-Scale,-0.012691684238695888,-0.01608326729334459,-0.00296890844969992,0
2020-01-24,2020-01-23,M3,Full Cross-Scale Multiscale,-0.013861300852647553,-0.01667221648642714,-0.00296890844969992,0
2020-01-27,2020-01-24,M0,Historical Simulation Benchmark,-0.027453146905786135,-0.03561977128735154,0.00432221630666048,0
2020-01-27,2020-01-24,M1,Heavy-Tail Marginals,-0.02128411540514475,-0.026657725249812768,0.00432221630666048,0
2020-01-27,2020-01-24,M2,Wavelet + Within-Scale,-0.008231269710102938,-0.010049612540969529,0.00432221630666048,0
2020-01-27,2020-01-24,M3,Full Cross-Scale Multiscale,-0.008935847865855573,-0.01031758562209827,0.00432221630666048,0
2020-01-28,2020-01-27,M0,Historical Simulation Benchmark,-0.027453146905786135,-0.03561977128735154,0.012131723568588982,0
2020-01-28,2020-01-27,M1,Heavy-Tail Marginals,-0.020529764036836578,-0.02546616234542453,0.012131723568588982,0
2020-01-28,2020-01-27,M2,Wavelet + Within-Scale,-0.008093384179488931,-0.009585705125999272,0.012131723568588982,0
2020-01-28,2020-01-27,M3,Full Cross-Scale Multiscale,-0.008763237119575462,-0.010082595075746477,0.012131723568588982,0
2020-01-29,2020-01-28,M0,Historical Simulation Benchmark,-0.027453146905786135,-0.03561977128735154,-0.00063473794848028,0
2020-01-29,2020-01-28,M1,Heavy-Tail Marginals,-0.02012807049214385,-0.024466565156935422,-0.00063473794848028,0
2020-01-29,2020-01-28,M2,Wavelet + Within-Scale,-0.008176743010322252,-0.009643681536352507,-0.00063473794848028,0
2020-01-29,2020-01-28,M3,Full Cross-Scale Multiscale,-0.009211213384567448,-0.010262823919719579,-0.00063473794848028,0
2020-01-30,2020-01-29,M0,Historical Simulation Benchmark,-0.027453146905786135,-0.03561977128735154,0.0035040627149045046,0
2020-01-30,2020-01-29,M1,Heavy-Tail Marginals,-0.021771772360664965,-0.02575153237059638,0.0035040627149045046,0
2020-01-30,2020-01-29,M2,Wavelet + Within-Scale,-0.008046005306400681,-0.00950151779459391,0.0035040627149045046,0
2020-01-30,2020-01-29,M3,Full Cross-Scale Multiscale,-0.008271104839796636,-0.009984610052506776,0.0035040627149045046,0
2020-01-31,2020-01-30,M0,Historical Simulation Benchmark,-0.027453146905786135,-0.03561977128735154,-0.009248442012064161,0
2020-01-31,2020-01-30,M1,Heavy-Tail Marginals,-0.019230733691561367,-0.022240353245242667,-0.009248442012064161,0
2020-01-31,2020-01-30,M2,Wavelet + Within-Scale,-0.008596528239103325,-0.009747067461581688,-0.009248442012064161,1
2020-01-31,2020-01-30,M3,Full Cross-Scale Multiscale,-0.00871934483693495,-0.010782316482754434,-0.009248442012064161,1
2020-02-03,2020-01-31,M0,Historical Simulation Benchmark,-0.027453146905786135,-0.03561977128735154,-0.00778079852932962,0
2020-02-03,2020-01-31,M1,Heavy-Tail Marginals,-0.020798897381056843,-0.026075880680643555,-0.00778079852932962,0
2020-02-03,2020-01-31,M2,Wavelet + Within-Scale,-0.007818367025343586,-0.009096608658683076,-0.00778079852932962,0
2020-02-03,2020-01-31,M3,Full Cross-Scale Multiscale,-0.008921179359566543,-0.0105043743029365,-0.00778079852932962,0
2020-02-04,2020-02-03,M0,Historical Simulation Benchmark,-0.027453146905786135,-0.03561977128735154,-0.004149593367613639,0
2020-02-04,2020-02-03,M1,Heavy-Tail Marginals,-0.021487655776200196,-0.025523246622382943,-0.004149593367613639,0
2020-02-04,2020-02-03,M2,Wavelet + Within-Scale,-0.00786209914091279,-0.008940602129777705,-0.004149593367613639,0
2020-02-04,2020-02-03,M3,Full Cross-Scale Multiscale,-0.008441455308087651,-0.009920839706587864,-0.004149593367613639,0
2020-02-05,2020-02-04,M0,Historical Simulation Benchmark,-0.027453146905786135,-0.03561977128735154,0.01579932812750552,0
2020-02-05,2020-02-04,M1,Heavy-Tail Marginals,-0.019951758804085163,-0.02488116239072807,0.01579932812750552,0
2020-02-05,2020-02-04,M2,Wavelet + Within-Scale,-0.007639130455336021,-0.009017562042884817,0.01579932812750552,0
2020-02-05,2020-02-04,M3,Full Cross-Scale Multiscale,-0.00907482414518518,-0.01036577768122834,0.01579932812750552,0
2020-02-06,2020-02-05,M0,Historical Simulation Benchmark,-0.027453146905786135,-0.03561977128735154,0.005041601326172641,0
2020-02-06,2020-02-05,M1,Heavy-Tail Marginals,-0.019821335230073064,-0.02460971913593183,0.005041601326172641,0
2020-02-06,2020-02-05,M2,Wavelet + Within-Scale,-0.008416994464730189,-0.009619019060436221,0.005041601326172641,0
2020-02-06,2020-02-05,M3,Full Cross-Scale Multiscale,-0.009374848083725257,-0.010600651422026043,0.005041601326172641,0
2020-02-07,2020-02-06,M0,Historical Simulation Benchmark,-0.027453146905786135,-0.03561977128735154,-0.0012314630010192803,0
2020-02-07,2020-02-06,M1,Heavy-Tail Marginals,-0.02044220806236638,-0.025436975581975618,-0.0012314630010192803,0
2020-02-07,2020-02-06,M2,Wavelet + Within-Scale,-0.008553484313842624,-0.010296417193272693,-0.0012314630010192803,0
2020-02-07,2020-02-06,M3,Full Cross-Scale Multiscale,-0.009084481493587303,-0.010941897104001118,-0.0012314630010192803,0
2020-02-10,2020-02-07,M0,Historical Simulation Benchmark,-0.027453146905786135,-0.03561977128735154,0.0005763761627408806,0
2020-02-10,2020-02-07,M1,Heavy-Tail Marginals,-0.02201881815157607,-0.028024196311556327,0.0005763761627408806,0
2020-02-10,2020-02-07,M2,Wavelet + Within-Scale,-0.008184285418395705,-0.010002064250037314,0.0005763761627408806,0
2020-02-10,2020-02-07,M3,Full Cross-Scale Multiscale,-0.00895756943806014,-0.010365894572069182,0.0005763761627408806,0
2020-02-11,2020-02-10,M0,Historical Simulation Benchmark,-0.027453146905786135,-0.03561977128735154,0.007720428707317021,0
2020-02-11,2020-02-10,M1,Heavy-Tail Marginals,-0.021365065604011062,-0.025981139096119044,0.007720428707317021,0
2020-02-11,2020-02-10,M2,Wavelet + Within-Scale,-0.007641468577973848,-0.009007878675957965,0.007720428707317021,0
2020-02-11,2020-02-10,M3,Full Cross-Scale Multiscale,-0.008917549426817727,-0.010189720415674687,0.007720428707317021,0
2020-02-12,2020-02-11,M0,Historical Simulation Benchmark,-0.027453146905786135,-0.03561977128735154,0.008723150471722441,0
2020-02-12,2020-02-11,M1,Heavy-Tail Marginals,-0.021280485863522863,-0.025632996341072817,0.008723150471722441,0
2020-02-12,2020-02-11,M2,Wavelet + Within-Scale,-0.00753292523173406,-0.009009808718669448,0.008723150471722441,0
2020-02-12,2020-02-11,M3,Full Cross-Scale Multiscale,-0.008386030425744454,-0.009887893797996192,0.008723150471722441,0
2020-02-13,2020-02-12,M0,Historical Simulation Benchmark,-0.027453146905786135,-0.03561977128735154,-0.0005214599145588598,0
2020-02-13,2020-02-12,M1,Heavy-Tail Marginals,-0.019037146769630458,-0.022776926710288286,-0.0005214599145588598,0
2020-02-13,2020-02-12,M2,Wavelet + Within-Scale,-0.00813695351407732,-0.0089169790726907,-0.0005214599145588598,0
2020-02-13,2020-02-12,M3,Full Cross-Scale Multiscale,-0.008550882775548987,-0.009778165537232045,-0.0005214599145588598,0
2020-02-14,2020-02-13,M0,Historical Simulation Benchmark,-0.027453146905786135,-0.03561977128735154,0.005572814675764801,0
2020-02-14,2020-02-13,M1,Heavy-Tail Marginals,-0.02032400871707771,-0.02384458855136167,0.005572814675764801,0
2020-02-14,2020-02-13,M2,Wavelet + Within-Scale,-0.008266362742595817,-0.009730214332148717,0.005572814675764801,0
2020-02-14,2020-02-13,M3,Full Cross-Scale Multiscale,-0.008453050731285605,-0.010230915368833348,0.005572814675764801,0
2020-02-18,2020-02-14,M0,Historical Simulation Benchmark,-0.027453146905786135,-0.03561977128735154,-0.00097796124951092,0
2020-02-18,2020-02-14,M1,Heavy-Tail Marginals,-0.021397273097700384,-0.025646356336351546,-0.00097796124951092,0
2020-02-18,2020-02-14,M2,Wavelet + Within-Scale,-0.008161498054698539,-0.009176239311609527,-0.00097796124951092,0
2020-02-18,2020-02-14,M3,Full Cross-Scale Multiscale,-0.008538542024559661,-0.009672947871798319,-0.00097796124951092,0
2020-02-19,2020-02-18,M0,Historical Simulation Benchmark,-0.027453146905786135,-0.03561977128735154,-0.00405113307328354,0
2020-02-19,2020-02-18,M1,Heavy-Tail Marginals,-0.020666957844102433,-0.02310424173108135,-0.00405113307328354,0
2020-02-19,2020-02-18,M2,Wavelet + Within-Scale,-0.008397501214859387,-0.010087618983386856,-0.00405113307328354,0
2020-02-19,2020-02-18,M3,Full Cross-Scale Multiscale,-0.00809666860370933,-0.009288882384449259,-0.00405113307328354,0
2020-02-20,2020-02-19,M0,Historical Simulation Benchmark,-0.027453146905786135,-0.03561977128735154,0.0018359416480683397,0
2020-02-20,2020-02-19,M1,Heavy-Tail Marginals,-0.02053948885848602,-0.026570100749732966,0.0018359416480683397,0
2020-02-20,2020-02-19,M2,Wavelet + Within-Scale,-0.007969054239527365,-0.009305495194353305,0.0018359416480683397,0
2020-02-20,2020-02-19,M3,Full Cross-Scale Multiscale,-0.00853990610812405,-0.009543560579319897,0.0018359416480683397,0
2020-02-21,2020-02-20,M0,Historical Simulation Benchmark,-0.027453146905786135,-0.03561977128735154,0.0011964918827953998,0
2020-02-21,2020-02-20,M1,Heavy-Tail Marginals,-0.01896286497795225,-0.02306808590117487,0.0011964918827953998,0
2020-02-21,2020-02-20,M2,Wavelet + Within-Scale,-0.008121320477751642,-0.009357124054377382,0.0011964918827953998,0
2020-02-21,2020-02-20,M3,Full Cross-Scale Multiscale,-0.008490350911438259,-0.010258910806515266,0.0011964918827953998,0
2020-02-24,2020-02-21,M0,Historical Simulation Benchmark,-0.027453146905786135,-0.03561977128735154,-0.011827027725437759,0
2020-02-24,2020-02-21,M1,Heavy-Tail Marginals,-0.01958235224735655,-0.022851940011907327,-0.011827027725437759,0
2020-02-24,2020-02-21,M2,Wavelet + Within-Scale,-0.008790764912667701,-0.009877284925725772,-0.011827027725437759,1
2020-02-24,2020-02-21,M3,Full Cross-Scale Multiscale,-0.009430546484177512,-0.010879720152882466,-0.011827027725437759,1
2020-02-25,2020-02-24,M0,Historical Simulation Benchmark,-0.027453146905786135,-0.03561977128735154,-0.02213751722209636,0
2020-02-25,2020-02-24,M1,Heavy-Tail Marginals,-0.020678172815254584,-0.026100488976555154,-0.02213751722209636,1
2020-02-25,2020-02-24,M2,Wavelet + Within-Scale,-0.008448883587413834,-0.00946708683229394,-0.02213751722209636,1
2020-02-25,2020-02-24,M3,Full Cross-Scale Multiscale,-0.008995353450384125,-0.010248785059090406,-0.02213751722209636,1
2020-02-26,2020-02-25,M0,Historical Simulation Benchmark,-0.027453146905786135,-0.03561977128735154,-0.01553007160029,0
2020-02-26,2020-02-25,M1,Heavy-Tail Marginals,-0.024900204162446312,-0.02811361249163833,-0.01553007160029,0
2020-02-26,2020-02-25,M2,Wavelet + Within-Scale,-0.012792294697915105,-0.014349484980835528,-0.01553007160029,1
2020-02-26,2020-02-25,M3,Full Cross-Scale Multiscale,-0.013492782164899764,-0.01559009580807503,-0.01553007160029,1
2020-02-27,2020-02-26,M0,Historical Simulation Benchmark,-0.027453146905786135,-0.03561977128735154,-0.017215154662080918,0
2020-02-27,2020-02-26,M1,Heavy-Tail Marginals,-0.02470879527745615,-0.030402858783791877,-0.017215154662080918,0
2020-02-27,2020-02-26,M2,Wavelet + Within-Scale,-0.012643994410165862,-0.015109952664477035,-0.017215154662080918,1
2020-02-27,2020-02-26,M3,Full Cross-Scale Multiscale,-0.013004014299197056,-0.015657346883466317,-0.017215154662080918,1
2020-02-28,2020-02-27,M0,Historical Simulation Benchmark,-0.027453146905786135,-0.03561977128735154,-0.01547995871923632,0
2020-02-28,2020-02-27,M1,Heavy-Tail Marginals,-0.02655987309306199,-0.03241270494087044,-0.01547995871923632,0
2020-02-28,2020-02-27,M2,Wavelet + Within-Scale,-0.012218633633746024,-0.014214718976759227,-0.01547995871923632,1
2020-02-28,2020-02-27,M3,Full Cross-Scale Multiscale,-0.013201552101017823,-0.015548856512936781,-0.01547995871923632,1
2020-03-02,2020-02-28,M0,Historical Simulation Benchmark,-0.027453146905786135,-0.03561977128735154,0.02364944861987974,0
2020-03-02,2020-02-28,M1,Heavy-Tail Marginals,-0.022829281699436398,-0.0278068139900566,0.02364944861987974,0
2020-03-02,2020-02-28,M2,Wavelet + Within-Scale,-0.013058114056850277,-0.015061487651736224,0.02364944861987974,0
2020-03-02,2020-02-28,M3,Full Cross-Scale Multiscale,-0.01353537851207148,-0.015952155231899124,0.02364944861987974,0
2020-03-03,2020-03-02,M0,Historical Simulation Benchmark,-0.027453146905786135,-0.03561977128735154,0.00022983614299241996,0
2020-03-03,2020-03-02,M1,Heavy-Tail Marginals,-0.023509830095526065,-0.029744393666182367,0.00022983614299241996,0
2020-03-03,2020-03-02,M2,Wavelet + Within-Scale,-0.013557302047025205,-0.016172949161215863,0.00022983614299241996,0
2020-03-03,2020-03-02,M3,Full Cross-Scale Multiscale,-0.013920416705206844,-0.015708739477502755,0.00022983614299241996,0
2020-03-04,2020-03-03,M0,Historical Simulation Benchmark,-0.027453146905786135,-0.03561977128735154,0.006796179006059581,0
2020-03-04,2020-03-03,M1,Heavy-Tail Marginals,-0.025870284260557107,-0.03045557836486243,0.006796179006059581,0
2020-03-04,2020-03-03,M2,Wavelet + Within-Scale,-0.012949722098333852,-0.01509535767489124,0.006796179006059581,0
2020-03-04,2020-03-03,M3,Full Cross-Scale Multiscale,-0.013662155953666044,-0.014945180507895794,0.006796179006059581,0
2020-03-05,2020-03-04,M0,Historical Simulation Benchmark,-0.027453146905786135,-0.03561977128735154,0.0014030670275160815,0
2020-03-05,2020-03-04,M1,Heavy-Tail Marginals,-0.0273892149689313,-0.03200466293720333,0.0014030670275160815,0
2020-03-05,2020-03-04,M2,Wavelet + Within-Scale,-0.012589201924687207,-0.014699758646565864,0.0014030670275160815,0
2020-03-05,2020-03-04,M3,Full Cross-Scale Multiscale,-0.0141977932059004,-0.01644697331706857,0.0014030670275160815,0
2020-03-06,2020-03-05,M0,Historical Simulation Benchmark,-0.027453146905786135,-0.03561977128735154,-0.01948308177623084,0
2020-03-06,2020-03-05,M1,Heavy-Tail Marginals,-0.0235256274921743,-0.030461394579611202,-0.01948308177623084,0
2020-03-06,2020-03-05,M2,Wavelet + Within-Scale,-0.012840981953437577,-0.014244114175930443,-0.01948308177623084,1
2020-03-06,2020-03-05,M3,Full Cross-Scale Multiscale,-0.014263851816198617,-0.016078206762161644,-0.01948308177623084,1
2020-03-09,2020-03-06,M0,Historical Simulation Benchmark,-0.027453146905786135,-0.03561977128735154,-0.1007044863856322,1
2020-03-09,2020-03-06,M1,Heavy-Tail Marginals,-0.024665668117933023,-0.030468968282587394,-0.1007044863856322,1
2020-03-09,2020-03-06,M2,Wavelet + Within-Scale,-0.012878416710668899,-0.015018891461505413,-0.1007044863856322,1
2020-03-09,2020-03-06,M3,Full Cross-Scale Multiscale,-0.013695414945912211,-0.016875272414751792,-0.1007044863856322,1
2020-03-10,2020-03-09,M0,Historical Simulation Benchmark,-0.027453146905786135,-0.03561977128735154,0.02271709640965834,0
2020-03-10,2020-03-09,M1,Heavy-Tail Marginals,-0.02334511479519895,-0.0298142420138947,0.02271709640965834,0
2020-03-10,2020-03-09,M2,Wavelet + Within-Scale,-0.012583852503975111,-0.014501064482575543,0.02271709640965834,0
2020-03-10,2020-03-09,M3,Full Cross-Scale Multiscale,-0.013839944797290227,-0.016561345693404117,0.02271709640965834,0
2020-03-11,2020-03-10,M0,Historical Simulation Benchmark,-0.027453146905786135,-0.03561977128735154,-0.021135437957156982,0
2020-03-11,2020-03-10,M1,Heavy-Tail Marginals,-0.02494141176760831,-0.0310319149913987,-0.021135437957156982,0
2020-03-11,2020-03-10,M2,Wavelet + Within-Scale,-0.012729720796001166,-0.014623023142461814,-0.021135437957156982,1
2020-03-11,2020-03-10,M3,Full Cross-Scale Multiscale,-0.013518586620420239,-0.01599655940524974,-0.021135437957156982,1
2020-03-12,2020-03-11,M0,Historical Simulation Benchmark,-0.027453146905786135,-0.03561977128735154,-0.13297224291096008,1
2020-03-12,2020-03-11,M1,Heavy-Tail Marginals,-0.025582017564157376,-0.030132623387943418,-0.13297224291096008,1
2020-03-12,2020-03-11,M2,Wavelet + Within-Scale,-0.012213644279823502,-0.014004550586016759,-0.13297224291096008,1
2020-03-12,2020-03-11,M3,Full Cross-Scale Multiscale,-0.013167678854315659,-0.015264651710366391,-0.13297224291096008,1
2020-03-13,2020-03-12,M0,Historical Simulation Benchmark,-0.027453146905786135,-0.03561977128735154,0.0438850053241468,0
2020-03-13,2020-03-12,M1,Heavy-Tail Marginals,-0.024929913468105667,-0.031586240264628716,0.0438850053241468,0
2020-03-13,2020-03-12,M2,Wavelet + Within-Scale,-0.01268768320717401,-0.015058823385760828,0.0438850053241468,0
2020-03-13,2020-03-12,M3,Full Cross-Scale Multiscale,-0.01447371855279005,-0.01649638528606468,0.0438850053241468,0
2020-03-16,2020-03-13,M0,Historical Simulation Benchmark,-0.027453146905786135,-0.03561977128735154,-0.06907613413405182,1
2020-03-16,2020-03-13,M1,Heavy-Tail Marginals,-0.026167816165486482,-0.03334466988410105,-0.06907613413405182,1
2020-03-16,2020-03-13,M2,Wavelet + Within-Scale,-0.012548019224539618,-0.01539248635489728,-0.06907613413405182,1
2020-03-16,2020-03-13,M3,Full Cross-Scale Multiscale,-0.014039493256608693,-0.016375250168767022,-0.06907613413405182,1
2020-03-17,2020-03-16,M0,Historical Simulation Benchmark,-0.027453146905786135,-0.03561977128735154,0.00481263852852928,0
2020-03-17,2020-03-16,M1,Heavy-Tail Marginals,-0.027185583726904706,-0.03304659817480074,0.00481263852852928,0
2020-03-17,2020-03-16,M2,Wavelet + Within-Scale,-0.012801910001889119,-0.015444835216144528,0.00481263852852928,0
2020-03-17,2020-03-16,M3,Full Cross-Scale Multiscale,-0.014010545610921413,-0.016033739261845904,0.00481263852852928,0
2020-03-18,2020-03-17,M0,Historical Simulation Benchmark,-0.027453146905786135,-0.03561977128735154,-0.05522881050593442,1
2020-03-18,2020-03-17,M1,Heavy-Tail Marginals,-0.024627198416391785,-0.03094545627992429,-0.05522881050593442,1
2020-03-18,2020-03-17,M2,Wavelet + Within-Scale,-0.012845781619498267,-0.015362693842153935,-0.05522881050593442,1
2020-03-18,2020-03-17,M3,Full Cross-Scale Multiscale,-0.013414496637083892,-0.01613711821715788,-0.05522881050593442,1
2020-03-19,2020-03-18,M0,Historical Simulation Benchmark,-0.027453146905786135,-0.03561977128735154,0.05691142579396081,0
2020-03-19,2020-03-18,M1,Heavy-Tail Marginals,-0.02762541498906181,-0.030905806204040924,0.05691142579396081,0
2020-03-19,2020-03-18,M2,Wavelet + Within-Scale,-0.013404550495928957,-0.015354829406775777,0.05691142579396081,0
2020-03-19,2020-03-18,M3,Full Cross-Scale Multiscale,-0.013760272943206205,-0.015972465158253894,0.05691142579396081,0
2020-03-20,2020-03-19,M0,Historical Simulation Benchmark,-0.027453146905786135,-0.03561977128735154,-0.017249118177272805,0
2020-03-20,2020-03-19,M1,Heavy-Tail Marginals,-0.026230026482890023,-0.03193026694742351,-0.017249118177272805,0
2020-03-20,2020-03-19,M2,Wavelet + Within-Scale,-0.013736241930007451,-0.0155271716106989,-0.017249118177272805,1
2020-03-20,2020-03-19,M3,Full Cross-Scale Multiscale,-0.013874248935192962,-0.016227430435365772,-0.017249118177272805,1
2020-03-23,2020-03-20,M0,Historical Simulation Benchmark,-0.027453146905786135,-0.03561977128735154,0.010273487120943661,0
2020-03-23,2020-03-20,M1,Heavy-Tail Marginals,-0.025163765590875162,-0.030940584720892304,0.010273487120943661,0
2020-03-23,2020-03-20,M2,Wavelet + Within-Scale,-0.013069532437115675,-0.015064742865908276,0.010273487120943661,0
2020-03-23,2020-03-20,M3,Full Cross-Scale Multiscale,-0.013912062918150725,-0.016478464926742938,0.010273487120943661,0
2020-03-24,2020-03-23,M0,Historical Simulation Benchmark,-0.027453146905786135,-0.03561977128735154,0.03920490461666172,0
2020-03-24,2020-03-23,M1,Heavy-Tail Marginals,-0.024569794931511128,-0.029260763205841107,0.03920490461666172,0
2020-03-24,2020-03-23,M2,Wavelet + Within-Scale,-0.012862520406363652,-0.015220605027902012,0.03920490461666172,0
2020-03-24,2020-03-23,M3,Full Cross-Scale Multiscale,-0.014424151556679313,-0.016659991363145114,0.03920490461666172,0
2020-03-25,2020-03-24,M0,Historical Simulation Benchmark,-0.027453146905786135,-0.03561977128735154,0.0027058522201901993,0
2020-03-25,2020-03-24,M1,Heavy-Tail Marginals,-0.027251385862966614,-0.032796956162444546,0.0027058522201901993,0
2020-03-25,2020-03-24,M2,Wavelet + Within-Scale,-0.012783066335367473,-0.01531312788237714,0.0027058522201901993,0
2020-03-25,2020-03-24,M3,Full Cross-Scale Multiscale,-0.013890725033332739,-0.01671718195453481,0.0027058522201901993,0
2020-03-26,2020-03-25,M0,Historical Simulation Benchmark,-0.029260303827206405,-0.059830466574694305,0.00534461933718074,0
2020-03-26,2020-03-25,M1,Heavy-Tail Marginals,-0.08502595519798942,-0.10859309264927323,0.00534461933718074,0
2020-03-26,2020-03-25,M2,Wavelet + Within-Scale,-0.03139507233828665,-0.03743742275723931,0.00534461933718074,0
2020-03-26,2020-03-25,M3,Full Cross-Scale Multiscale,-0.0375011319687069,-0.04199235294538069,0.00534461933718074,0
2020-03-27,2020-03-26,M0,Historical Simulation Benchmark,-0.029260303827206405,-0.059830466574694305,-0.0288413509017526,0
2020-03-27,2020-03-26,M1,Heavy-Tail Marginals,-0.07326828026835362,-0.09424817423045348,-0.0288413509017526,0
2020-03-27,2020-03-26,M2,Wavelet + Within-Scale,-0.03473815047241427,-0.038417101826215896,-0.0288413509017526,0
2020-03-27,2020-03-26,M3,Full Cross-Scale Multiscale,-0.03439271946117552,-0.04065366930045351,-0.0288413509017526,0
2020-03-30,2020-03-27,M0,Historical Simulation Benchmark,-0.029260303827206405,-0.059830466574694305,-0.004543818173606721,0
2020-03-30,2020-03-27,M1,Heavy-Tail Marginals,-0.0766511426299529,-0.10023837308107911,-0.004543818173606721,0
2020-03-30,2020-03-27,M2,Wavelet + Within-Scale,-0.033089274700866825,-0.037810929392833356,-0.004543818173606721,0
2020-03-30,2020-03-27,M3,Full Cross-Scale Multiscale,-0.03338235618964031,-0.03904512301430329,-0.004543818173606721,0
2020-03-31,2020-03-30,M0,Historical Simulation Benchmark,-0.029260303827206405,-0.059830466574694305,-0.00978825841795946,0
2020-03-31,2020-03-30,M1,Heavy-Tail Marginals,-0.07667469614267483,-0.10175746205384732,-0.00978825841795946,0
2020-03-31,2020-03-30,M2,Wavelet + Within-Scale,-0.034062263947477266,-0.03877040888345218,-0.00978825841795946,0
2020-03-31,2020-03-30,M3,Full Cross-Scale Multiscale,-0.03542910834630559,-0.041202236855776404,-0.00978825841795946,0
2020-04-01,2020-03-31,M0,Historical Simulation Benchmark,-0.029260303827206405,-0.059830466574694305,0.006557921568401379,0
2020-04-01,2020-03-31,M1,Heavy-Tail Marginals,-0.08165264985998134,-0.09828716792321393,0.006557921568401379,0
2020-04-01,2020-03-31,M2,Wavelet + Within-Scale,-0.03207427461388008,-0.03660549697219316,0.006557921568401379,0
2020-04-01,2020-03-31,M3,Full Cross-Scale Multiscale,-0.03604299147615441,-0.04043366809408232,0.006557921568401379,0
2020-04-02,2020-04-01,M0,Historical Simulation Benchmark,-0.029260303827206405,-0.059830466574694305,0.0442555132181026,0
2020-04-02,2020-04-01,M1,Heavy-Tail Marginals,-0.0792701120446119,-0.10249014634372675,0.0442555132181026,0
2020-04-02,2020-04-01,M2,Wavelet + Within-Scale,-0.0333312709224829,-0.03991803893173067,0.0442555132181026,0
2020-04-02,2020-04-01,M3,Full Cross-Scale Multiscale,-0.032835399497655036,-0.03909618021003424,0.0442555132181026,0
2020-04-03,2020-04-02,M0,Historical Simulation Benchmark,-0.029260303827206405,-0.059830466574694305,0.02519008946296786,0
2020-04-03,2020-04-02,M1,Heavy-Tail Marginals,-0.079417335628877,-0.10783274769019147,0.02519008946296786,0
2020-04-03,2020-04-02,M2,Wavelet + Within-Scale,-0.03353677282189988,-0.035939196061156066,0.02519008946296786,0
2020-04-03,2020-04-02,M3,Full Cross-Scale Multiscale,-0.033073410861907765,-0.04104608693136305,0.02519008946296786,0
2020-04-06,2020-04-03,M0,Historical Simulation Benchmark,-0.029260303827206405,-0.059830466574694305,0.01817914056950156,0
2020-04-06,2020-04-03,M1,Heavy-Tail Marginals,-0.07391599623341773,-0.08884888962627954,0.01817914056950156,0
2020-04-06,2020-04-03,M2,Wavelet + Within-Scale,-0.03322171285101621,-0.0390440095548978,0.01817914056950156,0
2020-04-06,2020-04-03,M3,Full Cross-Scale Multiscale,-0.035243678879457715,-0.03894130840617248,0.01817914056950156,0
2020-04-07,2020-04-06,M0,Historical Simulation Benchmark,-0.029260303827206405,-0.059830466574694305,-0.019167379504856905,0
2020-04-07,2020-04-06,M1,Heavy-Tail Marginals,-0.07450110966267555,-0.09898595198744861,-0.019167379504856905,0
2020-04-07,2020-04-06,M2,Wavelet + Within-Scale,-0.03058821420612322,-0.036118087742367244,-0.019167379504856905,0
2020-04-07,2020-04-06,M3,Full Cross-Scale Multiscale,-0.03344494027600403,-0.04009480118472621,-0.019167379504856905,0
2020-04-08,2020-04-07,M0,Historical Simulation Benchmark,-0.029260303827206405,-0.059830466574694305,0.019622339918677803,0
2020-04-08,2020-04-07,M1,Heavy-Tail Marginals,-0.07900387700797049,-0.11050660613447087,0.019622339918677803,0
2020-04-08,2020-04-07,M2,Wavelet + Within-Scale,-0.03380703482971246,-0.03867007823263198,0.019622339918677803,0
2020-04-08,2020-04-07,M3,Full Cross-Scale Multiscale,-0.034974286540827335,-0.04187565664988848,0.019622339918677803,0
2020-04-09,2020-04-08,M0,Historical Simulation Benchmark,-0.029260303827206405,-0.059830466574694305,-0.007345840859521861,0
2020-04-09,2020-04-08,M1,Heavy-Tail Marginals,-0.07756603507428399,-0.09492670745136658,-0.007345840859521861,0
2020-04-09,2020-04-08,M2,Wavelet + Within-Scale,-0.03466793153895602,-0.04099189169496602,-0.007345840859521861,0
2020-04-09,2020-04-08,M3,Full Cross-Scale Multiscale,-0.036618994481834095,-0.0420554627071907,-0.007345840859521861,0
2020-04-13,2020-04-09,M0,Historical Simulation Benchmark,-0.029260303827206405,-0.059830466574694305,-0.01381121490659168,0
2020-04-13,2020-04-09,M1,Heavy-Tail Marginals,-0.08903460757950321,-0.110832375493916,-0.01381121490659168,0
2020-04-13,2020-04-09,M2,Wavelet + Within-Scale,-0.03136799271018176,-0.03816847889400689,-0.01381121490659168,0
2020-04-13,2020-04-09,M3,Full Cross-Scale Multiscale,-0.03290753026805363,-0.03873895556894434,-0.01381121490659168,0
2020-04-14,2020-04-13,M0,Historical Simulation Benchmark,-0.029260303827206405,-0.059830466574694305,-0.0036954192942439414,0
2020-04-14,2020-04-13,M1,Heavy-Tail Marginals,-0.07285412121188496,-0.09989023555664775,-0.0036954192942439414,0
2020-04-14,2020-04-13,M2,Wavelet + Within-Scale,-0.03183459642639419,-0.037492326502474305,-0.0036954192942439414,0
2020-04-14,2020-04-13,M3,Full Cross-Scale Multiscale,-0.03321637069418884,-0.03692171147888747,-0.0036954192942439414,0
2020-04-15,2020-04-14,M0,Historical Simulation Benchmark,-0.029260303827206405,-0.059830466574694305,-0.01960486903099642,0
2020-04-15,2020-04-14,M1,Heavy-Tail Marginals,-0.06886435760927667,-0.08822258625242327,-0.01960486903099642,0
2020-04-15,2020-04-14,M2,Wavelet + Within-Scale,-0.033473662763933966,-0.039811905804766394,-0.01960486903099642,0
2020-04-15,2020-04-14,M3,Full Cross-Scale Multiscale,-0.033846044103859586,-0.04004485176810993,-0.01960486903099642,0
2020-04-16,2020-04-15,M0,Historical Simulation Benchmark,-0.029260303827206405,-0.059830466574694305,0.01162295252871518,0
2020-04-16,2020-04-15,M1,Heavy-Tail Marginals,-0.07268879118852138,-0.09369317487891257,0.01162295252871518,0
2020-04-16,2020-04-15,M2,Wavelet + Within-Scale,-0.032283423704613845,-0.03679668408181368,0.01162295252871518,0
2020-04-16,2020-04-15,M3,Full Cross-Scale Multiscale,-0.03232720996055057,-0.038321651323897324,0.01162295252871518,0
2020-04-17,2020-04-16,M0,Historical Simulation Benchmark,-0.029260303827206405,-0.059830466574694305,-0.006697454542163761,0
2020-04-17,2020-04-16,M1,Heavy-Tail Marginals,-0.07328319865922577,-0.09763330760613737,-0.006697454542163761,0
2020-04-17,2020-04-16,M2,Wavelet + Within-Scale,-0.03349796171154799,-0.0388559526471426,-0.006697454542163761,0
2020-04-17,2020-04-16,M3,Full Cross-Scale Multiscale,-0.032569087628658344,-0.03990945869040259,-0.006697454542163761,0
2020-04-20,2020-04-17,M0,Historical Simulation Benchmark,-0.029260303827206405,-0.059830466574694305,-0.030881999464217002,1
2020-04-20,2020-04-17,M1,Heavy-Tail Marginals,-0.08010731984564799,-0.1096157918581536,-0.030881999464217002,0
2020-04-20,2020-04-17,M2,Wavelet + Within-Scale,-0.03213985100195299,-0.03517714149279326,-0.030881999464217002,0
2020-04-20,2020-04-17,M3,Full Cross-Scale Multiscale,-0.03377000903651808,-0.0388415926493403,-0.030881999464217002,0
2020-04-21,2020-04-20,M0,Historical Simulation Benchmark,-0.029260303827206405,-0.059830466574694305,-0.06474210904405144,1
2020-04-21,2020-04-20,M1,Heavy-Tail Marginals,-0.07981285497867396,-0.09653296459946176,-0.06474210904405144,0
2020-04-21,2020-04-20,M2,Wavelet + Within-Scale,-0.03305380972354239,-0.038707106527395466,-0.06474210904405144,1
2020-04-21,2020-04-20,M3,Full Cross-Scale Multiscale,-0.03647534238357036,-0.04310374120795811,-0.06474210904405144,1
2020-04-22,2020-04-21,M0,Historical Simulation Benchmark,-0.029260303827206405,-0.059830466574694305,-0.00814582941691984,0
2020-04-22,2020-04-21,M1,Heavy-Tail Marginals,-0.0811126168791735,-0.10181175278836305,-0.00814582941691984,0
2020-04-22,2020-04-21,M2,Wavelet + Within-Scale,-0.03208863848251159,-0.036698847265592305,-0.00814582941691984,0
2020-04-22,2020-04-21,M3,Full Cross-Scale Multiscale,-0.033625218734981706,-0.03968294210834456,-0.00814582941691984,0
2020-04-23,2020-04-22,M0,Historical Simulation Benchmark,-0.029260303827206405,-0.059830466574694305,0.020791738646582444,0
2020-04-23,2020-04-22,M1,Heavy-Tail Marginals,-0.0788890675567421,-0.10140721690976955,0.020791738646582444,0
2020-04-23,2020-04-22,M2,Wavelet + Within-Scale,-0.0333524520890056,-0.0384051046749517,0.020791738646582444,0
2020-04-23,2020-04-22,M3,Full Cross-Scale Multiscale,-0.03476666781521353,-0.04082080394818769,0.020791738646582444,0
2020-04-24,2020-04-23,M0,Historical Simulation Benchmark,-0.029260303827206405,-0.059830466574694305,-0.00018026726451139934,0
2020-04-24,2020-04-23,M1,Heavy-Tail Marginals,-0.08334428698668712,-0.09787566122299406,-0.00018026726451139934,0
2020-04-24,2020-04-23,M2,Wavelet + Within-Scale,-0.031008936334314095,-0.036383036853203835,-0.00018026726451139934,0
2020-04-24,2020-04-23,M3,Full Cross-Scale Multiscale,-0.03327256157897166,-0.03924161439648162,-0.00018026726451139934,0
2020-04-27,2020-04-24,M0,Historical Simulation Benchmark,-0.030917540477073242,-0.06328334432163525,-0.025158996328151523,0
2020-04-27,2020-04-24,M1,Heavy-Tail Marginals,-0.06299188522899583,-0.08246543429566064,-0.025158996328151523,0
2020-04-27,2020-04-24,M2,Wavelet + Within-Scale,-0.03363220437220691,-0.037642415896536524,-0.025158996328151523,0
2020-04-27,2020-04-24,M3,Full Cross-Scale Multiscale,-0.03814942734024744,-0.04253341765928678,-0.025158996328151523,0
2020-04-28,2020-04-27,M0,Historical Simulation Benchmark,-0.030917540477073242,-0.06328334432163525,-0.006206544724414281,0
2020-04-28,2020-04-27,M1,Heavy-Tail Marginals,-0.07232640244828292,-0.09578582366142442,-0.006206544724414281,0
2020-04-28,2020-04-27,M2,Wavelet + Within-Scale,-0.03165305319792061,-0.03570114209511806,-0.006206544724414281,0
2020-04-28,2020-04-27,M3,Full Cross-Scale Multiscale,-0.036119110433115456,-0.04089052182189851,-0.006206544724414281,0
2020-04-29,2020-04-28,M0,Historical Simulation Benchmark,-0.030917540477073242,-0.06328334432163525,0.04110343702898912,0
2020-04-29,2020-04-28,M1,Heavy-Tail Marginals,-0.06286281212669252,-0.07304233222969087,0.04110343702898912,0
2020-04-29,2020-04-28,M2,Wavelet + Within-Scale,-0.033311864180235816,-0.037877876467881724,0.04110343702898912,0
2020-04-29,2020-04-28,M3,Full Cross-Scale Multiscale,-0.0339224255880016,-0.039606030861242696,0.04110343702898912,0
2020-04-30,2020-04-29,M0,Historical Simulation Benchmark,-0.030917540477073242,-0.06328334432163525,0.00280473579221008,0
2020-04-30,2020-04-29,M1,Heavy-Tail Marginals,-0.06925184364521678,-0.08513937906203538,0.00280473579221008,0
2020-04-30,2020-04-29,M2,Wavelet + Within-Scale,-0.03527502857415507,-0.04042132520951672,0.00280473579221008,0
2020-04-30,2020-04-29,M3,Full Cross-Scale Multiscale,-0.03627617177148209,-0.04204995110103206,0.00280473579221008,0
2020-05-01,2020-04-30,M0,Historical Simulation Benchmark,-0.030917540477073242,-0.06328334432163525,-0.001890314586597201,0
2020-05-01,2020-04-30,M1,Heavy-Tail Marginals,-0.06671671566932641,-0.08228870606763855,-0.001890314586597201,0
2020-05-01,2020-04-30,M2,Wavelet + Within-Scale,-0.03626066873954249,-0.03953345955991511,-0.001890314586597201,0
2020-05-01,2020-04-30,M3,Full Cross-Scale Multiscale,-0.03551618450448416,-0.040145289516123374,-0.001890314586597201,0
2020-05-04,2020-05-01,M0,Historical Simulation Benchmark,-0.030917540477073242,-0.06328334432163525,0.010771259713954262,0
2020-05-04,2020-05-01,M1,Heavy-Tail Marginals,-0.06708697443905308,-0.09415690800167684,0.010771259713954262,0
2020-05-04,2020-05-01,M2,Wavelet + Within-Scale,-0.03533787842796845,-0.042781762696110545,0.010771259713954262,0
2020-05-04,2020-05-01,M3,Full Cross-Scale Multiscale,-0.037872138022099426,-0.043554017948118876,0.010771259713954262,0
2020-05-05,2020-05-04,M0,Historical Simulation Benchmark,-0.030917540477073242,-0.06328334432163525,0.022441277272083716,0
2020-05-05,2020-05-04,M1,Heavy-Tail Marginals,-0.06555269069858849,-0.0849701513827583,0.022441277272083716,0
2020-05-05,2020-05-04,M2,Wavelet + Within-Scale,-0.034057188810202976,-0.042971705917016004,0.022441277272083716,0
2020-05-05,2020-05-04,M3,Full Cross-Scale Multiscale,-0.03525721232485678,-0.04318568940609589,0.022441277272083716,0
2020-05-06,2020-05-05,M0,Historical Simulation Benchmark,-0.030917540477073242,-0.06328334432163525,-0.00510539004554632,0
2020-05-06,2020-05-05,M1,Heavy-Tail Marginals,-0.0729443767816562,-0.0939937782986519,-0.00510539004554632,0
2020-05-06,2020-05-05,M2,Wavelet + Within-Scale,-0.03418360153269476,-0.042185346316583695,-0.00510539004554632,0
2020-05-06,2020-05-05,M3,Full Cross-Scale Multiscale,-0.0345595245348965,-0.04282888099631873,-0.00510539004554632,0
2020-05-07,2020-05-06,M0,Historical Simulation Benchmark,-0.030917540477073242,-0.06328334432163525,0.017199571611942903,0
2020-05-07,2020-05-06,M1,Heavy-Tail Marginals,-0.07200493050828662,-0.09861500035687576,0.017199571611942903,0
2020-05-07,2020-05-06,M2,Wavelet + Within-Scale,-0.03540865612505018,-0.03879309490324339,0.017199571611942903,0
2020-05-07,2020-05-06,M3,Full Cross-Scale Multiscale,-0.03446000453156569,-0.040164046880942286,0.017199571611942903,0
2020-05-08,2020-05-07,M0,Historical Simulation Benchmark,-0.030917540477073242,-0.06328334432163525,0.008758822722909843,0
2020-05-08,2020-05-07,M1,Heavy-Tail Marginals,-0.06553344537547538,-0.07874358358932951,0.008758822722909843,0
2020-05-08,2020-05-07,M2,Wavelet + Within-Scale,-0.03463731957162943,-0.03882263448476548,0.008758822722909843,0
2020-05-08,2020-05-07,M3,Full Cross-Scale Multiscale,-0.03471006118665243,-0.04010821898373608,0.008758822722909843,0
2020-05-11,2020-05-08,M0,Historical Simulation Benchmark,-0.030917540477073242,-0.06328334432163525,-0.03153536841967828,1
2020-05-11,2020-05-08,M1,Heavy-Tail Marginals,-0.06518477969162542,-0.08220208922449913,-0.03153536841967828,0
2020-05-11,2020-05-08,M2,Wavelet + Within-Scale,-0.03496750262506193,-0.040216259337915033,-0.03153536841967828,0
2020-05-11,2020-05-08,M3,Full Cross-Scale Multiscale,-0.03716120002343442,-0.04334002582283238,-0.03153536841967828,0
2020-05-12,2020-05-11,M0,Historical Simulation Benchmark,-0.030917540477073242,-0.06328334432163525,0.00016828555275349988,0
2020-05-12,2020-05-11,M1,Heavy-Tail Marginals,-0.061488017303568614,-0.08299452866338777,0.00016828555275349988,0
2020-05-12,2020-05-11,M2,Wavelet + Within-Scale,-0.033680366836743796,-0.03961122312628593,0.00016828555275349988,0
2020-05-12,2020-05-11,M3,Full Cross-Scale Multiscale,-0.03451634169319819,-0.042207565239732216,0.00016828555275349988,0
2020-05-13,2020-05-12,M0,Historical Simulation Benchmark,-0.030917540477073242,-0.06328334432163525,0.005501177746693782,0
2020-05-13,2020-05-12,M1,Heavy-Tail Marginals,-0.06869226777837296,-0.09486159255923157,0.005501177746693782,0
2020-05-13,2020-05-12,M2,Wavelet + Within-Scale,-0.035343950040568145,-0.04127227249520065,0.005501177746693782,0
2020-05-13,2020-05-12,M3,Full Cross-Scale Multiscale,-0.034550053561839295,-0.04012334848780526,0.005501177746693782,0
2020-05-14,2020-05-13,M0,Historical Simulation Benchmark,-0.030917540477073242,-0.06328334432163525,0.02230276890371154,0
2020-05-14,2020-05-13,M1,Heavy-Tail Marginals,-0.07412163518935823,-0.09923860855367683,0.02230276890371154,0
2020-05-14,2020-05-13,M2,Wavelet + Within-Scale,-0.034536324488337634,-0.03974313084253399,0.02230276890371154,0
2020-05-14,2020-05-13,M3,Full Cross-Scale Multiscale,-0.0356544050212833,-0.042029532157729595,0.02230276890371154,0
2020-05-15,2020-05-14,M0,Historical Simulation Benchmark,-0.030917540477073242,-0.06328334432163525,0.0019787252526208814,0
2020-05-15,2020-05-14,M1,Heavy-Tail Marginals,-0.06259208459547135,-0.0953440295437238,0.0019787252526208814,0
2020-05-15,2020-05-14,M2,Wavelet + Within-Scale,-0.035197714872549725,-0.04107277958374231,0.0019787252526208814,0
2020-05-15,2020-05-14,M3,Full Cross-Scale Multiscale,-0.034993728817490036,-0.04027093408698109,0.0019787252526208814,0
2020-05-18,2020-05-15,M0,Historical Simulation Benchmark,-0.030917540477073242,-0.06328334432163525,0.02806719032884728,0
2020-05-18,2020-05-15,M1,Heavy-Tail Marginals,-0.0715288844489887,-0.0965129747067193,0.02806719032884728,0
2020-05-18,2020-05-15,M2,Wavelet + Within-Scale,-0.032129676828302214,-0.0386544871298522,0.02806719032884728,0
2020-05-18,2020-05-15,M3,Full Cross-Scale Multiscale,-0.036010306643899016,-0.04084070784811128,0.02806719032884728,0
2020-05-19,2020-05-18,M0,Historical Simulation Benchmark,-0.030917540477073242,-0.06328334432163525,0.0015336319693445397,0
2020-05-19,2020-05-18,M1,Heavy-Tail Marginals,-0.06572865764374552,-0.09148481528964741,0.0015336319693445397,0
2020-05-19,2020-05-18,M2,Wavelet + Within-Scale,-0.03540831235781552,-0.04104809369817887,0.0015336319693445397,0
2020-05-19,2020-05-18,M3,Full Cross-Scale Multiscale,-0.036082480516824535,-0.04320484450878144,0.0015336319693445397,0
2020-05-20,2020-05-19,M0,Historical Simulation Benchmark,-0.030917540477073242,-0.06328334432163525,0.006843950381449,0
2020-05-20,2020-05-19,M1,Heavy-Tail Marginals,-0.06828271409962443,-0.09066517770188914,0.006843950381449,0
2020-05-20,2020-05-19,M2,Wavelet + Within-Scale,-0.03336657014088645,-0.039107749896448184,0.006843950381449,0
2020-05-20,2020-05-19,M3,Full Cross-Scale Multiscale,-0.034432723886847594,-0.04032266754205734,0.006843950381449,0
2020-05-21,2020-05-20,M0,Historical Simulation Benchmark,-0.030917540477073242,-0.06328334432163525,-0.0039732728980591,0
2020-05-21,2020-05-20,M1,Heavy-Tail Marginals,-0.06371307602866604,-0.08617664835989207,-0.0039732728980591,0
2020-05-21,2020-05-20,M2,Wavelet + Within-Scale,-0.03242059356212631,-0.03796839588280005,-0.0039732728980591,0
2020-05-21,2020-05-20,M3,Full Cross-Scale Multiscale,-0.03389179935552473,-0.040986402154838036,-0.0039732728980591,0
2020-05-22,2020-05-21,M0,Historical Simulation Benchmark,-0.030917540477073242,-0.06328334432163525,-0.003753270272257,0
2020-05-22,2020-05-21,M1,Heavy-Tail Marginals,-0.06573606184819276,-0.08287161396274886,-0.003753270272257,0
2020-05-22,2020-05-21,M2,Wavelet + Within-Scale,-0.03578553007725098,-0.04106617771616966,-0.003753270272257,0
2020-05-22,2020-05-21,M3,Full Cross-Scale Multiscale,-0.037168968070488466,-0.04159427420745225,-0.003753270272257,0
2020-05-26,2020-05-22,M0,Historical Simulation Benchmark,-0.030917540477073242,-0.06328334432163525,-0.00795359340377402,0
2020-05-26,2020-05-22,M1,Heavy-Tail Marginals,-0.06467313502821845,-0.0923871068024818,-0.00795359340377402,0
2020-05-26,2020-05-22,M2,Wavelet + Within-Scale,-0.03239828201870015,-0.03932918030670099,-0.00795359340377402,0
2020-05-26,2020-05-22,M3,Full Cross-Scale Multiscale,-0.036314870007551965,-0.03949744033053117,-0.00795359340377402,0
2020-05-27,2020-05-26,M0,Historical Simulation Benchmark,-0.031564375742979905,-0.06328334432163525,0.005949201917934761,0
2020-05-27,2020-05-26,M1,Heavy-Tail Marginals,-0.040621351144838676,-0.04888376097409457,0.005949201917934761,0
2020-05-27,2020-05-26,M2,Wavelet + Within-Scale,-0.014925790905586964,-0.01772408502675435,0.005949201917934761,0
2020-05-27,2020-05-26,M3,Full Cross-Scale Multiscale,-0.01521460541649254,-0.017263106373268916,0.005949201917934761,0
2020-05-28,2020-05-27,M0,Historical Simulation Benchmark,-0.031564375742979905,-0.06328334432163525,0.007730762723299641,0
2020-05-28,2020-05-27,M1,Heavy-Tail Marginals,-0.034635372273323056,-0.04622027462602962,0.007730762723299641,0
2020-05-28,2020-05-27,M2,Wavelet + Within-Scale,-0.015661996475885065,-0.01797959151776195,0.007730762723299641,0
2020-05-28,2020-05-27,M3,Full Cross-Scale Multiscale,-0.015996385691777144,-0.01848614469673881,0.007730762723299641,0
2020-05-29,2020-05-28,M0,Historical Simulation Benchmark,-0.031564375742979905,-0.06328334432163525,0.0078480185516514,0
2020-05-29,2020-05-28,M1,Heavy-Tail Marginals,-0.03551596537863378,-0.04440979656605935,0.0078480185516514,0
2020-05-29,2020-05-28,M2,Wavelet + Within-Scale,-0.014342926779503782,-0.017205001526714853,0.0078480185516514,0
2020-05-29,2020-05-28,M3,Full Cross-Scale Multiscale,-0.015230774470280057,-0.017327304965898883,0.0078480185516514,0
2020-06-01,2020-05-29,M0,Historical Simulation Benchmark,-0.031564375742979905,-0.06328334432163525,0.01911915389224668,0
2020-06-01,2020-05-29,M1,Heavy-Tail Marginals,-0.03641206396479099,-0.047661533001529664,0.01911915389224668,0
2020-06-01,2020-05-29,M2,Wavelet + Within-Scale,-0.015965924753322102,-0.017871769541858467,0.01911915389224668,0
2020-06-01,2020-05-29,M3,Full Cross-Scale Multiscale,-0.01476495662210886,-0.016702807127280617,0.01911915389224668,0
2020-06-02,2020-06-01,M0,Historical Simulation Benchmark,-0.031564375742979905,-0.06328334432163525,-0.006548446631267961,0
2020-06-02,2020-06-01,M1,Heavy-Tail Marginals,-0.034969414727754625,-0.04311205519811949,-0.006548446631267961,0
2020-06-02,2020-06-01,M2,Wavelet + Within-Scale,-0.01623058007051835,-0.018106986044546216,-0.006548446631267961,0
2020-06-02,2020-06-01,M3,Full Cross-Scale Multiscale,-0.015706311744462347,-0.01846579907864624,-0.006548446631267961,0
2020-06-03,2020-06-02,M0,Historical Simulation Benchmark,-0.031564375742979905,-0.06328334432163525,0.0007466442330137204,0
2020-06-03,2020-06-02,M1,Heavy-Tail Marginals,-0.03800021847105739,-0.04863224076438757,0.0007466442330137204,0
2020-06-03,2020-06-02,M2,Wavelet + Within-Scale,-0.013974468342729645,-0.018104032306088196,0.0007466442330137204,0
2020-06-03,2020-06-02,M3,Full Cross-Scale Multiscale,-0.015451448057690956,-0.018331942945921265,0.0007466442330137204,0
2020-06-04,2020-06-03,M0,Historical Simulation Benchmark,-0.031564375742979905,-0.06328334432163525,0.00651390962735388,0
2020-06-04,2020-06-03,M1,Heavy-Tail Marginals,-0.03896084149115052,-0.054836857714148014,0.00651390962735388,0
2020-06-04,2020-06-03,M2,Wavelet + Within-Scale,-0.014718158590670664,-0.017437667984997518,0.00651390962735388,0
2020-06-04,2020-06-03,M3,Full Cross-Scale Multiscale,-0.014860282022683368,-0.017718414831607535,0.00651390962735388,0
2020-06-05,2020-06-04,M0,Historical Simulation Benchmark,-0.031564375742979905,-0.06328334432163525,0.006912359555674881,0
2020-06-05,2020-06-04,M1,Heavy-Tail Marginals,-0.037344401897406385,-0.045562589899163584,0.006912359555674881,0
2020-06-05,2020-06-04,M2,Wavelet + Within-Scale,-0.014156016985942719,-0.017280875558038,0.006912359555674881,0
2020-06-05,2020-06-04,M3,Full Cross-Scale Multiscale,-0.01443688410033931,-0.018520689873135425,0.006912359555674881,0
2020-06-08,2020-06-05,M0,Historical Simulation Benchmark,-0.031564375742979905,-0.06328334432163525,0.0034590638339299803,0
2020-06-08,2020-06-05,M1,Heavy-Tail Marginals,-0.03504753543260952,-0.04670396750854037,0.0034590638339299803,0
2020-06-08,2020-06-05,M2,Wavelet + Within-Scale,-0.015405758712926635,-0.01815650554462255,0.0034590638339299803,0
2020-06-08,2020-06-05,M3,Full Cross-Scale Multiscale,-0.01588209813587163,-0.018748766813278857,0.0034590638339299803,0
2020-06-09,2020-06-08,M0,Historical Simulation Benchmark,-0.031564375742979905,-0.06328334432163525,0.0019853396727056404,0
2020-06-09,2020-06-08,M1,Heavy-Tail Marginals,-0.04013904343311406,-0.05062655942128093,0.0019853396727056404,0
2020-06-09,2020-06-08,M2,Wavelet + Within-Scale,-0.014972033780596888,-0.017452058529386413,0.0019853396727056404,0
2020-06-09,2020-06-08,M3,Full Cross-Scale Multiscale,-0.01587386217894479,-0.018084863137063537,0.0019853396727056404,0
2020-06-10,2020-06-09,M0,Historical Simulation Benchmark,-0.031564375742979905,-0.06328334432163525,0.004799326515916961,0
2020-06-10,2020-06-09,M1,Heavy-Tail Marginals,-0.035995900000221744,-0.04613967796739933,0.004799326515916961,0
2020-06-10,2020-06-09,M2,Wavelet + Within-Scale,-0.015189180568707265,-0.017491312684881567,0.004799326515916961,0
2020-06-10,2020-06-09,M3,Full Cross-Scale Multiscale,-0.015864221942973093,-0.018810452680595915,0.004799326515916961,0
2020-06-11,2020-06-10,M0,Historical Simulation Benchmark,-0.031564375742979905,-0.06328334432163525,-0.0391659730923835,1
2020-06-11,2020-06-10,M1,Heavy-Tail Marginals,-0.03973719429690431,-0.0491908576697271,-0.0391659730923835,0
2020-06-11,2020-06-10,M2,Wavelet + Within-Scale,-0.014235665360004078,-0.016242323734309883,-0.0391659730923835,1
2020-06-11,2020-06-10,M3,Full Cross-Scale Multiscale,-0.01580080697039924,-0.01730730003669558,-0.0391659730923835,1
2020-06-12,2020-06-11,M0,Historical Simulation Benchmark,-0.031564375742979905,-0.06328334432163525,0.00613400657761192,0
2020-06-12,2020-06-11,M1,Heavy-Tail Marginals,-0.03349927486191193,-0.04064750679754216,0.00613400657761192,0
2020-06-12,2020-06-11,M2,Wavelet + Within-Scale,-0.014739395544785212,-0.016760452517148066,0.00613400657761192,0
2020-06-12,2020-06-11,M3,Full Cross-Scale Multiscale,-0.015432836010349943,-0.017886115389559285,0.00613400657761192,0
2020-06-15,2020-06-12,M0,Historical Simulation Benchmark,-0.031564375742979905,-0.06328334432163525,0.0048190168868769995,0
2020-06-15,2020-06-12,M1,Heavy-Tail Marginals,-0.03853912381499296,-0.04737947916797129,0.0048190168868769995,0
2020-06-15,2020-06-12,M2,Wavelet + Within-Scale,-0.014943074594612797,-0.017501023074932755,0.0048190168868769995,0
2020-06-15,2020-06-12,M3,Full Cross-Scale Multiscale,-0.016013562226857184,-0.01879948558401974,0.0048190168868769995,0
2020-06-16,2020-06-15,M0,Historical Simulation Benchmark,-0.031564375742979905,-0.06328334432163525,0.009974867739451701,0
2020-06-16,2020-06-15,M1,Heavy-Tail Marginals,-0.03833684138697803,-0.050212307610843276,0.009974867739451701,0
2020-06-16,2020-06-15,M2,Wavelet + Within-Scale,-0.014258110483857347,-0.016609150026941556,0.009974867739451701,0
2020-06-16,2020-06-15,M3,Full Cross-Scale Multiscale,-0.01613799210786043,-0.0185209511460122,0.009974867739451701,0
2020-06-17,2020-06-16,M0,Historical Simulation Benchmark,-0.031564375742979905,-0.06328334432163525,-0.0039741790195599,0
2020-06-17,2020-06-16,M1,Heavy-Tail Marginals,-0.03565988801620243,-0.04318086676095198,-0.0039741790195599,0
2020-06-17,2020-06-16,M2,Wavelet + Within-Scale,-0.014001161056743481,-0.015460580211712194,-0.0039741790195599,0
2020-06-17,2020-06-16,M3,Full Cross-Scale Multiscale,-0.014965597666915862,-0.016978351875460256,-0.0039741790195599,0
2020-06-18,2020-06-17,M0,Historical Simulation Benchmark,-0.031564375742979905,-0.06328334432163525,0.00310222228641338,0
2020-06-18,2020-06-17,M1,Heavy-Tail Marginals,-0.03619644700694826,-0.04673579641842454,0.00310222228641338,0
2020-06-18,2020-06-17,M2,Wavelet + Within-Scale,-0.015147315706700798,-0.018469426732482024,0.00310222228641338,0
2020-06-18,2020-06-17,M3,Full Cross-Scale Multiscale,-0.015097156300140071,-0.01817055045399569,0.00310222228641338,0
2020-06-19,2020-06-18,M0,Historical Simulation Benchmark,-0.031564375742979905,-0.06328334432163525,0.0008887953720553596,0
2020-06-19,2020-06-18,M1,Heavy-Tail Marginals,-0.03887639835995385,-0.04898327457657141,0.0008887953720553596,0
2020-06-19,2020-06-18,M2,Wavelet + Within-Scale,-0.014439495300674336,-0.016462835091851112,0.0008887953720553596,0
2020-06-19,2020-06-18,M3,Full Cross-Scale Multiscale,-0.01433775817521637,-0.017000541089481843,0.0008887953720553596,0
2020-06-22,2020-06-19,M0,Historical Simulation Benchmark,-0.031564375742979905,-0.06328334432163525,0.015250169631894041,0
2020-06-22,2020-06-19,M1,Heavy-Tail Marginals,-0.037193374196838026,-0.04791302337359301,0.015250169631894041,0
2020-06-22,2020-06-19,M2,Wavelet + Within-Scale,-0.014780999808961009,-0.016807897054725955,0.015250169631894041,0
2020-06-22,2020-06-19,M3,Full Cross-Scale Multiscale,-0.015233842063304977,-0.01834410107923585,0.015250169631894041,0
2020-06-23,2020-06-22,M0,Historical Simulation Benchmark,-0.031564375742979905,-0.06328334432163525,0.0003317735097073998,0
2020-06-23,2020-06-22,M1,Heavy-Tail Marginals,-0.04008828989665337,-0.05022053860512036,0.0003317735097073998,0
2020-06-23,2020-06-22,M2,Wavelet + Within-Scale,-0.015165722766992506,-0.01773880444584528,0.0003317735097073998,0
2020-06-23,2020-06-22,M3,Full Cross-Scale Multiscale,-0.015944821974952252,-0.017807025963984292,0.0003317735097073998,0
2020-06-24,2020-06-23,M0,Historical Simulation Benchmark,-0.031564375742979905,-0.06328334432163525,-0.022669665041719782,0
2020-06-24,2020-06-23,M1,Heavy-Tail Marginals,-0.03434466613920095,-0.045018557112949595,-0.022669665041719782,0
2020-06-24,2020-06-23,M2,Wavelet + Within-Scale,-0.01469303216673134,-0.017809226131094383,-0.022669665041719782,1
2020-06-24,2020-06-23,M3,Full Cross-Scale Multiscale,-0.015100940185869525,-0.017742633569588405,-0.022669665041719782,1
2020-06-25,2020-06-24,M0,Historical Simulation Benchmark,-0.034458368863747195,-0.06375633155588949,0.00599559384866084,0
2020-06-25,2020-06-24,M1,Heavy-Tail Marginals,-0.029012868609511334,-0.036714918486842024,0.00599559384866084,0
2020-06-25,2020-06-24,M2,Wavelet + Within-Scale,-0.017606717477083807,-0.019894942306934376,0.00599559384866084,0
2020-06-25,2020-06-24,M3,Full Cross-Scale Multiscale,-0.018213453166315893,-0.02033439774576255,0.00599559384866084,0
2020-06-26,2020-06-25,M0,Historical Simulation Benchmark,-0.034458368863747195,-0.06375633155588949,-0.00978222763716012,0
2020-06-26,2020-06-25,M1,Heavy-Tail Marginals,-0.028601634766944738,-0.03542431832083667,-0.00978222763716012,0
2020-06-26,2020-06-25,M2,Wavelet + Within-Scale,-0.018279026526142734,-0.020331839583710855,-0.00978222763716012,0
2020-06-26,2020-06-25,M3,Full Cross-Scale Multiscale,-0.019752553614669092,-0.02291813234962995,-0.00978222763716012,0
2020-06-29,2020-06-26,M0,Historical Simulation Benchmark,-0.034458368863747195,-0.06375633155588949,0.010375392971550202,0
2020-06-29,2020-06-26,M1,Heavy-Tail Marginals,-0.02914234802839486,-0.03495954105804625,0.010375392971550202,0
2020-06-29,2020-06-26,M2,Wavelet + Within-Scale,-0.017833355298761296,-0.02022235328661893,0.010375392971550202,0
2020-06-29,2020-06-26,M3,Full Cross-Scale Multiscale,-0.01788755930741862,-0.021024031619674827,0.010375392971550202,0
2020-06-30,2020-06-29,M0,Historical Simulation Benchmark,-0.034458368863747195,-0.06375633155588949,0.00042634382191228,0
2020-06-30,2020-06-29,M1,Heavy-Tail Marginals,-0.03094835445529932,-0.038279617157702464,0.00042634382191228,0
2020-06-30,2020-06-29,M2,Wavelet + Within-Scale,-0.01900794829388461,-0.020782219803544423,0.00042634382191228,0
2020-06-30,2020-06-29,M3,Full Cross-Scale Multiscale,-0.019146065236588742,-0.021323110659291,0.00042634382191228,0
2020-07-01,2020-06-30,M0,Historical Simulation Benchmark,-0.034458368863747195,-0.06375633155588949,0.00420913602097598,0
2020-07-01,2020-06-30,M1,Heavy-Tail Marginals,-0.029358070900189187,-0.038654317661290696,0.00420913602097598,0
2020-07-01,2020-06-30,M2,Wavelet + Within-Scale,-0.016540451664605937,-0.018355275848446186,0.00420913602097598,0
2020-07-01,2020-06-30,M3,Full Cross-Scale Multiscale,-0.01844715406436975,-0.020212731193238458,0.00420913602097598,0
2020-07-02,2020-07-01,M0,Historical Simulation Benchmark,-0.034458368863747195,-0.06375633155588949,0.00229208748823924,0
2020-07-02,2020-07-01,M1,Heavy-Tail Marginals,-0.03180900632207539,-0.040082327367887256,0.00229208748823924,0
2020-07-02,2020-07-01,M2,Wavelet + Within-Scale,-0.017839226315233978,-0.020580109870883545,0.00229208748823924,0
2020-07-02,2020-07-01,M3,Full Cross-Scale Multiscale,-0.018823329063357156,-0.021453917812612015,0.00229208748823924,0
2020-07-06,2020-07-02,M0,Historical Simulation Benchmark,-0.034458368863747195,-0.06375633155588949,0.0108683060957462,0
2020-07-06,2020-07-02,M1,Heavy-Tail Marginals,-0.027640439504126823,-0.036208695521683196,0.0108683060957462,0
2020-07-06,2020-07-02,M2,Wavelet + Within-Scale,-0.018142589687275505,-0.021668038429192054,0.0108683060957462,0
2020-07-06,2020-07-02,M3,Full Cross-Scale Multiscale,-0.018684752982400608,-0.023305200893290984,0.0108683060957462,0
2020-07-07,2020-07-06,M0,Historical Simulation Benchmark,-0.034458368863747195,-0.06375633155588949,-0.003997651995225901,0
2020-07-07,2020-07-06,M1,Heavy-Tail Marginals,-0.030332406574611424,-0.03628810031282474,-0.003997651995225901,0
2020-07-07,2020-07-06,M2,Wavelet + Within-Scale,-0.018026282772824035,-0.019935066654901953,-0.003997651995225901,0
2020-07-07,2020-07-06,M3,Full Cross-Scale Multiscale,-0.019429220326412495,-0.021626010763539892,-0.003997651995225901,0
2020-07-08,2020-07-07,M0,Historical Simulation Benchmark,-0.034458368863747195,-0.06375633155588949,0.008911450123883521,0
2020-07-08,2020-07-07,M1,Heavy-Tail Marginals,-0.03148661051834088,-0.04286602989595874,0.008911450123883521,0
2020-07-08,2020-07-07,M2,Wavelet + Within-Scale,-0.01816627503756024,-0.021316467774291654,0.008911450123883521,0
2020-07-08,2020-07-07,M3,Full Cross-Scale Multiscale,-0.018915994575236246,-0.022285301314274305,0.008911450123883521,0
2020-07-09,2020-07-08,M0,Historical Simulation Benchmark,-0.034458368863747195,-0.06375633155588949,-0.00960754696847918,0
2020-07-09,2020-07-08,M1,Heavy-Tail Marginals,-0.030577823534919037,-0.03864535701232495,-0.00960754696847918,0
2020-07-09,2020-07-08,M2,Wavelet + Within-Scale,-0.01754664725955289,-0.02032135501597416,-0.00960754696847918,0
2020-07-09,2020-07-08,M3,Full Cross-Scale Multiscale,-0.01852133209530196,-0.021150022057488137,-0.00960754696847918,0
2020-07-10,2020-07-09,M0,Historical Simulation Benchmark,-0.034458368863747195,-0.06375633155588949,0.005454768552443991,0
2020-07-10,2020-07-09,M1,Heavy-Tail Marginals,-0.030888442682784675,-0.04186227201087829,0.005454768552443991,0
2020-07-10,2020-07-09,M2,Wavelet + Within-Scale,-0.0183453430036293,-0.020242441258228643,0.005454768552443991,0
2020-07-10,2020-07-09,M3,Full Cross-Scale Multiscale,-0.018135246154195137,-0.021631430289496493,0.005454768552443991,0
2020-07-13,2020-07-10,M0,Historical Simulation Benchmark,-0.034458368863747195,-0.06375633155588949,-0.00572323230477964,0
2020-07-13,2020-07-10,M1,Heavy-Tail Marginals,-0.02945288211989514,-0.0372181847054755,-0.00572323230477964,0
2020-07-13,2020-07-10,M2,Wavelet + Within-Scale,-0.018196618902357242,-0.02194260612751274,-0.00572323230477964,0
2020-07-13,2020-07-10,M3,Full Cross-Scale Multiscale,-0.01947168068228405,-0.021628545751132596,-0.00572323230477964,0
2020-07-14,2020-07-13,M0,Historical Simulation Benchmark,-0.034458368863747195,-0.06375633155588949,0.006129660277999895,0
2020-07-14,2020-07-13,M1,Heavy-Tail Marginals,-0.028440080963124646,-0.03979439095345772,0.006129660277999895,0
2020-07-14,2020-07-13,M2,Wavelet + Within-Scale,-0.018840871440416383,-0.020998058696779086,0.006129660277999895,0
2020-07-14,2020-07-13,M3,Full Cross-Scale Multiscale,-0.01898710051291816,-0.02181995803528477,0.006129660277999895,0
2020-07-15,2020-07-14,M0,Historical Simulation Benchmark,-0.034458368863747195,-0.06375633155588949,0.0036661660789614006,0
2020-07-15,2020-07-14,M1,Heavy-Tail Marginals,-0.030442745733902824,-0.03899197129376682,0.0036661660789614006,0
2020-07-15,2020-07-14,M2,Wavelet + Within-Scale,-0.017052317460536877,-0.018713425003963106,0.0036661660789614006,0
2020-07-15,2020-07-14,M3,Full Cross-Scale Multiscale,-0.019485746300929616,-0.02223068715093551,0.0036661660789614006,0
2020-07-16,2020-07-15,M0,Historical Simulation Benchmark,-0.034458368863747195,-0.06375633155588949,-0.004624316465423561,0
2020-07-16,2020-07-15,M1,Heavy-Tail Marginals,-0.031499717818666374,-0.04170888290286695,-0.004624316465423561,0
2020-07-16,2020-07-15,M2,Wavelet + Within-Scale,-0.018957045814602017,-0.020768653459044314,-0.004624316465423561,0
2020-07-16,2020-07-15,M3,Full Cross-Scale Multiscale,-0.019009385422797034,-0.022746213699004834,-0.004624316465423561,0
2020-07-17,2020-07-16,M0,Historical Simulation Benchmark,-0.034458368863747195,-0.06375633155588949,0.00217802618870222,0
2020-07-17,2020-07-16,M1,Heavy-Tail Marginals,-0.029129191416980407,-0.036221261283894524,0.00217802618870222,0
2020-07-17,2020-07-16,M2,Wavelet + Within-Scale,-0.017115985912512018,-0.02030094987019291,0.00217802618870222,0
2020-07-17,2020-07-16,M3,Full Cross-Scale Multiscale,-0.01943755300176979,-0.022700096436763954,0.00217802618870222,0
2020-07-20,2020-07-17,M0,Historical Simulation Benchmark,-0.034458368863747195,-0.06375633155588949,0.0031203620639717196,0
2020-07-20,2020-07-17,M1,Heavy-Tail Marginals,-0.03203573061310604,-0.04093603959848434,0.0031203620639717196,0
2020-07-20,2020-07-17,M2,Wavelet + Within-Scale,-0.016963754038638167,-0.019247036836315436,0.0031203620639717196,0
2020-07-20,2020-07-17,M3,Full Cross-Scale Multiscale,-0.01828187695705524,-0.02065922054238725,0.0031203620639717196,0
2020-07-21,2020-07-20,M0,Historical Simulation Benchmark,-0.034458368863747195,-0.06375633155588949,0.011658030429387262,0
2020-07-21,2020-07-20,M1,Heavy-Tail Marginals,-0.028314759022585356,-0.037945576841528224,0.011658030429387262,0
2020-07-21,2020-07-20,M2,Wavelet + Within-Scale,-0.018196067715552204,-0.020230004708279174,0.011658030429387262,0
2020-07-21,2020-07-20,M3,Full Cross-Scale Multiscale,-0.01753827696100678,-0.020589426174562237,0.011658030429387262,0
2020-07-22,2020-07-21,M0,Historical Simulation Benchmark,-0.034458368863747195,-0.06375633155588949,0.00760464765578146,0
2020-07-22,2020-07-21,M1,Heavy-Tail Marginals,-0.028298315134079915,-0.03283389461739018,0.00760464765578146,0
2020-07-22,2020-07-21,M2,Wavelet + Within-Scale,-0.01758553196300382,-0.020481648320828223,0.00760464765578146,0
2020-07-22,2020-07-21,M3,Full Cross-Scale Multiscale,-0.01800897499600969,-0.02039148240467376,0.00760464765578146,0
2020-07-23,2020-07-22,M0,Historical Simulation Benchmark,-0.034458368863747195,-0.06375633155588949,-0.0015797708718334406,0
2020-07-23,2020-07-22,M1,Heavy-Tail Marginals,-0.030453787693797123,-0.03980657779760673,-0.0015797708718334406,0
2020-07-23,2020-07-22,M2,Wavelet + Within-Scale,-0.016553604444237837,-0.019859340796095942,-0.0015797708718334406,0
2020-07-23,2020-07-22,M3,Full Cross-Scale Multiscale,-0.017539039837981066,-0.019778536380916346,-0.0015797708718334406,0
2020-07-24,2020-07-23,M0,Historical Simulation Benchmark,-0.034458368863747195,-0.06375633155588949,-0.0004023760646313403,0
2020-07-24,2020-07-23,M1,Heavy-Tail Marginals,-0.029201265499383,-0.03568338210558937,-0.0004023760646313403,0
2020-07-24,2020-07-23,M2,Wavelet + Within-Scale,-0.016750763259451837,-0.019182354354637946,-0.0004023760646313403,0
2020-07-24,2020-07-23,M3,Full Cross-Scale Multiscale,-0.017277721116904045,-0.020149782401929793,-0.0004023760646313403,0
2020-07-27,2020-07-24,M0,Historical Simulation Benchmark,-0.034458368863747195,-0.06375633155588949,0.0353273205559662,0
2020-07-27,2020-07-24,M1,Heavy-Tail Marginals,-0.019095652751413863,-0.02233496756553351,0.0353273205559662,0
2020-07-27,2020-07-24,M2,Wavelet + Within-Scale,-0.007618595620895535,-0.008871165380973404,0.0353273205559662,0
2020-07-27,2020-07-24,M3,Full Cross-Scale Multiscale,-0.008390093391450552,-0.009928351413865371,0.0353273205559662,0
2020-07-28,2020-07-27,M0,Historical Simulation Benchmark,-0.034458368863747195,-0.06375633155588949,-0.00306774144910198,0
2020-07-28,2020-07-27,M1,Heavy-Tail Marginals,-0.020900131324076365,-0.02636041319600735,-0.00306774144910198,0
2020-07-28,2020-07-27,M2,Wavelet + Within-Scale,-0.007922863375174973,-0.009065174427013004,-0.00306774144910198,0
2020-07-28,2020-07-27,M3,Full Cross-Scale Multiscale,-0.008182840504569881,-0.009472005392679398,-0.00306774144910198,0
2020-07-29,2020-07-28,M0,Historical Simulation Benchmark,-0.034458368863747195,-0.06375633155588949,0.009105560949301459,0
2020-07-29,2020-07-28,M1,Heavy-Tail Marginals,-0.018102665538452647,-0.024440643200534483,0.009105560949301459,0
2020-07-29,2020-07-28,M2,Wavelet + Within-Scale,-0.007930529372006462,-0.009299966136944723,0.009105560949301459,0
2020-07-29,2020-07-28,M3,Full Cross-Scale Multiscale,-0.008499729957997144,-0.009418172087275608,0.009105560949301459,0
2020-07-30,2020-07-29,M0,Historical Simulation Benchmark,-0.034458368863747195,-0.06375633155588949,-0.00610593094594884,0
2020-07-30,2020-07-29,M1,Heavy-Tail Marginals,-0.020883485956922885,-0.027010057710347517,-0.00610593094594884,0
2020-07-30,2020-07-29,M2,Wavelet + Within-Scale,-0.0076758587988389965,-0.008567554142181332,-0.00610593094594884,0
2020-07-30,2020-07-29,M3,Full Cross-Scale Multiscale,-0.008492251870486855,-0.009773278240039391,-0.00610593094594884,0
2020-07-31,2020-07-30,M0,Historical Simulation Benchmark,-0.034458368863747195,-0.06375633155588949,0.008182424344834481,0
2020-07-31,2020-07-30,M1,Heavy-Tail Marginals,-0.019603759684752423,-0.02594846568065793,0.008182424344834481,0
2020-07-31,2020-07-30,M2,Wavelet + Within-Scale,-0.007670535973717348,-0.008637900777176404,0.008182424344834481,0
2020-07-31,2020-07-30,M3,Full Cross-Scale Multiscale,-0.008140382299745714,-0.009296622207299703,0.008182424344834481,0
2020-08-03,2020-07-31,M0,Historical Simulation Benchmark,-0.034458368863747195,-0.06375633155588949,0.00199642590454464,0
2020-08-03,2020-07-31,M1,Heavy-Tail Marginals,-0.018905572171848354,-0.02448408823344149,0.00199642590454464,0
2020-08-03,2020-07-31,M2,Wavelet + Within-Scale,-0.007721186131296869,-0.009166624968540106,0.00199642590454464,0
2020-08-03,2020-07-31,M3,Full Cross-Scale Multiscale,-0.007852342671867182,-0.009493306589167591,0.00199642590454464,0
2020-08-04,2020-08-03,M0,Historical Simulation Benchmark,-0.034458368863747195,-0.06375633155588949,0.007921948072521461,0
2020-08-04,2020-08-03,M1,Heavy-Tail Marginals,-0.020157378862964502,-0.0239037245109096,0.007921948072521461,0
2020-08-04,2020-08-03,M2,Wavelet + Within-Scale,-0.007410414522666777,-0.00848544393204355,0.007921948072521461,0
2020-08-04,2020-08-03,M3,Full Cross-Scale Multiscale,-0.00855097773064228,-0.009806923208574944,0.007921948072521461,0
2020-08-05,2020-08-04,M0,Historical Simulation Benchmark,-0.034458368863747195,-0.06375633155588949,0.01485067876235056,0
2020-08-05,2020-08-04,M1,Heavy-Tail Marginals,-0.019221479544808052,-0.02394319221917114,0.01485067876235056,0
2020-08-05,2020-08-04,M2,Wavelet + Within-Scale,-0.0077500710889393315,-0.008846977494791772,0.01485067876235056,0
2020-08-05,2020-08-04,M3,Full Cross-Scale Multiscale,-0.008613202648695268,-0.009500303712892426,0.01485067876235056,0
2020-08-06,2020-08-05,M0,Historical Simulation Benchmark,-0.034458368863747195,-0.06375633155588949,0.004423591523938061,0
2020-08-06,2020-08-05,M1,Heavy-Tail Marginals,-0.019215831112526685,-0.02279535810581468,0.004423591523938061,0
2020-08-06,2020-08-05,M2,Wavelet + Within-Scale,-0.008129868423436428,-0.009399151384893393,0.004423591523938061,0
2020-08-06,2020-08-05,M3,Full Cross-Scale Multiscale,-0.008338269592315846,-0.009925959746653413,0.004423591523938061,0
2020-08-07,2020-08-06,M0,Historical Simulation Benchmark,-0.034458368863747195,-0.06375633155588949,-0.00873225018705948,0
2020-08-07,2020-08-06,M1,Heavy-Tail Marginals,-0.02062352394456552,-0.030079881031547823,-0.00873225018705948,0
2020-08-07,2020-08-06,M2,Wavelet + Within-Scale,-0.00766012041354166,-0.008800981969708282,-0.00873225018705948,1
2020-08-07,2020-08-06,M3,Full Cross-Scale Multiscale,-0.00842616995275753,-0.009561844861792453,-0.00873225018705948,1
2020-08-10,2020-08-07,M0,Historical Simulation Benchmark,-0.034458368863747195,-0.06375633155588949,0.0064709520461489,0
2020-08-10,2020-08-07,M1,Heavy-Tail Marginals,-0.018915494356917834,-0.025584812689898217,0.0064709520461489,0
2020-08-10,2020-08-07,M2,Wavelet + Within-Scale,-0.007680057771431773,-0.009069933379651762,0.0064709520461489,0
2020-08-10,2020-08-07,M3,Full Cross-Scale Multiscale,-0.008748439569920904,-0.00987524896692127,0.0064709520461489,0
2020-08-11,2020-08-10,M0,Historical Simulation Benchmark,-0.034458368863747195,-0.06375633155588949,-0.023682823255812842,0
2020-08-11,2020-08-10,M1,Heavy-Tail Marginals,-0.019930819155491396,-0.03184318917651001,-0.023682823255812842,1
2020-08-11,2020-08-10,M2,Wavelet + Within-Scale,-0.0076123838576069285,-0.00912097647366883,-0.023682823255812842,1
2020-08-11,2020-08-10,M3,Full Cross-Scale Multiscale,-0.008092985998302916,-0.008962129902565754,-0.023682823255812842,1
2020-08-12,2020-08-11,M0,Historical Simulation Benchmark,-0.034458368863747195,-0.06375633155588949,0.009178689973308181,0
2020-08-12,2020-08-11,M1,Heavy-Tail Marginals,-0.018793236925621154,-0.02684449995582302,0.009178689973308181,0
2020-08-12,2020-08-11,M2,Wavelet + Within-Scale,-0.007350058112744791,-0.008913630515363154,0.009178689973308181,0
2020-08-12,2020-08-11,M3,Full Cross-Scale Multiscale,-0.007642994051226487,-0.00883285446464295,0.009178689973308181,0
2020-08-13,2020-08-12,M0,Historical Simulation Benchmark,-0.034458368863747195,-0.06375633155588949,0.00625522446189364,0
2020-08-13,2020-08-12,M1,Heavy-Tail Marginals,-0.018925638953946132,-0.02245219787733691,0.00625522446189364,0
2020-08-13,2020-08-12,M2,Wavelet + Within-Scale,-0.00731218924662079,-0.008619823730635186,0.00625522446189364,0
2020-08-13,2020-08-12,M3,Full Cross-Scale Multiscale,-0.00873652109389987,-0.010692813059540045,0.00625522446189364,0
2020-08-14,2020-08-13,M0,Historical Simulation Benchmark,-0.034458368863747195,-0.06375633155588949,-0.001479328400449164,0
2020-08-14,2020-08-13,M1,Heavy-Tail Marginals,-0.018125819777643874,-0.025402918462047425,-0.001479328400449164,0
2020-08-14,2020-08-13,M2,Wavelet + Within-Scale,-0.00808370250966749,-0.009752825144374838,-0.001479328400449164,0
2020-08-14,2020-08-13,M3,Full Cross-Scale Multiscale,-0.00848690971389698,-0.009682039576393232,-0.001479328400449164,0
2020-08-17,2020-08-14,M0,Historical Simulation Benchmark,-0.034458368863747195,-0.06375633155588949,0.01622181660927012,0
2020-08-17,2020-08-14,M1,Heavy-Tail Marginals,-0.019771088384432672,-0.024574951447771467,0.01622181660927012,0
2020-08-17,2020-08-14,M2,Wavelet + Within-Scale,-0.007880348232186845,-0.009171985181276428,0.01622181660927012,0
2020-08-17,2020-08-14,M3,Full Cross-Scale Multiscale,-0.008129579327663542,-0.009585465567616957,0.01622181660927012,0
2020-08-18,2020-08-17,M0,Historical Simulation Benchmark,-0.034458368863747195,-0.06375633155588949,-0.002879724781540521,0
2020-08-18,2020-08-17,M1,Heavy-Tail Marginals,-0.020285649918516394,-0.027784875133932935,-0.002879724781540521,0
2020-08-18,2020-08-17,M2,Wavelet + Within-Scale,-0.007254073974530336,-0.008297444873155299,-0.002879724781540521,0
2020-08-18,2020-08-17,M3,Full Cross-Scale Multiscale,-0.008263639122775206,-0.009645652268202461,-0.002879724781540521,0
2020-08-19,2020-08-18,M0,Historical Simulation Benchmark,-0.034458368863747195,-0.06375633155588949,-0.011043958669935981,0
2020-08-19,2020-08-18,M1,Heavy-Tail Marginals,-0.017783674652280194,-0.023788626242314675,-0.011043958669935981,0
2020-08-19,2020-08-18,M2,Wavelet + Within-Scale,-0.007539283759633753,-0.009303449403473914,-0.011043958669935981,1
2020-08-19,2020-08-18,M3,Full Cross-Scale Multiscale,-0.008882275426752918,-0.01053887563279449,-0.011043958669935981,1
2020-08-20,2020-08-19,M0,Historical Simulation Benchmark,-0.034458368863747195,-0.06375633155588949,0.0036911732516447197,0
2020-08-20,2020-08-19,M1,Heavy-Tail Marginals,-0.020788125738306736,-0.03094977789151975,0.0036911732516447197,0
2020-08-20,2020-08-19,M2,Wavelet + Within-Scale,-0.008123152408962492,-0.00963187325829065,0.0036911732516447197,0
2020-08-20,2020-08-19,M3,Full Cross-Scale Multiscale,-0.008338833399908678,-0.009398492877020635,0.0036911732516447197,0
2020-08-21,2020-08-20,M0,Historical Simulation Benchmark,-0.034458368863747195,-0.06375633155588949,-0.007865913577203041,0
2020-08-21,2020-08-20,M1,Heavy-Tail Marginals,-0.018836649028244126,-0.024298583264269046,-0.007865913577203041,0
2020-08-21,2020-08-20,M2,Wavelet + Within-Scale,-0.007762409227644306,-0.008916135483777229,-0.007865913577203041,1
2020-08-21,2020-08-20,M3,Full Cross-Scale Multiscale,-0.00859736443024066,-0.010274683804420296,-0.007865913577203041,0
2020-08-24,2020-08-21,M0,Historical Simulation Benchmark,-0.034458368863747195,-0.06375633155588949,0.00484374504922892,0
2020-08-24,2020-08-21,M1,Heavy-Tail Marginals,-0.018951210405997038,-0.02626920299922062,0.00484374504922892,0
2020-08-24,2020-08-21,M2,Wavelet + Within-Scale,-0.007827946430500296,-0.009225718048592683,0.00484374504922892,0
2020-08-24,2020-08-21,M3,Full Cross-Scale Multiscale,-0.008037957605899869,-0.009636331236528992,0.00484374504922892,0
2020-08-25,2020-08-24,M0,Historical Simulation Benchmark,-0.034458368863747195,-0.06375633155588949,-0.0028744040820311203,0
2020-08-25,2020-08-24,M1,Heavy-Tail Marginals,-0.02454334829283735,-0.031024872623915407,-0.0028744040820311203,0
2020-08-25,2020-08-24,M2,Wavelet + Within-Scale,-0.009749729743186011,-0.011473658166379606,-0.0028744040820311203,0
2020-08-25,2020-08-24,M3,Full Cross-Scale Multiscale,-0.010448128783202655,-0.012227576584344872,-0.0028744040820311203,0
2020-08-26,2020-08-25,M0,Historical Simulation Benchmark,-0.034458368863747195,-0.06375633155588949,0.0064647094031522,0
2020-08-26,2020-08-25,M1,Heavy-Tail Marginals,-0.02411056441217799,-0.029266433475183613,0.0064647094031522,0
2020-08-26,2020-08-25,M2,Wavelet + Within-Scale,-0.009768765703032194,-0.011168154501812449,0.0064647094031522,0
2020-08-26,2020-08-25,M3,Full Cross-Scale Multiscale,-0.010513115718299153,-0.01180448715233463,0.0064647094031522,0
2020-08-27,2020-08-26,M0,Historical Simulation Benchmark,-0.034458368863747195,-0.06375633155588949,-0.007178439359758761,0
2020-08-27,2020-08-26,M1,Heavy-Tail Marginals,-0.023023433401081726,-0.02676292628103531,-0.007178439359758761,0
2020-08-27,2020-08-26,M2,Wavelet + Within-Scale,-0.00973733509055784,-0.011430678129373862,-0.007178439359758761,0
2020-08-27,2020-08-26,M3,Full Cross-Scale Multiscale,-0.010146574161857934,-0.012760631098056145,-0.007178439359758761,0
2020-08-28,2020-08-27,M0,Historical Simulation Benchmark,-0.034458368863747195,-0.06375633155588949,0.00922241527385222,0
2020-08-28,2020-08-27,M1,Heavy-Tail Marginals,-0.02358772426528695,-0.03100681038976793,0.00922241527385222,0
2020-08-28,2020-08-27,M2,Wavelet + Within-Scale,-0.00969453029780961,-0.011290787873141351,0.00922241527385222,0
2020-08-28,2020-08-27,M3,Full Cross-Scale Multiscale,-0.010455756444316242,-0.012322617464283422,0.00922241527385222,0
2020-08-31,2020-08-28,M0,Historical Simulation Benchmark,-0.034458368863747195,-0.06375633155588949,0.00143392837225846,0
2020-08-31,2020-08-28,M1,Heavy-Tail Marginals,-0.023846817555729507,-0.030053890815168093,0.00143392837225846,0
2020-08-31,2020-08-28,M2,Wavelet + Within-Scale,-0.009595125223051719,-0.011732077890818518,0.00143392837225846,0
2020-08-31,2020-08-28,M3,Full Cross-Scale Multiscale,-0.009780689314232881,-0.011825977116941836,0.00143392837225846,0
2020-09-01,2020-08-31,M0,Historical Simulation Benchmark,-0.034458368863747195,-0.06375633155588949,0.00786244103328326,0
2020-09-01,2020-08-31,M1,Heavy-Tail Marginals,-0.022388936444765285,-0.028833834676488163,0.00786244103328326,0
2020-09-01,2020-08-31,M2,Wavelet + Within-Scale,-0.010205665023761462,-0.01184026913811706,0.00786244103328326,0
2020-09-01,2020-08-31,M3,Full Cross-Scale Multiscale,-0.010170721511250157,-0.012188187140206764,0.00786244103328326,0
2020-09-02,2020-09-01,M0,Historical Simulation Benchmark,-0.034458368863747195,-0.06375633155588949,-0.013974068750120262,0
2020-09-02,2020-09-01,M1,Heavy-Tail Marginals,-0.023507927293695455,-0.02933015684588496,-0.013974068750120262,0
2020-09-02,2020-09-01,M2,Wavelet + Within-Scale,-0.00947130190063233,-0.01121601820725898,-0.013974068750120262,1
2020-09-02,2020-09-01,M3,Full Cross-Scale Multiscale,-0.010426985869939218,-0.012471200416904417,-0.013974068750120262,1
2020-09-03,2020-09-02,M0,Historical Simulation Benchmark,-0.034458368863747195,-0.06375633155588949,-0.03145335531574392,0
2020-09-03,2020-09-02,M1,Heavy-Tail Marginals,-0.02165290653354213,-0.02991881038940806,-0.03145335531574392,1
2020-09-03,2020-09-02,M2,Wavelet + Within-Scale,-0.009725850361905757,-0.01112380592989865,-0.03145335531574392,1
2020-09-03,2020-09-02,M3,Full Cross-Scale Multiscale,-0.010116672110123919,-0.011996716730126146,-0.03145335531574392,1
2020-09-04,2020-09-03,M0,Historical Simulation Benchmark,-0.034458368863747195,-0.06375633155588949,-0.004842656480938179,0
2020-09-04,2020-09-03,M1,Heavy-Tail Marginals,-0.020817665041044868,-0.025999003981863316,-0.004842656480938179,0
2020-09-04,2020-09-03,M2,Wavelet + Within-Scale,-0.009831464201449746,-0.010905062618624775,-0.004842656480938179,0
2020-09-04,2020-09-03,M3,Full Cross-Scale Multiscale,-0.010099562235505507,-0.01215707805586613,-0.004842656480938179,0
2020-09-08,2020-09-04,M0,Historical Simulation Benchmark,-0.034458368863747195,-0.06375633155588949,-0.02561258338639846,0
2020-09-08,2020-09-04,M1,Heavy-Tail Marginals,-0.02089414339105247,-0.02604978046813366,-0.02561258338639846,1
2020-09-08,2020-09-04,M2,Wavelet + Within-Scale,-0.010065105393655611,-0.011315798440777267,-0.02561258338639846,1
2020-09-08,2020-09-04,M3,Full Cross-Scale Multiscale,-0.01000115504791605,-0.011619603314861764,-0.02561258338639846,1
2020-09-09,2020-09-08,M0,Historical Simulation Benchmark,-0.034458368863747195,-0.06375633155588949,0.01279535376419732,0
2020-09-09,2020-09-08,M1,Heavy-Tail Marginals,-0.023037152310108562,-0.027314143907402277,0.01279535376419732,0
2020-09-09,2020-09-08,M2,Wavelet + Within-Scale,-0.009819388728750017,-0.011444129753443995,0.01279535376419732,0
2020-09-09,2020-09-08,M3,Full Cross-Scale Multiscale,-0.010246248649577749,-0.012055581966178877,0.01279535376419732,0
2020-09-10,2020-09-09,M0,Historical Simulation Benchmark,-0.034458368863747195,-0.06375633155588949,-0.006133536328568481,0
2020-09-10,2020-09-09,M1,Heavy-Tail Marginals,-0.022251236248712378,-0.030304132933034474,-0.006133536328568481,0
2020-09-10,2020-09-09,M2,Wavelet + Within-Scale,-0.010224657615804303,-0.011326557008134933,-0.006133536328568481,0
2020-09-10,2020-09-09,M3,Full Cross-Scale Multiscale,-0.010550476564867257,-0.012157832930248705,-0.006133536328568481,0
2020-09-11,2020-09-10,M0,Historical Simulation Benchmark,-0.034458368863747195,-0.06375633155588949,0.0029879590842079567,0
2020-09-11,2020-09-10,M1,Heavy-Tail Marginals,-0.02389612930857444,-0.030123647453420138,0.0029879590842079567,0
2020-09-11,2020-09-10,M2,Wavelet + Within-Scale,-0.010528511081125208,-0.01212440387617245,0.0029879590842079567,0
2020-09-11,2020-09-10,M3,Full Cross-Scale Multiscale,-0.010789441446041423,-0.012432959300592593,0.0029879590842079567,0
2020-09-14,2020-09-11,M0,Historical Simulation Benchmark,-0.034458368863747195,-0.06375633155588949,0.00857960463745292,0
2020-09-14,2020-09-11,M1,Heavy-Tail Marginals,-0.023900105524394474,-0.03044377179830333,0.00857960463745292,0
2020-09-14,2020-09-11,M2,Wavelet + Within-Scale,-0.00983206473768177,-0.011300986802873312,0.00857960463745292,0
2020-09-14,2020-09-11,M3,Full Cross-Scale Multiscale,-0.010730898447361258,-0.012233782009053343,0.00857960463745292,0
2020-09-15,2020-09-14,M0,Historical Simulation Benchmark,-0.034458368863747195,-0.06375633155588949,0.0068529696222146,0
2020-09-15,2020-09-14,M1,Heavy-Tail Marginals,-0.024757640465470458,-0.033718290399109126,0.0068529696222146,0
2020-09-15,2020-09-14,M2,Wavelet + Within-Scale,-0.009891176150638612,-0.011872672500409031,0.0068529696222146,0
2020-09-15,2020-09-14,M3,Full Cross-Scale Multiscale,-0.011243893100305335,-0.013333913222269716,0.0068529696222146,0
2020-09-16,2020-09-15,M0,Historical Simulation Benchmark,-0.034458368863747195,-0.06375633155588949,0.01132224807148054,0
2020-09-16,2020-09-15,M1,Heavy-Tail Marginals,-0.02343858774927959,-0.0345400894925373,0.01132224807148054,0
2020-09-16,2020-09-15,M2,Wavelet + Within-Scale,-0.01028983421653857,-0.011576563213573516,0.01132224807148054,0
2020-09-16,2020-09-15,M3,Full Cross-Scale Multiscale,-0.010365955661777523,-0.012718332083566274,0.01132224807148054,0
2020-09-17,2020-09-16,M0,Historical Simulation Benchmark,-0.034458368863747195,-0.06375633155588949,0.0003846538700572802,0
2020-09-17,2020-09-16,M1,Heavy-Tail Marginals,-0.022067131835064296,-0.029229316990753408,0.0003846538700572802,0
2020-09-17,2020-09-16,M2,Wavelet + Within-Scale,-0.010008194232459454,-0.011741743873121243,0.0003846538700572802,0
2020-09-17,2020-09-16,M3,Full Cross-Scale Multiscale,-0.01076103359315518,-0.012874157932157002,0.0003846538700572802,0
2020-09-18,2020-09-17,M0,Historical Simulation Benchmark,-0.034458368863747195,-0.06375633155588949,-0.0034814997229196394,0
2020-09-18,2020-09-17,M1,Heavy-Tail Marginals,-0.0250030343574813,-0.032389203597955184,-0.0034814997229196394,0
2020-09-18,2020-09-17,M2,Wavelet + Within-Scale,-0.010112164536349742,-0.01154043109104515,-0.0034814997229196394,0
2020-09-18,2020-09-17,M3,Full Cross-Scale Multiscale,-0.010458974818037403,-0.012105249531623232,-0.0034814997229196394,0
2020-09-21,2020-09-18,M0,Historical Simulation Benchmark,-0.034458368863747195,-0.06375633155588949,-0.02032050883378462,0
2020-09-21,2020-09-18,M1,Heavy-Tail Marginals,-0.025250085806540697,-0.03145410480449534,-0.02032050883378462,0
2020-09-21,2020-09-18,M2,Wavelet + Within-Scale,-0.009640027008242538,-0.01148506307197624,-0.02032050883378462,1
2020-09-21,2020-09-18,M3,Full Cross-Scale Multiscale,-0.009809537295455577,-0.011600736775471054,-0.02032050883378462,1
2020-09-22,2020-09-21,M0,Historical Simulation Benchmark,-0.034458368863747195,-0.06375633155588949,0.0016561622144449799,0
2020-09-22,2020-09-21,M1,Heavy-Tail Marginals,-0.022219299131187354,-0.03016723114147442,0.0016561622144449799,0
2020-09-22,2020-09-21,M2,Wavelet + Within-Scale,-0.009686660683204774,-0.011569129702751086,0.0016561622144449799,0
2020-09-22,2020-09-21,M3,Full Cross-Scale Multiscale,-0.010058144223185746,-0.0120556587101975,0.0016561622144449799,0
2020-09-23,2020-09-22,M0,Historical Simulation Benchmark,-0.034458368863747195,-0.06375633155588949,-0.0156830774098917,0
2020-09-23,2020-09-22,M1,Heavy-Tail Marginals,-0.022951426041464596,-0.030316773426563682,-0.0156830774098917,0
2020-09-23,2020-09-22,M2,Wavelet + Within-Scale,-0.010391424645930653,-0.01234709145734728,-0.0156830774098917,1
2020-09-23,2020-09-22,M3,Full Cross-Scale Multiscale,-0.01151877660726897,-0.012800916970944803,-0.0156830774098917,1
2020-09-24,2020-09-23,M0,Historical Simulation Benchmark,-0.034458368863747195,-0.06375633155588949,0.01448619057981612,0
2020-09-24,2020-09-23,M1,Heavy-Tail Marginals,-0.027514392806450894,-0.03728793340764212,0.01448619057981612,0
2020-09-24,2020-09-23,M2,Wavelet + Within-Scale,-0.012430631507893072,-0.014935871732585215,0.01448619057981612,0
2020-09-24,2020-09-23,M3,Full Cross-Scale Multiscale,-0.012725365650231406,-0.014434789924429845,0.01448619057981612,0
2020-09-25,2020-09-24,M0,Historical Simulation Benchmark,-0.034458368863747195,-0.06375633155588949,0.0004893450945067,0
2020-09-25,2020-09-24,M1,Heavy-Tail Marginals,-0.03168698491166979,-0.043489002857175385,0.0004893450945067,0
2020-09-25,2020-09-24,M2,Wavelet + Within-Scale,-0.011214377632331284,-0.013363026670244296,0.0004893450945067,0
2020-09-25,2020-09-24,M3,Full Cross-Scale Multiscale,-0.012079810718266727,-0.013811869421717577,0.0004893450945067,0
2020-09-28,2020-09-25,M0,Historical Simulation Benchmark,-0.034458368863747195,-0.06375633155588949,0.00796477691199586,0
2020-09-28,2020-09-25,M1,Heavy-Tail Marginals,-0.026973455996381138,-0.03911302717764379,0.00796477691199586,0
2020-09-28,2020-09-25,M2,Wavelet + Within-Scale,-0.011346955077597507,-0.01317206387748639,0.00796477691199586,0
2020-09-28,2020-09-25,M3,Full Cross-Scale Multiscale,-0.012014306089373449,-0.014680300379967013,0.00796477691199586,0
2020-09-29,2020-09-28,M0,Historical Simulation Benchmark,-0.034458368863747195,-0.06375633155588949,-0.0037834331589872393,0
2020-09-29,2020-09-28,M1,Heavy-Tail Marginals,-0.02645658572766048,-0.03145152844932264,-0.0037834331589872393,0
2020-09-29,2020-09-28,M2,Wavelet + Within-Scale,-0.011266140005795946,-0.013462680262846357,-0.0037834331589872393,0
2020-09-29,2020-09-28,M3,Full Cross-Scale Multiscale,-0.01282846492550937,-0.014802138037580622,-0.0037834331589872393,0
2020-09-30,2020-09-29,M0,Historical Simulation Benchmark,-0.034458368863747195,-0.06375633155588949,0.0028677496753421196,0
2020-09-30,2020-09-29,M1,Heavy-Tail Marginals,-0.02894246178809677,-0.036938780308018435,0.0028677496753421196,0
2020-09-30,2020-09-29,M2,Wavelet + Within-Scale,-0.01184703329182391,-0.014944699598069919,0.0028677496753421196,0
2020-09-30,2020-09-29,M3,Full Cross-Scale Multiscale,-0.011069616827583818,-0.013168217387317679,0.0028677496753421196,0
2020-10-01,2020-09-30,M0,Historical Simulation Benchmark,-0.034458368863747195,-0.06375633155588949,-0.00550660672411038,0
2020-10-01,2020-09-30,M1,Heavy-Tail Marginals,-0.025600719922228794,-0.04042045257464821,-0.00550660672411038,0
2020-10-01,2020-09-30,M2,Wavelet + Within-Scale,-0.011187936481659782,-0.012733357570412107,-0.00550660672411038,0
2020-10-01,2020-09-30,M3,Full Cross-Scale Multiscale,-0.0122142427046326,-0.0137697882639306,-0.00550660672411038,0
2020-10-02,2020-10-01,M0,Historical Simulation Benchmark,-0.034458368863747195,-0.06375633155588949,-0.011721086863340259,0
2020-10-02,2020-10-01,M1,Heavy-Tail Marginals,-0.027738264808378352,-0.034180438743322675,-0.011721086863340259,0
2020-10-02,2020-10-01,M2,Wavelet + Within-Scale,-0.011758624304757133,-0.01293709278379768,-0.011721086863340259,0
2020-10-02,2020-10-01,M3,Full Cross-Scale Multiscale,-0.012249051231213682,-0.014220889741699005,-0.011721086863340259,0
2020-10-05,2020-10-02,M0,Historical Simulation Benchmark,-0.034458368863747195,-0.06375633155588949,0.018933711721143498,0
2020-10-05,2020-10-02,M1,Heavy-Tail Marginals,-0.029119188072255626,-0.039267186404291665,0.018933711721143498,0
2020-10-05,2020-10-02,M2,Wavelet + Within-Scale,-0.011599654004788395,-0.013552018599104317,0.018933711721143498,0
2020-10-05,2020-10-02,M3,Full Cross-Scale Multiscale,-0.012929245964009536,-0.015026103843082051,0.018933711721143498,0
2020-10-06,2020-10-05,M0,Historical Simulation Benchmark,-0.034458368863747195,-0.06375633155588949,-0.005031945423901021,0
2020-10-06,2020-10-05,M1,Heavy-Tail Marginals,-0.027022274069805,-0.039132376757530535,-0.005031945423901021,0
2020-10-06,2020-10-05,M2,Wavelet + Within-Scale,-0.010941080372779476,-0.01279238998448647,-0.005031945423901021,0
2020-10-06,2020-10-05,M3,Full Cross-Scale Multiscale,-0.012289940180078127,-0.013709346352577473,-0.005031945423901021,0
2020-10-07,2020-10-06,M0,Historical Simulation Benchmark,-0.034458368863747195,-0.06375633155588949,0.0039967923010699,0
2020-10-07,2020-10-06,M1,Heavy-Tail Marginals,-0.029433257056596662,-0.03618327731905204,0.0039967923010699,0
2020-10-07,2020-10-06,M2,Wavelet + Within-Scale,-0.011521480641338745,-0.013694313050731193,0.0039967923010699,0
2020-10-07,2020-10-06,M3,Full Cross-Scale Multiscale,-0.01204226166782247,-0.014233954427657366,0.0039967923010699,0
2020-10-08,2020-10-07,M0,Historical Simulation Benchmark,-0.034458368863747195,-0.06375633155588949,0.012625391465103282,0
2020-10-08,2020-10-07,M1,Heavy-Tail Marginals,-0.02772772343545798,-0.0354469247825171,0.012625391465103282,0
2020-10-08,2020-10-07,M2,Wavelet + Within-Scale,-0.011726619043945312,-0.013096785953784976,0.012625391465103282,0
2020-10-08,2020-10-07,M3,Full Cross-Scale Multiscale,-0.011471871192384606,-0.013869169372185821,0.012625391465103282,0
2020-10-09,2020-10-08,M0,Historical Simulation Benchmark,-0.034458368863747195,-0.06375633155588949,0.00487341164608702,0
2020-10-09,2020-10-08,M1,Heavy-Tail Marginals,-0.02778118930561188,-0.03503099728886842,0.00487341164608702,0
2020-10-09,2020-10-08,M2,Wavelet + Within-Scale,-0.01074702251038859,-0.013083397754800056,0.00487341164608702,0
2020-10-09,2020-10-08,M3,Full Cross-Scale Multiscale,-0.012006146478526838,-0.014634798222639672,0.00487341164608702,0
2020-10-12,2020-10-09,M0,Historical Simulation Benchmark,-0.034458368863747195,-0.06375633155588949,0.00714444900758322,0
2020-10-12,2020-10-09,M1,Heavy-Tail Marginals,-0.02745364917822655,-0.03880753692855407,0.00714444900758322,0
2020-10-12,2020-10-09,M2,Wavelet + Within-Scale,-0.011321837863648637,-0.012667327498808298,0.00714444900758322,0
2020-10-12,2020-10-09,M3,Full Cross-Scale Multiscale,-0.011903237555076837,-0.013644858868540305,0.00714444900758322,0
2020-10-13,2020-10-12,M0,Historical Simulation Benchmark,-0.034458368863747195,-0.06375633155588949,-0.0035288116077766404,0
2020-10-13,2020-10-12,M1,Heavy-Tail Marginals,-0.026892779487551473,-0.03150079766224291,-0.0035288116077766404,0
2020-10-13,2020-10-12,M2,Wavelet + Within-Scale,-0.011943422388256308,-0.014571223853856258,-0.0035288116077766404,0
2020-10-13,2020-10-12,M3,Full Cross-Scale Multiscale,-0.011721373522630838,-0.013118938822748172,-0.0035288116077766404,0
2020-10-14,2020-10-13,M0,Historical Simulation Benchmark,-0.034458368863747195,-0.06375633155588949,0.0031076314765530405,0
2020-10-14,2020-10-13,M1,Heavy-Tail Marginals,-0.027591550361184495,-0.03312087720164516,0.0031076314765530405,0
2020-10-14,2020-10-13,M2,Wavelet + Within-Scale,-0.0112481349449962,-0.013016083008011678,0.0031076314765530405,0
2020-10-14,2020-10-13,M3,Full Cross-Scale Multiscale,-0.01310839636404811,-0.015302275157149589,0.0031076314765530405,0
2020-10-15,2020-10-14,M0,Historical Simulation Benchmark,-0.034458368863747195,-0.06375633155588949,0.0011390051103597801,0
2020-10-15,2020-10-14,M1,Heavy-Tail Marginals,-0.02666899993453369,-0.034121870326982426,0.0011390051103597801,0
2020-10-15,2020-10-14,M2,Wavelet + Within-Scale,-0.011630415739957089,-0.014210177232351772,0.0011390051103597801,0
2020-10-15,2020-10-14,M3,Full Cross-Scale Multiscale,-0.012796298567532621,-0.014814608818677156,0.0011390051103597801,0
2020-10-16,2020-10-15,M0,Historical Simulation Benchmark,-0.034458368863747195,-0.06375633155588949,-0.00549359452065214,0
2020-10-16,2020-10-15,M1,Heavy-Tail Marginals,-0.02740400787147228,-0.04349568931554581,-0.00549359452065214,0
2020-10-16,2020-10-15,M2,Wavelet + Within-Scale,-0.011340410838945745,-0.01314691526404321,-0.00549359452065214,0
2020-10-16,2020-10-15,M3,Full Cross-Scale Multiscale,-0.012107774479216507,-0.014499394138169242,-0.00549359452065214,0
2020-10-19,2020-10-16,M0,Historical Simulation Benchmark,-0.034458368863747195,-0.06375633155588949,0.003082697468934679,0
2020-10-19,2020-10-16,M1,Heavy-Tail Marginals,-0.028528531021527265,-0.04235837153939935,0.003082697468934679,0
2020-10-19,2020-10-16,M2,Wavelet + Within-Scale,-0.012231527481671445,-0.013958609163877492,0.003082697468934679,0
2020-10-19,2020-10-16,M3,Full Cross-Scale Multiscale,-0.011766987848461478,-0.014839883634327308,0.003082697468934679,0
2020-10-20,2020-10-19,M0,Historical Simulation Benchmark,-0.034458368863747195,-0.06375633155588949,0.00747067213150104,0
2020-10-20,2020-10-19,M1,Heavy-Tail Marginals,-0.028311272504737417,-0.033879044659784925,0.00747067213150104,0
2020-10-20,2020-10-19,M2,Wavelet + Within-Scale,-0.011975653548385218,-0.01366397424848734,0.00747067213150104,0
2020-10-20,2020-10-19,M3,Full Cross-Scale Multiscale,-0.012120925511830798,-0.01426289284505968,0.00747067213150104,0
2020-10-21,2020-10-20,M0,Historical Simulation Benchmark,-0.034458368863747195,-0.06375633155588949,0.008883617183519783,0
2020-10-21,2020-10-20,M1,Heavy-Tail Marginals,-0.027282260783634542,-0.03412369149175995,0.008883617183519783,0
2020-10-21,2020-10-20,M2,Wavelet + Within-Scale,-0.010952213654204176,-0.013085637893719892,0.008883617183519783,0
2020-10-21,2020-10-20,M3,Full Cross-Scale Multiscale,-0.012510298381871558,-0.014997545865841297,0.008883617183519783,0
2020-10-22,2020-10-21,M0,Historical Simulation Benchmark,-0.034458368863747195,-0.06375633155588949,0.00352931955489946,0
2020-10-22,2020-10-21,M1,Heavy-Tail Marginals,-0.025083876186954335,-0.03689102221792541,0.00352931955489946,0
2020-10-22,2020-10-21,M2,Wavelet + Within-Scale,-0.012115564627135613,-0.014371778670327864,0.00352931955489946,0
2020-10-22,2020-10-21,M3,Full Cross-Scale Multiscale,-0.012742314447853287,-0.01599160886548971,0.00352931955489946,0
2020-10-23,2020-10-22,M0,Historical Simulation Benchmark,-0.034458368863747195,-0.06375633155588949,-0.004251775372202019,0
2020-10-23,2020-10-22,M1,Heavy-Tail Marginals,-0.02731372718608853,-0.04102157708765884,-0.004251775372202019,0
2020-10-23,2020-10-22,M2,Wavelet + Within-Scale,-0.010951069925706885,-0.01305738753380429,-0.004251775372202019,0
2020-10-23,2020-10-22,M3,Full Cross-Scale Multiscale,-0.012161711414469365,-0.013713993757899154,-0.004251775372202019,0
2020-10-26,2020-10-23,M0,Historical Simulation Benchmark,-0.034458368863747195,-0.06375633155588949,-0.006691355233712681,0
2020-10-26,2020-10-23,M1,Heavy-Tail Marginals,-0.027432213505224495,-0.03548488599575593,-0.006691355233712681,0
2020-10-26,2020-10-23,M2,Wavelet + Within-Scale,-0.012515059655463054,-0.013711579015370201,-0.006691355233712681,0
2020-10-26,2020-10-23,M3,Full Cross-Scale Multiscale,-0.011820480429832634,-0.014097952947205741,-0.006691355233712681,0
2020-10-27,2020-10-26,M0,Historical Simulation Benchmark,-0.034458368863747195,-0.06375633155588949,0.01318121064426888,0
2020-10-27,2020-10-26,M1,Heavy-Tail Marginals,-0.029557262947798337,-0.03713936270346331,0.01318121064426888,0
2020-10-27,2020-10-26,M2,Wavelet + Within-Scale,-0.011778542013951003,-0.012884276906302936,0.01318121064426888,0
2020-10-27,2020-10-26,M3,Full Cross-Scale Multiscale,-0.012621189527564245,-0.014445528546250724,0.01318121064426888,0
2020-10-28,2020-10-27,M0,Historical Simulation Benchmark,-0.034458368863747195,-0.06375633155588949,-0.02614049033724347,0
2020-10-28,2020-10-27,M1,Heavy-Tail Marginals,-0.025997965815188148,-0.03382620053223696,-0.02614049033724347,1
2020-10-28,2020-10-27,M2,Wavelet + Within-Scale,-0.012117027638377905,-0.014146234800137825,-0.02614049033724347,1
2020-10-28,2020-10-27,M3,Full Cross-Scale Multiscale,-0.012952232058809694,-0.01433524361477144,-0.02614049033724347,1
2020-10-29,2020-10-28,M0,Historical Simulation Benchmark,-0.034458368863747195,-0.06375633155588949,-0.0026295790782730807,0
2020-10-29,2020-10-28,M1,Heavy-Tail Marginals,-0.03127830907537147,-0.03997491676309978,-0.0026295790782730807,0
2020-10-29,2020-10-28,M2,Wavelet + Within-Scale,-0.010799879218001115,-0.013212926019559123,-0.0026295790782730807,0
2020-10-29,2020-10-28,M3,Full Cross-Scale Multiscale,-0.01236269752905828,-0.014016820433571178,-0.0026295790782730807,0
2020-10-30,2020-10-29,M0,Historical Simulation Benchmark,-0.034458368863747195,-0.06375633155588949,-0.00297735672864524,0
2020-10-30,2020-10-29,M1,Heavy-Tail Marginals,-0.029741654362568804,-0.03634732911282608,-0.00297735672864524,0
2020-10-30,2020-10-29,M2,Wavelet + Within-Scale,-0.011572134617492083,-0.014210398936784269,-0.00297735672864524,0
2020-10-30,2020-10-29,M3,Full Cross-Scale Multiscale,-0.011914453988921093,-0.013949366478607856,-0.00297735672864524,0
2020-11-02,2020-10-30,M0,Historical Simulation Benchmark,-0.034458368863747195,-0.06375633155588949,0.012406777855302701,0
2020-11-02,2020-10-30,M1,Heavy-Tail Marginals,-0.027926703456733263,-0.038247081421852944,0.012406777855302701,0
2020-11-02,2020-10-30,M2,Wavelet + Within-Scale,-0.011743888930719091,-0.013081203747495478,0.012406777855302701,0
2020-11-02,2020-10-30,M3,Full Cross-Scale Multiscale,-0.012082289662563379,-0.014616239954940703,0.012406777855302701,0
2020-11-03,2020-11-02,M0,Historical Simulation Benchmark,-0.034458368863747195,-0.06375633155588949,0.013471441927612501,0
2020-11-03,2020-11-02,M1,Heavy-Tail Marginals,-0.0264564817746782,-0.034122223768183794,0.013471441927612501,0
2020-11-03,2020-11-02,M2,Wavelet + Within-Scale,-0.012653416095873804,-0.014393606331810508,0.013471441927612501,0
2020-11-03,2020-11-02,M3,Full Cross-Scale Multiscale,-0.012461994293064627,-0.014719658909711775,0.013471441927612501,0
2020-11-04,2020-11-03,M0,Historical Simulation Benchmark,-0.034458368863747195,-0.06375633155588949,0.013916504703096381,0
2020-11-04,2020-11-03,M1,Heavy-Tail Marginals,-0.031498284827435184,-0.041930399365888854,0.013916504703096381,0
2020-11-04,2020-11-03,M2,Wavelet + Within-Scale,-0.01211897787644564,-0.013970203666379685,0.013916504703096381,0
2020-11-04,2020-11-03,M3,Full Cross-Scale Multiscale,-0.01202233289239589,-0.013633601442517134,0.013916504703096381,0
2020-11-05,2020-11-04,M0,Historical Simulation Benchmark,-0.034458368863747195,-0.06375633155588949,0.02580644690234772,0
2020-11-05,2020-11-04,M1,Heavy-Tail Marginals,-0.027681487363256794,-0.03954962581204548,0.02580644690234772,0
2020-11-05,2020-11-04,M2,Wavelet + Within-Scale,-0.01190879634856368,-0.014280535121712646,0.02580644690234772,0
2020-11-05,2020-11-04,M3,Full Cross-Scale Multiscale,-0.011743698151653666,-0.014049131365993898,0.02580644690234772,0
2020-11-06,2020-11-05,M0,Historical Simulation Benchmark,-0.034458368863747195,-0.06375633155588949,-0.005766934304712401,0
2020-11-06,2020-11-05,M1,Heavy-Tail Marginals,-0.027563103206108337,-0.03802085683015809,-0.005766934304712401,0
2020-11-06,2020-11-05,M2,Wavelet + Within-Scale,-0.011335233148983069,-0.012442970954273838,-0.005766934304712401,0
2020-11-06,2020-11-05,M3,Full Cross-Scale Multiscale,-0.011461964016978035,-0.013153508588873736,-0.005766934304712401,0
2020-11-09,2020-11-06,M0,Historical Simulation Benchmark,-0.034458368863747195,-0.06375633155588949,0.0006727490076390806,0
2020-11-09,2020-11-06,M1,Heavy-Tail Marginals,-0.02822276592334306,-0.034573698457448204,0.0006727490076390806,0
2020-11-09,2020-11-06,M2,Wavelet + Within-Scale,-0.011119164594479147,-0.012903638380337711,0.0006727490076390806,0
2020-11-09,2020-11-06,M3,Full Cross-Scale Multiscale,-0.011644749162409877,-0.013540802335734037,0.0006727490076390806,0
2020-11-10,2020-11-09,M0,Historical Simulation Benchmark,-0.034458368863747195,-0.06375633155588949,0.0051549681943169005,0
2020-11-10,2020-11-09,M1,Heavy-Tail Marginals,-0.02578471028745844,-0.035687589323928716,0.0051549681943169005,0
2020-11-10,2020-11-09,M2,Wavelet + Within-Scale,-0.011840051179935297,-0.013762875395191073,0.0051549681943169005,0
2020-11-10,2020-11-09,M3,Full Cross-Scale Multiscale,-0.01266022555571095,-0.0147588643659517,0.0051549681943169005,0
2020-11-11,2020-11-10,M0,Historical Simulation Benchmark,-0.034458368863747195,-0.06375633155588949,0.0071262464418667005,0
2020-11-11,2020-11-10,M1,Heavy-Tail Marginals,-0.028355732451258643,-0.03752601925626879,0.0071262464418667005,0
2020-11-11,2020-11-10,M2,Wavelet + Within-Scale,-0.01148806476947977,-0.013270495172973204,0.0071262464418667005,0
2020-11-11,2020-11-10,M3,Full Cross-Scale Multiscale,-0.011955781708841385,-0.013304397665937403,0.0071262464418667005,0
2020-11-12,2020-11-11,M0,Historical Simulation Benchmark,-0.034458368863747195,-0.06375633155588949,0.00495301859153596,0
2020-11-12,2020-11-11,M1,Heavy-Tail Marginals,-0.02721099875065024,-0.0379056919708653,0.00495301859153596,0
2020-11-12,2020-11-11,M2,Wavelet + Within-Scale,-0.011342925334566625,-0.013000759880830085,0.00495301859153596,0
2020-11-12,2020-11-11,M3,Full Cross-Scale Multiscale,-0.012186192843823669,-0.013859491163763383,0.00495301859153596,0
2020-11-13,2020-11-12,M0,Historical Simulation Benchmark,-0.034458368863747195,-0.06375633155588949,0.0006184628817942805,0
2020-11-13,2020-11-12,M1,Heavy-Tail Marginals,-0.030728645604418292,-0.03709908370686363,0.0006184628817942805,0
2020-11-13,2020-11-12,M2,Wavelet + Within-Scale,-0.01158819205110714,-0.013095567708500688,0.0006184628817942805,0
2020-11-13,2020-11-12,M3,Full Cross-Scale Multiscale,-0.011817230083966165,-0.013275875711010032,0.0006184628817942805,0
2020-11-16,2020-11-13,M0,Historical Simulation Benchmark,-0.034458368863747195,-0.06375633155588949,0.011919959052110334,0
2020-11-16,2020-11-13,M1,Heavy-Tail Marginals,-0.02812909234203132,-0.033608824784955714,0.011919959052110334,0
2020-11-16,2020-11-13,M2,Wavelet + Within-Scale,-0.011697786617095472,-0.013557378273724333,0.011919959052110334,0
2020-11-16,2020-11-13,M3,Full Cross-Scale Multiscale,-0.011817397117000675,-0.013694335945295458,0.011919959052110334,0
2020-11-17,2020-11-16,M0,Historical Simulation Benchmark,-0.034458368863747195,-0.06375633155588949,0.00993927507136862,0
2020-11-17,2020-11-16,M1,Heavy-Tail Marginals,-0.027087987431722887,-0.035594617767284134,0.00993927507136862,0
2020-11-17,2020-11-16,M2,Wavelet + Within-Scale,-0.011657060050299043,-0.014055076783841502,0.00993927507136862,0
2020-11-17,2020-11-16,M3,Full Cross-Scale Multiscale,-0.012389482495492229,-0.014586535771969045,0.00993927507136862,0
2020-11-18,2020-11-17,M0,Historical Simulation Benchmark,-0.034458368863747195,-0.06375633155588949,-0.0009476167103119203,0
2020-11-18,2020-11-17,M1,Heavy-Tail Marginals,-0.030124796787671423,-0.03912931884364017,-0.0009476167103119203,0
2020-11-18,2020-11-17,M2,Wavelet + Within-Scale,-0.011533196577171398,-0.013524182253161415,-0.0009476167103119203,0
2020-11-18,2020-11-17,M3,Full Cross-Scale Multiscale,-0.01233577456228998,-0.013881640056693397,-0.0009476167103119203,0
2020-11-19,2020-11-18,M0,Historical Simulation Benchmark,-0.034458368863747195,-0.06375633155588949,0.0014467139571752402,0
2020-11-19,2020-11-18,M1,Heavy-Tail Marginals,-0.0303028896184175,-0.04006358960321269,0.0014467139571752402,0
2020-11-19,2020-11-18,M2,Wavelet + Within-Scale,-0.011089726870316702,-0.012786050111052725,0.0014467139571752402,0
2020-11-19,2020-11-18,M3,Full Cross-Scale Multiscale,-0.011602193056218988,-0.014062757758375682,0.0014467139571752402,0
2020-11-20,2020-11-19,M0,Historical Simulation Benchmark,-0.034458368863747195,-0.06375633155588949,0.0096422940315134,0
2020-11-20,2020-11-19,M1,Heavy-Tail Marginals,-0.02863002668637931,-0.036932681341771315,0.0096422940315134,0
2020-11-20,2020-11-19,M2,Wavelet + Within-Scale,-0.011278380033036071,-0.013702251949901656,0.0096422940315134,0
2020-11-20,2020-11-19,M3,Full Cross-Scale Multiscale,-0.011688550312339578,-0.013765059300159851,0.0096422940315134,0
2020-11-23,2020-11-20,M0,Historical Simulation Benchmark,-0.034458368863747195,-0.06375633155588949,-0.004262181594931601,0
2020-11-23,2020-11-20,M1,Heavy-Tail Marginals,-0.026673480537145924,-0.03529596171153058,-0.004262181594931601,0
2020-11-23,2020-11-20,M2,Wavelet + Within-Scale,-0.011455804772095785,-0.014778160382459968,-0.004262181594931601,0
2020-11-23,2020-11-20,M3,Full Cross-Scale Multiscale,-0.011246331638901432,-0.013701869386120197,-0.004262181594931601,0
2020-11-24,2020-11-23,M0,Historical Simulation Benchmark,-0.034458368863747195,-0.06375633155588949,0.01621689794735772,0
2020-11-24,2020-11-23,M1,Heavy-Tail Marginals,-0.029989984919018525,-0.038701627277252244,0.01621689794735772,0
2020-11-24,2020-11-23,M2,Wavelet + Within-Scale,-0.010743674646270825,-0.012399726044562758,0.01621689794735772,0
2020-11-24,2020-11-23,M3,Full Cross-Scale Multiscale,-0.010607907931318192,-0.012821729717241118,0.01621689794735772,0
2020-11-25,2020-11-24,M0,Historical Simulation Benchmark,-0.034458368863747195,-0.06375633155588949,-0.0006367926976051401,0
2020-11-25,2020-11-24,M1,Heavy-Tail Marginals,-0.02741097978910407,-0.035563093668704214,-0.0006367926976051401,0
2020-11-25,2020-11-24,M2,Wavelet + Within-Scale,-0.010409675761517682,-0.012117875094267355,-0.0006367926976051401,0
2020-11-25,2020-11-24,M3,Full Cross-Scale Multiscale,-0.010440278079138892,-0.012111105747103277,-0.0006367926976051401,0
2020-11-27,2020-11-25,M0,Historical Simulation Benchmark,-0.034458368863747195,-0.06375633155588949,-0.0199776021518796,0
2020-11-27,2020-11-25,M1,Heavy-Tail Marginals,-0.02545813506792341,-0.03253894396841905,-0.0199776021518796,0
2020-11-27,2020-11-25,M2,Wavelet + Within-Scale,-0.01078536099176849,-0.013358362026978907,-0.0199776021518796,1
2020-11-27,2020-11-25,M3,Full Cross-Scale Multiscale,-0.011415952465252403,-0.01297466296725051,-0.0199776021518796,1
2020-11-30,2020-11-27,M0,Historical Simulation Benchmark,-0.034458368863747195,-0.06375633155588949,0.023487745779247143,0
2020-11-30,2020-11-27,M1,Heavy-Tail Marginals,-0.02856397772161126,-0.04069782899407805,0.023487745779247143,0
2020-11-30,2020-11-27,M2,Wavelet + Within-Scale,-0.010501513707952718,-0.013243205254449835,0.023487745779247143,0
2020-11-30,2020-11-27,M3,Full Cross-Scale Multiscale,-0.011105455659510544,-0.012854662132798848,0.023487745779247143,0
2020-12-01,2020-11-30,M0,Historical Simulation Benchmark,-0.034458368863747195,-0.06375633155588949,-0.005562236349962439,0
2020-12-01,2020-11-30,M1,Heavy-Tail Marginals,-0.030089947744380365,-0.03605888489135491,-0.005562236349962439,0
2020-12-01,2020-11-30,M2,Wavelet + Within-Scale,-0.011608833700129986,-0.012964431366534865,-0.005562236349962439,0
2020-12-01,2020-11-30,M3,Full Cross-Scale Multiscale,-0.010475565685706085,-0.012718898720786126,-0.005562236349962439,0
2020-12-02,2020-12-01,M0,Historical Simulation Benchmark,-0.034458368863747195,-0.06375633155588949,0.00804781059156094,0
2020-12-02,2020-12-01,M1,Heavy-Tail Marginals,-0.025463385333643458,-0.03250682782910279,0.00804781059156094,0
2020-12-02,2020-12-01,M2,Wavelet + Within-Scale,-0.010931905626109913,-0.013037882036125594,0.00804781059156094,0
2020-12-02,2020-12-01,M3,Full Cross-Scale Multiscale,-0.011726928720789011,-0.013972317487347407,0.00804781059156094,0
2020-12-03,2020-12-02,M0,Historical Simulation Benchmark,-0.034458368863747195,-0.06375633155588949,0.00637765859106132,0
2020-12-03,2020-12-02,M1,Heavy-Tail Marginals,-0.028306830305846496,-0.03537846512148573,0.00637765859106132,0
2020-12-03,2020-12-02,M2,Wavelet + Within-Scale,-0.010701107927732751,-0.012373611642782565,0.00637765859106132,0
2020-12-03,2020-12-02,M3,Full Cross-Scale Multiscale,-0.012057845741014796,-0.013676007886337892,0.00637765859106132,0
2020-12-04,2020-12-03,M0,Historical Simulation Benchmark,-0.034458368863747195,-0.06375633155588949,-0.005483606945616519,0
2020-12-04,2020-12-03,M1,Heavy-Tail Marginals,-0.028852093255382454,-0.03506958047413237,-0.005483606945616519,0
2020-12-04,2020-12-03,M2,Wavelet + Within-Scale,-0.01061236703206338,-0.012237538251299812,-0.005483606945616519,0
2020-12-04,2020-12-03,M3,Full Cross-Scale Multiscale,-0.010832708831032692,-0.012802113986925125,-0.005483606945616519,0
2020-12-07,2020-12-04,M0,Historical Simulation Benchmark,-0.034458368863747195,-0.06375633155588949,0.007344663270067241,0
2020-12-07,2020-12-04,M1,Heavy-Tail Marginals,-0.027735043231098298,-0.03314956162827116,0.007344663270067241,0
2020-12-07,2020-12-04,M2,Wavelet + Within-Scale,-0.010549576440655035,-0.012624679156409992,0.007344663270067241,0
2020-12-07,2020-12-04,M3,Full Cross-Scale Multiscale,-0.010907277683592762,-0.012525588124854261,0.007344663270067241,0
2020-12-08,2020-12-07,M0,Historical Simulation Benchmark,-0.034458368863747195,-0.06375633155588949,-0.00773880921722522,0
2020-12-08,2020-12-07,M1,Heavy-Tail Marginals,-0.02626510068791323,-0.036750089884302305,-0.00773880921722522,0
2020-12-08,2020-12-07,M2,Wavelet + Within-Scale,-0.010810917723757944,-0.012485273984530396,-0.00773880921722522,0
2020-12-08,2020-12-07,M3,Full Cross-Scale Multiscale,-0.011541432700729335,-0.013239391283499288,-0.00773880921722522,0
2020-12-09,2020-12-08,M0,Historical Simulation Benchmark,-0.034458368863747195,-0.06375633155588949,-0.00345532120437548,0
2020-12-09,2020-12-08,M1,Heavy-Tail Marginals,-0.026496059574692643,-0.030600594387150758,-0.00345532120437548,0
2020-12-09,2020-12-08,M2,Wavelet + Within-Scale,-0.011013266174011521,-0.01281076705034639,-0.00345532120437548,0
2020-12-09,2020-12-08,M3,Full Cross-Scale Multiscale,-0.011093182078438506,-0.01330223956992332,-0.00345532120437548,0
2020-12-10,2020-12-09,M0,Historical Simulation Benchmark,-0.034458368863747195,-0.06375633155588949,0.0017178177307240194,0
2020-12-10,2020-12-09,M1,Heavy-Tail Marginals,-0.027438765650596407,-0.03503090507495323,0.0017178177307240194,0
2020-12-10,2020-12-09,M2,Wavelet + Within-Scale,-0.01075476279992539,-0.012256513396473549,0.0017178177307240194,0
2020-12-10,2020-12-09,M3,Full Cross-Scale Multiscale,-0.01142894754026514,-0.013761580917050237,0.0017178177307240194,0
2020-12-11,2020-12-10,M0,Historical Simulation Benchmark,-0.034458368863747195,-0.06375633155588949,-0.00279444282795166,0
2020-12-11,2020-12-10,M1,Heavy-Tail Marginals,-0.02539644359124741,-0.033486025326774575,-0.00279444282795166,0
2020-12-11,2020-12-10,M2,Wavelet + Within-Scale,-0.010711185163497262,-0.01326818350287794,-0.00279444282795166,0
2020-12-11,2020-12-10,M3,Full Cross-Scale Multiscale,-0.011095121592404509,-0.013296559255265183,-0.00279444282795166,0
2020-12-14,2020-12-11,M0,Historical Simulation Benchmark,-0.034458368863747195,-0.06375633155588949,0.012056131964365962,0
2020-12-14,2020-12-11,M1,Heavy-Tail Marginals,-0.02920007702978042,-0.03619362996360482,0.012056131964365962,0
2020-12-14,2020-12-11,M2,Wavelet + Within-Scale,-0.01033826500987171,-0.011916530934893355,0.012056131964365962,0
2020-12-14,2020-12-11,M3,Full Cross-Scale Multiscale,-0.011904980027393128,-0.013946543539481415,0.012056131964365962,0
2020-12-15,2020-12-14,M0,Historical Simulation Benchmark,-0.034458368863747195,-0.06375633155588949,0.00931490985122774,0
2020-12-15,2020-12-14,M1,Heavy-Tail Marginals,-0.027612825231405975,-0.03799007317669838,0.00931490985122774,0
2020-12-15,2020-12-14,M2,Wavelet + Within-Scale,-0.010879943993305514,-0.01293652629859241,0.00931490985122774,0
2020-12-15,2020-12-14,M3,Full Cross-Scale Multiscale,-0.011593527175896288,-0.013015393514638655,0.00931490985122774,0
2020-12-16,2020-12-15,M0,Historical Simulation Benchmark,-0.034458368863747195,-0.06375633155588949,0.0210834923634568,0
2020-12-16,2020-12-15,M1,Heavy-Tail Marginals,-0.028009353535293872,-0.03447132319129481,0.0210834923634568,0
2020-12-16,2020-12-15,M2,Wavelet + Within-Scale,-0.011317416522400071,-0.013329820702253506,0.0210834923634568,0
2020-12-16,2020-12-15,M3,Full Cross-Scale Multiscale,-0.011414653000279728,-0.013255453289662013,0.0210834923634568,0
2020-12-17,2020-12-16,M0,Historical Simulation Benchmark,-0.034458368863747195,-0.06375633155588949,0.019168824432226502,0
2020-12-17,2020-12-16,M1,Heavy-Tail Marginals,-0.029517098423888274,-0.03548388658225558,0.019168824432226502,0
2020-12-17,2020-12-16,M2,Wavelet + Within-Scale,-0.01062050037509673,-0.012653501213686172,0.019168824432226502,0
2020-12-17,2020-12-16,M3,Full Cross-Scale Multiscale,-0.010615649285646138,-0.012654059482284865,0.019168824432226502,0
2020-12-18,2020-12-17,M0,Historical Simulation Benchmark,-0.034458368863747195,-0.06375633155588949,0.0035111334122233002,0
2020-12-18,2020-12-17,M1,Heavy-Tail Marginals,-0.025700827797010387,-0.03813854282327351,0.0035111334122233002,0
2020-12-18,2020-12-17,M2,Wavelet + Within-Scale,-0.010223548525624515,-0.011801504481752467,0.0035111334122233002,0
2020-12-18,2020-12-17,M3,Full Cross-Scale Multiscale,-0.0107873858440352,-0.013398719494105194,0.0035111334122233002,0
2020-12-21,2020-12-18,M0,Historical Simulation Benchmark,-0.034458368863747195,-0.06375633155588949,-0.009216165718748,0
2020-12-21,2020-12-18,M1,Heavy-Tail Marginals,-0.025214787331255744,-0.03132377963208234,-0.009216165718748,0
2020-12-21,2020-12-18,M2,Wavelet + Within-Scale,-0.010766702848291428,-0.012532108110204146,-0.009216165718748,0
2020-12-21,2020-12-18,M3,Full Cross-Scale Multiscale,-0.011744072092604101,-0.013989826101212901,-0.009216165718748,0
2020-12-22,2020-12-21,M0,Historical Simulation Benchmark,-0.034458368863747195,-0.06375633155588949,0.003426200915677401,0
2020-12-22,2020-12-21,M1,Heavy-Tail Marginals,-0.02807072427509198,-0.039586113290922466,0.003426200915677401,0
2020-12-22,2020-12-21,M2,Wavelet + Within-Scale,-0.01021688219775413,-0.012630771599897816,0.003426200915677401,0
2020-12-22,2020-12-21,M3,Full Cross-Scale Multiscale,-0.011601720255751515,-0.013328539009986675,0.003426200915677401,0
2020-12-23,2020-12-22,M0,Historical Simulation Benchmark,-0.034458368863747195,-0.06375633155588949,0.0005511414828715611,0
2020-12-23,2020-12-22,M1,Heavy-Tail Marginals,-0.029393819440297,-0.036215443147938745,0.0005511414828715611,0
2020-12-23,2020-12-22,M2,Wavelet + Within-Scale,-0.013579857321413317,-0.01551882106423708,0.0005511414828715611,0
2020-12-23,2020-12-22,M3,Full Cross-Scale Multiscale,-0.013914759359929791,-0.01635342564071744,0.0005511414828715611,0
2020-12-24,2020-12-23,M0,Historical Simulation Benchmark,-0.034458368863747195,-0.06375633155588949,0.0071031145851052,0
2020-12-24,2020-12-23,M1,Heavy-Tail Marginals,-0.02912274884501786,-0.03687790939876075,0.0071031145851052,0
2020-12-24,2020-12-23,M2,Wavelet + Within-Scale,-0.013527526912727293,-0.015592031385619815,0.0071031145851052,0
2020-12-24,2020-12-23,M3,Full Cross-Scale Multiscale,-0.01456755246696395,-0.016225259079486815,0.0071031145851052,0
2020-12-28,2020-12-24,M0,Historical Simulation Benchmark,-0.034458368863747195,-0.06375633155588949,0.02538182874500746,0
2020-12-28,2020-12-24,M1,Heavy-Tail Marginals,-0.029535572603913856,-0.04808949503478276,0.02538182874500746,0
2020-12-28,2020-12-24,M2,Wavelet + Within-Scale,-0.013322977395551931,-0.014946429472603759,0.02538182874500746,0
2020-12-28,2020-12-24,M3,Full Cross-Scale Multiscale,-0.014137876134341384,-0.015567283274909235,0.02538182874500746,0
2020-12-29,2020-12-28,M0,Historical Simulation Benchmark,-0.034458368863747195,-0.06375633155588949,0.00351409610292166,0
2020-12-29,2020-12-28,M1,Heavy-Tail Marginals,-0.029103178392943154,-0.0428739796979929,0.00351409610292166,0
2020-12-29,2020-12-28,M2,Wavelet + Within-Scale,-0.014288925542593745,-0.01672235644332682,0.00351409610292166,0
2020-12-29,2020-12-28,M3,Full Cross-Scale Multiscale,-0.014137154131274454,-0.016866650103393537,0.00351409610292166,0
2020-12-30,2020-12-29,M0,Historical Simulation Benchmark,-0.034458368863747195,-0.06375633155588949,0.01326057755606458,0
2020-12-30,2020-12-29,M1,Heavy-Tail Marginals,-0.02722507898131526,-0.03362914874799756,0.01326057755606458,0
2020-12-30,2020-12-29,M2,Wavelet + Within-Scale,-0.013440418711849103,-0.014801726826978922,0.01326057755606458,0
2020-12-30,2020-12-29,M3,Full Cross-Scale Multiscale,-0.013241583423037138,-0.01641246083301879,0.01326057755606458,0
2020-12-31,2020-12-30,M0,Historical Simulation Benchmark,-0.034458368863747195,-0.06375633155588949,0.0036070096059925803,0
2020-12-31,2020-12-30,M1,Heavy-Tail Marginals,-0.032054757491895416,-0.05203889370996623,0.0036070096059925803,0
2020-12-31,2020-12-30,M2,Wavelet + Within-Scale,-0.012765886682536066,-0.01475198892234697,0.0036070096059925803,0
2020-12-31,2020-12-30,M3,Full Cross-Scale Multiscale,-0.013357685486283757,-0.015142443944509776,0.0036070096059925803,0
2021-01-04,2020-12-31,M0,Historical Simulation Benchmark,-0.034458368863747195,-0.06375633155588949,0.017357982980170224,0
2021-01-04,2020-12-31,M1,Heavy-Tail Marginals,-0.026236692996663424,-0.03398801603417458,0.017357982980170224,0
2021-01-04,2020-12-31,M2,Wavelet + Within-Scale,-0.01373456000259182,-0.016373976653191454,0.017357982980170224,0
2021-01-04,2020-12-31,M3,Full Cross-Scale Multiscale,-0.013848136124285917,-0.01646713736417894,0.017357982980170224,0
2021-01-05,2021-01-04,M0,Historical Simulation Benchmark,-0.034458368863747195,-0.06375633155588949,0.02316352445242146,0
2021-01-05,2021-01-04,M1,Heavy-Tail Marginals,-0.028784071308740986,-0.03506531012083064,0.02316352445242146,0
2021-01-05,2021-01-04,M2,Wavelet + Within-Scale,-0.013493732904767762,-0.015038028510855849,0.02316352445242146,0
2021-01-05,2021-01-04,M3,Full Cross-Scale Multiscale,-0.013399775641699722,-0.01535428878765081,0.02316352445242146,0
2021-01-06,2021-01-05,M0,Historical Simulation Benchmark,-0.034458368863747195,-0.06375633155588949,0.01374794168483616,0
2021-01-06,2021-01-05,M1,Heavy-Tail Marginals,-0.026906534692212245,-0.032982751640332174,0.01374794168483616,0
2021-01-06,2021-01-05,M2,Wavelet + Within-Scale,-0.013287965975224669,-0.016201279830103263,0.01374794168483616,0
2021-01-06,2021-01-05,M3,Full Cross-Scale Multiscale,-0.014180313757252814,-0.016601795843367184,0.01374794168483616,0
2021-01-07,2021-01-06,M0,Historical Simulation Benchmark,-0.034458368863747195,-0.06375633155588949,0.017596690442576723,0
2021-01-07,2021-01-06,M1,Heavy-Tail Marginals,-0.028990008021262014,-0.038693304765968425,0.017596690442576723,0
2021-01-07,2021-01-06,M2,Wavelet + Within-Scale,-0.013380321708666624,-0.016303460447348463,0.017596690442576723,0
2021-01-07,2021-01-06,M3,Full Cross-Scale Multiscale,-0.014443089279895654,-0.016213081831788552,0.017596690442576723,0
2021-01-08,2021-01-07,M0,Historical Simulation Benchmark,-0.034458368863747195,-0.06375633155588949,0.0058650638278853985,0
2021-01-08,2021-01-07,M1,Heavy-Tail Marginals,-0.029853346413484222,-0.043726218823128764,0.0058650638278853985,0
2021-01-08,2021-01-07,M2,Wavelet + Within-Scale,-0.013342483914986696,-0.01470253387107453,0.0058650638278853985,0
2021-01-08,2021-01-07,M3,Full Cross-Scale Multiscale,-0.013771783120597833,-0.015419132033243205,0.0058650638278853985,0
2021-01-11,2021-01-08,M0,Historical Simulation Benchmark,-0.034458368863747195,-0.06375633155588949,-0.0305397743669312,0
2021-01-11,2021-01-08,M1,Heavy-Tail Marginals,-0.029529499558598307,-0.03832411775240982,-0.0305397743669312,1
2021-01-11,2021-01-08,M2,Wavelet + Within-Scale,-0.013193662051737724,-0.015657942098957066,-0.0305397743669312,1
2021-01-11,2021-01-08,M3,Full Cross-Scale Multiscale,-0.013775317439457946,-0.0156679855936958,-0.0305397743669312,1
2021-01-12,2021-01-11,M0,Historical Simulation Benchmark,-0.034458368863747195,-0.06375633155588949,-0.004566704120290301,0
2021-01-12,2021-01-11,M1,Heavy-Tail Marginals,-0.029724200632508694,-0.0390092017742688,-0.004566704120290301,0
2021-01-12,2021-01-11,M2,Wavelet + Within-Scale,-0.013563038380310356,-0.015580202568700196,-0.004566704120290301,0
2021-01-12,2021-01-11,M3,Full Cross-Scale Multiscale,-0.014060943895272971,-0.01614029969746578,-0.004566704120290301,0
2021-01-13,2021-01-12,M0,Historical Simulation Benchmark,-0.034458368863747195,-0.06375633155588949,0.018878378394681438,0
2021-01-13,2021-01-12,M1,Heavy-Tail Marginals,-0.028728161513753885,-0.03474720159809458,0.018878378394681438,0
2021-01-13,2021-01-12,M2,Wavelet + Within-Scale,-0.013560209051460263,-0.016261013736161338,0.018878378394681438,0
2021-01-13,2021-01-12,M3,Full Cross-Scale Multiscale,-0.014826616111916394,-0.01742211062278889,0.018878378394681438,0
2021-01-14,2021-01-13,M0,Historical Simulation Benchmark,-0.034458368863747195,-0.06375633155588949,0.010965352698391181,0
2021-01-14,2021-01-13,M1,Heavy-Tail Marginals,-0.02805563698591877,-0.03880285436265869,0.010965352698391181,0
2021-01-14,2021-01-13,M2,Wavelet + Within-Scale,-0.013617381431702573,-0.016099069726697203,0.010965352698391181,0
2021-01-14,2021-01-13,M3,Full Cross-Scale Multiscale,-0.013843226136928864,-0.017136825629694645,0.010965352698391181,0
2021-01-15,2021-01-14,M0,Historical Simulation Benchmark,-0.034458368863747195,-0.06375633155588949,-0.020882858116294922,0
2021-01-15,2021-01-14,M1,Heavy-Tail Marginals,-0.02970931315766457,-0.0406342673222523,-0.020882858116294922,0
2021-01-15,2021-01-14,M2,Wavelet + Within-Scale,-0.013248205501487614,-0.015874587376547674,-0.020882858116294922,1
2021-01-15,2021-01-14,M3,Full Cross-Scale Multiscale,-0.013969157060107689,-0.016008705213980394,-0.020882858116294922,1
2021-01-19,2021-01-15,M0,Historical Simulation Benchmark,-0.034458368863747195,-0.06375633155588949,0.0015307760289501003,0
2021-01-19,2021-01-15,M1,Heavy-Tail Marginals,-0.02801958567945104,-0.04249756566713404,0.0015307760289501003,0
2021-01-19,2021-01-15,M2,Wavelet + Within-Scale,-0.01300169498623887,-0.015459442556233337,0.0015307760289501003,0
2021-01-19,2021-01-15,M3,Full Cross-Scale Multiscale,-0.014295089327548348,-0.01714199690773794,0.0015307760289501003,0
2021-01-20,2021-01-19,M0,Historical Simulation Benchmark,-0.034458368863747195,-0.06375633155588949,0.0033711877238923,0
2021-01-20,2021-01-19,M1,Heavy-Tail Marginals,-0.0295921296546411,-0.035407316360588324,0.0033711877238923,0
2021-01-20,2021-01-19,M2,Wavelet + Within-Scale,-0.013496883950707172,-0.015288385369761672,0.0033711877238923,0
2021-01-20,2021-01-19,M3,Full Cross-Scale Multiscale,-0.0138775835967572,-0.01524281999479787,0.0033711877238923,0
2021-01-21,2021-01-20,M0,Historical Simulation Benchmark,-0.034458368863747195,-0.06375633155588949,-0.028903579525071086,0
2021-01-21,2021-01-20,M1,Heavy-Tail Marginals,-0.027561557835391767,-0.03676989069939901,-0.028903579525071086,1
2021-01-21,2021-01-20,M2,Wavelet + Within-Scale,-0.013425928687994308,-0.014406935908337321,-0.028903579525071086,1
2021-01-21,2021-01-20,M3,Full Cross-Scale Multiscale,-0.014026643768760198,-0.01583192538609174,-0.028903579525071086,1
2021-01-22,2021-01-21,M0,Historical Simulation Benchmark,-0.034458368863747195,-0.06375633155588949,0.00869404650918016,0
2021-01-22,2021-01-21,M1,Heavy-Tail Marginals,-0.027412361719962034,-0.033495509762478226,0.00869404650918016,0
2021-01-22,2021-01-21,M2,Wavelet + Within-Scale,-0.013794376710213297,-0.016418939742752443,0.00869404650918016,0
2021-01-22,2021-01-21,M3,Full Cross-Scale Multiscale,-0.014484981970323326,-0.017127063016798463,0.00869404650918016,0
2021-01-25,2021-01-22,M0,Historical Simulation Benchmark,-0.034458368863747195,-0.06375633155588949,-0.0001114016685385597,0
2021-01-25,2021-01-22,M1,Heavy-Tail Marginals,-0.030153534824340356,-0.04006416607684611,-0.0001114016685385597,0
2021-01-25,2021-01-22,M2,Wavelet + Within-Scale,-0.014588030991888708,-0.01624578098751186,-0.0001114016685385597,0
2021-01-25,2021-01-22,M3,Full Cross-Scale Multiscale,-0.014573338432798295,-0.016583943772439554,-0.0001114016685385597,0
2021-01-26,2021-01-25,M0,Historical Simulation Benchmark,-0.034458368863747195,-0.06375633155588949,-0.00040926487629474,0
2021-01-26,2021-01-25,M1,Heavy-Tail Marginals,-0.04157279282014664,-0.06213212814067991,-0.00040926487629474,0
2021-01-26,2021-01-25,M2,Wavelet + Within-Scale,-0.02071856578968122,-0.025210427270353653,-0.00040926487629474,0
2021-01-26,2021-01-25,M3,Full Cross-Scale Multiscale,-0.023183368634141725,-0.02774540434001398,-0.00040926487629474,0
2021-01-27,2021-01-26,M0,Historical Simulation Benchmark,-0.034458368863747195,-0.06375633155588949,-0.0192778339669347,0
2021-01-27,2021-01-26,M1,Heavy-Tail Marginals,-0.0431628653063562,-0.056737171822831535,-0.0192778339669347,0
2021-01-27,2021-01-26,M2,Wavelet + Within-Scale,-0.022090741966107198,-0.024906157303410444,-0.0192778339669347,0
2021-01-27,2021-01-26,M3,Full Cross-Scale Multiscale,-0.022127184668040662,-0.02575412401315098,-0.0192778339669347,0
2021-01-28,2021-01-27,M0,Historical Simulation Benchmark,-0.034458368863747195,-0.06375633155588949,0.018967700063916723,0
2021-01-28,2021-01-27,M1,Heavy-Tail Marginals,-0.04132307540523892,-0.04969713783696601,0.018967700063916723,0
2021-01-28,2021-01-27,M2,Wavelet + Within-Scale,-0.02128574827909953,-0.02378174273586917,0.018967700063916723,0
2021-01-28,2021-01-27,M3,Full Cross-Scale Multiscale,-0.022552440661665448,-0.02593768527362756,0.018967700063916723,0
2021-01-29,2021-01-28,M0,Historical Simulation Benchmark,-0.034458368863747195,-0.06375633155588949,0.00014114048535546122,0
2021-01-29,2021-01-28,M1,Heavy-Tail Marginals,-0.03733953424472736,-0.0516618345385896,0.00014114048535546122,0
2021-01-29,2021-01-28,M2,Wavelet + Within-Scale,-0.021837259317665832,-0.026093862170729787,0.00014114048535546122,0
2021-01-29,2021-01-28,M3,Full Cross-Scale Multiscale,-0.02308371976690976,-0.027602533811797798,0.00014114048535546122,0
2021-02-01,2021-01-29,M0,Historical Simulation Benchmark,-0.034458368863747195,-0.06375633155588949,0.006099577618543341,0
2021-02-01,2021-01-29,M1,Heavy-Tail Marginals,-0.04239264246457155,-0.05804888860613823,0.006099577618543341,0
2021-02-01,2021-01-29,M2,Wavelet + Within-Scale,-0.020840995165623936,-0.02428830544502154,0.006099577618543341,0
2021-02-01,2021-01-29,M3,Full Cross-Scale Multiscale,-0.022611820921630384,-0.02551147276589401,0.006099577618543341,0
2021-02-02,2021-02-01,M0,Historical Simulation Benchmark,-0.034458368863747195,-0.06375633155588949,0.015126187818961362,0
2021-02-02,2021-02-01,M1,Heavy-Tail Marginals,-0.03978244788815058,-0.05268214456854218,0.015126187818961362,0
2021-02-02,2021-02-01,M2,Wavelet + Within-Scale,-0.021531388861780094,-0.024569845399811396,0.015126187818961362,0
2021-02-02,2021-02-01,M3,Full Cross-Scale Multiscale,-0.02205734854780091,-0.02557533738958368,0.015126187818961362,0
2021-02-03,2021-02-02,M0,Historical Simulation Benchmark,-0.034458368863747195,-0.06375633155588949,0.01345897546224142,0
2021-02-03,2021-02-02,M1,Heavy-Tail Marginals,-0.037246574848874406,-0.05073347007603015,0.01345897546224142,0
2021-02-03,2021-02-02,M2,Wavelet + Within-Scale,-0.022946214005199424,-0.026548081791508138,0.01345897546224142,0
2021-02-03,2021-02-02,M3,Full Cross-Scale Multiscale,-0.022434617920472327,-0.025164039876326184,0.01345897546224142,0
2021-02-04,2021-02-03,M0,Historical Simulation Benchmark,-0.034458368863747195,-0.06375633155588949,-0.00312954382470264,0
2021-02-04,2021-02-03,M1,Heavy-Tail Marginals,-0.04609080034029903,-0.05799324806432047,-0.00312954382470264,0
2021-02-04,2021-02-03,M2,Wavelet + Within-Scale,-0.021223181636742822,-0.024602299489335615,-0.00312954382470264,0
2021-02-04,2021-02-03,M3,Full Cross-Scale Multiscale,-0.02211331251780768,-0.026272769092596505,-0.00312954382470264,0
2021-02-05,2021-02-04,M0,Historical Simulation Benchmark,-0.034458368863747195,-0.06375633155588949,0.0108182284877998,0
2021-02-05,2021-02-04,M1,Heavy-Tail Marginals,-0.042633629825033444,-0.05356125325050135,0.0108182284877998,0
2021-02-05,2021-02-04,M2,Wavelet + Within-Scale,-0.020702529590743177,-0.02444218688742895,0.0108182284877998,0
2021-02-05,2021-02-04,M3,Full Cross-Scale Multiscale,-0.021827954760828498,-0.025246546535726812,0.0108182284877998,0
2021-02-08,2021-02-05,M0,Historical Simulation Benchmark,-0.034458368863747195,-0.06375633155588949,0.045722934656011203,0
2021-02-08,2021-02-05,M1,Heavy-Tail Marginals,-0.0346523831009884,-0.04427954287714402,0.045722934656011203,0
2021-02-08,2021-02-05,M2,Wavelet + Within-Scale,-0.0220558253829549,-0.02572152435894422,0.045722934656011203,0
2021-02-08,2021-02-05,M3,Full Cross-Scale Multiscale,-0.023871034241501374,-0.027346513329040256,0.045722934656011203,0
2021-02-09,2021-02-08,M0,Historical Simulation Benchmark,-0.034458368863747195,-0.06375633155588949,0.0030777348150191203,0
2021-02-09,2021-02-08,M1,Heavy-Tail Marginals,-0.04140819285161791,-0.055466577912194406,0.0030777348150191203,0
2021-02-09,2021-02-08,M2,Wavelet + Within-Scale,-0.02181043349651521,-0.026551532021753987,0.0030777348150191203,0
2021-02-09,2021-02-08,M3,Full Cross-Scale Multiscale,-0.022339081590889952,-0.026306944233344176,0.0030777348150191203,0
2021-02-10,2021-02-09,M0,Historical Simulation Benchmark,-0.034458368863747195,-0.06375633155588949,-0.0051280222406411,0
2021-02-10,2021-02-09,M1,Heavy-Tail Marginals,-0.040422301608202114,-0.05967346477326231,-0.0051280222406411,0
2021-02-10,2021-02-09,M2,Wavelet + Within-Scale,-0.021531014740512732,-0.02509719830692524,-0.0051280222406411,0
2021-02-10,2021-02-09,M3,Full Cross-Scale Multiscale,-0.02320803772734377,-0.026937114988364895,-0.0051280222406411,0
2021-02-11,2021-02-10,M0,Historical Simulation Benchmark,-0.034458368863747195,-0.06375633155588949,0.009734759029487141,0
2021-02-11,2021-02-10,M1,Heavy-Tail Marginals,-0.0418563372888918,-0.057185420330917856,0.009734759029487141,0
2021-02-11,2021-02-10,M2,Wavelet + Within-Scale,-0.021151522278812875,-0.02484425036096574,0.009734759029487141,0
2021-02-11,2021-02-10,M3,Full Cross-Scale Multiscale,-0.02364419692252549,-0.026458835738983427,0.009734759029487141,0
2021-02-12,2021-02-11,M0,Historical Simulation Benchmark,-0.034458368863747195,-0.06375633155588949,0.0029375612114623806,0
2021-02-12,2021-02-11,M1,Heavy-Tail Marginals,-0.04288555609050237,-0.05228403539466644,0.0029375612114623806,0
2021-02-12,2021-02-11,M2,Wavelet + Within-Scale,-0.022043502900581557,-0.026631045612741083,0.0029375612114623806,0
2021-02-12,2021-02-11,M3,Full Cross-Scale Multiscale,-0.02148618683991549,-0.025543542712005134,0.0029375612114623806,0
2021-02-16,2021-02-12,M0,Historical Simulation Benchmark,-0.034458368863747195,-0.06375633155588949,0.005036245528217842,0
2021-02-16,2021-02-12,M1,Heavy-Tail Marginals,-0.04077456758752001,-0.05747559609795192,0.005036245528217842,0
2021-02-16,2021-02-12,M2,Wavelet + Within-Scale,-0.021182846802149956,-0.023982937837781583,0.005036245528217842,0
2021-02-16,2021-02-12,M3,Full Cross-Scale Multiscale,-0.022661086588123536,-0.025822196953897387,0.005036245528217842,0
2021-02-17,2021-02-16,M0,Historical Simulation Benchmark,-0.034458368863747195,-0.06375633155588949,0.011705704469983421,0
2021-02-17,2021-02-16,M1,Heavy-Tail Marginals,-0.0374401066194061,-0.05041368399947388,0.011705704469983421,0
2021-02-17,2021-02-16,M2,Wavelet + Within-Scale,-0.02337738868712263,-0.026264092049790622,0.011705704469983421,0
2021-02-17,2021-02-16,M3,Full Cross-Scale Multiscale,-0.02301408516094829,-0.025757794478472318,0.011705704469983421,0
2021-02-18,2021-02-17,M0,Historical Simulation Benchmark,-0.034458368863747195,-0.06375633155588949,-0.00574553619000812,0
2021-02-18,2021-02-17,M1,Heavy-Tail Marginals,-0.04356491260174295,-0.053401703936067114,-0.00574553619000812,0
2021-02-18,2021-02-17,M2,Wavelet + Within-Scale,-0.021672925796712195,-0.025133835600497284,-0.00574553619000812,0
2021-02-18,2021-02-17,M3,Full Cross-Scale Multiscale,-0.02337852289726541,-0.028055988147094868,-0.00574553619000812,0
2021-02-19,2021-02-18,M0,Historical Simulation Benchmark,-0.034458368863747195,-0.06375633155588949,0.0123746785721453,0
2021-02-19,2021-02-18,M1,Heavy-Tail Marginals,-0.04070813506178688,-0.05620914550969168,0.0123746785721453,0
2021-02-19,2021-02-18,M2,Wavelet + Within-Scale,-0.021362059966555436,-0.02474088057700371,0.0123746785721453,0
2021-02-19,2021-02-18,M3,Full Cross-Scale Multiscale,-0.022196074388685105,-0.02621094827712007,0.0123746785721453,0
2021-02-22,2021-02-19,M0,Historical Simulation Benchmark,-0.034458368863747195,-0.06375633155588949,0.0028999568698580783,0
2021-02-22,2021-02-19,M1,Heavy-Tail Marginals,-0.03831030491787883,-0.051749590807039614,0.0028999568698580783,0
2021-02-22,2021-02-19,M2,Wavelet + Within-Scale,-0.02163859351012555,-0.025637319719431027,0.0028999568698580783,0
2021-02-22,2021-02-19,M3,Full Cross-Scale Multiscale,-0.021901931478387118,-0.026398776632507996,0.0028999568698580783,0
2021-02-23,2021-02-22,M0,Historical Simulation Benchmark,-0.034458368863747195,-0.06375633155588949,-0.01933977561165586,0
2021-02-23,2021-02-22,M1,Heavy-Tail Marginals,-0.03882427858340872,-0.05456041890849791,-0.01933977561165586,0
2021-02-23,2021-02-22,M2,Wavelet + Within-Scale,-0.02294750782479663,-0.024962828842468733,-0.01933977561165586,0
2021-02-23,2021-02-22,M3,Full Cross-Scale Multiscale,-0.02161389433139069,-0.02557433151585901,-0.01933977561165586,0
2021-02-24,2021-02-23,M0,Historical Simulation Benchmark,-0.034458368863747195,-0.06375633155588949,0.00953570177799446,0
2021-02-24,2021-02-23,M1,Heavy-Tail Marginals,-0.03853361410914369,-0.060363030522848235,0.00953570177799446,0
2021-02-24,2021-02-23,M2,Wavelet + Within-Scale,-0.021868465762545742,-0.026535425465869057,0.00953570177799446,0
2021-02-24,2021-02-23,M3,Full Cross-Scale Multiscale,-0.021352775389230794,-0.026327998039622845,0.00953570177799446,0
2021-02-25,2021-02-24,M0,Historical Simulation Benchmark,-0.034458368863747195,-0.06375633155588949,-0.02234342745360238,0
2021-02-25,2021-02-24,M1,Heavy-Tail Marginals,-0.036555078143028226,-0.05180113886747876,-0.02234342745360238,0
2021-02-25,2021-02-24,M2,Wavelet + Within-Scale,-0.02111477554216834,-0.024440870010591843,-0.02234342745360238,1
2021-02-25,2021-02-24,M3,Full Cross-Scale Multiscale,-0.023189102018636634,-0.026944404641228915,-0.02234342745360238,0
2021-02-26,2021-02-25,M0,Historical Simulation Benchmark,-0.034458368863747195,-0.06375633155588949,-0.012861743921322121,0
2021-02-26,2021-02-25,M1,Heavy-Tail Marginals,-0.03673445318636175,-0.04988183147018374,-0.012861743921322121,0
2021-02-26,2021-02-25,M2,Wavelet + Within-Scale,-0.02112380351018705,-0.023808721630556036,-0.012861743921322121,0
2021-02-26,2021-02-25,M3,Full Cross-Scale Multiscale,-0.0219874875560524,-0.02651462719340994,-0.012861743921322121,0
2021-03-01,2021-02-26,M0,Historical Simulation Benchmark,-0.034458368863747195,-0.06375633155588949,0.014475775932076121,0
2021-03-01,2021-02-26,M1,Heavy-Tail Marginals,-0.03640444202576874,-0.0490887758837389,0.014475775932076121,0
2021-03-01,2021-02-26,M2,Wavelet + Within-Scale,-0.01933537761720701,-0.0235316777199482,0.014475775932076121,0
2021-03-01,2021-02-26,M3,Full Cross-Scale Multiscale,-0.02104068422685343,-0.024709230702153424,0.014475775932076121,0
2021-03-02,2021-03-01,M0,Historical Simulation Benchmark,-0.034458368863747195,-0.06375633155588949,-0.007856083362351659,0
2021-03-02,2021-03-01,M1,Heavy-Tail Marginals,-0.03807622956351971,-0.05456458555240847,-0.007856083362351659,0
2021-03-02,2021-03-01,M2,Wavelet + Within-Scale,-0.020925979777202588,-0.023784236507001143,-0.007856083362351659,0
2021-03-02,2021-03-01,M3,Full Cross-Scale Multiscale,-0.021740476346176096,-0.024220209992167094,-0.007856083362351659,0
2021-03-03,2021-03-02,M0,Historical Simulation Benchmark,-0.034458368863747195,-0.06375633155588949,0.00804617298319608,0
2021-03-03,2021-03-02,M1,Heavy-Tail Marginals,-0.03537815006279145,-0.044831015585040414,0.00804617298319608,0
2021-03-03,2021-03-02,M2,Wavelet + Within-Scale,-0.020659532051301853,-0.024712445590269302,0.00804617298319608,0
2021-03-03,2021-03-02,M3,Full Cross-Scale Multiscale,-0.022936178786733867,-0.02581308959497956,0.00804617298319608,0
2021-03-04,2021-03-03,M0,Historical Simulation Benchmark,-0.034458368863747195,-0.06375633155588949,-0.00427202373899904,0
2021-03-04,2021-03-03,M1,Heavy-Tail Marginals,-0.03664261694973182,-0.050837727408438185,-0.00427202373899904,0
2021-03-04,2021-03-03,M2,Wavelet + Within-Scale,-0.019456142532511517,-0.022721740087873983,-0.00427202373899904,0
2021-03-04,2021-03-03,M3,Full Cross-Scale Multiscale,-0.02303131295458821,-0.027519449817008414,-0.00427202373899904,0
2021-03-05,2021-03-04,M0,Historical Simulation Benchmark,-0.034458368863747195,-0.06375633155588949,0.01125701457748862,0
2021-03-05,2021-03-04,M1,Heavy-Tail Marginals,-0.03270780907260625,-0.04254391098850309,0.01125701457748862,0
2021-03-05,2021-03-04,M2,Wavelet + Within-Scale,-0.020148500840681136,-0.024193519564184335,0.01125701457748862,0
2021-03-05,2021-03-04,M3,Full Cross-Scale Multiscale,-0.02222197404082973,-0.0280703520352647,0.01125701457748862,0
2021-03-08,2021-03-05,M0,Historical Simulation Benchmark,-0.034458368863747195,-0.06375633155588949,0.004980920275324499,0
2021-03-08,2021-03-05,M1,Heavy-Tail Marginals,-0.036587754921078165,-0.04627607922030557,0.004980920275324499,0
2021-03-08,2021-03-05,M2,Wavelet + Within-Scale,-0.02194755038207902,-0.025212748108805368,0.004980920275324499,0
2021-03-08,2021-03-05,M3,Full Cross-Scale Multiscale,-0.02077771395370047,-0.02438439338444126,0.004980920275324499,0
2021-03-09,2021-03-08,M0,Historical Simulation Benchmark,-0.034458368863747195,-0.06375633155588949,0.01582057637822222,0
2021-03-09,2021-03-08,M1,Heavy-Tail Marginals,-0.03994806059862564,-0.052475443337577345,0.01582057637822222,0
2021-03-09,2021-03-08,M2,Wavelet + Within-Scale,-0.020856734882740324,-0.025608282758578276,0.01582057637822222,0
2021-03-09,2021-03-08,M3,Full Cross-Scale Multiscale,-0.021878695701591396,-0.026026390962701883,0.01582057637822222,0
2021-03-10,2021-03-09,M0,Historical Simulation Benchmark,-0.034458368863747195,-0.06375633155588949,0.00985325366637296,0
2021-03-10,2021-03-09,M1,Heavy-Tail Marginals,-0.0347773637874975,-0.049679900430975976,0.00985325366637296,0
2021-03-10,2021-03-09,M2,Wavelet + Within-Scale,-0.020572162409249074,-0.02522525948212767,0.00985325366637296,0
2021-03-10,2021-03-09,M3,Full Cross-Scale Multiscale,-0.023042681650733258,-0.025893799724835763,0.00985325366637296,0
2021-03-11,2021-03-10,M0,Historical Simulation Benchmark,-0.034458368863747195,-0.06375633155588949,0.01198339399307952,0
2021-03-11,2021-03-10,M1,Heavy-Tail Marginals,-0.036393383624404696,-0.04534335147479091,0.01198339399307952,0
2021-03-11,2021-03-10,M2,Wavelet + Within-Scale,-0.02226652723079667,-0.02726212618351012,0.01198339399307952,0
2021-03-11,2021-03-10,M3,Full Cross-Scale Multiscale,-0.022567765787582753,-0.02707267095469923,0.01198339399307952,0
2021-03-12,2021-03-11,M0,Historical Simulation Benchmark,-0.034458368863747195,-0.06375633155588949,-0.003987979415335341,0
2021-03-12,2021-03-11,M1,Heavy-Tail Marginals,-0.036854477450635297,-0.04638289906825921,-0.003987979415335341,0
2021-03-12,2021-03-11,M2,Wavelet + Within-Scale,-0.0219325835346691,-0.02597260340478037,-0.003987979415335341,0
2021-03-12,2021-03-11,M3,Full Cross-Scale Multiscale,-0.021409850716485598,-0.02514442633596184,-0.003987979415335341,0
2021-03-15,2021-03-12,M0,Historical Simulation Benchmark,-0.034458368863747195,-0.06375633155588949,-0.0031274568177393196,0
2021-03-15,2021-03-12,M1,Heavy-Tail Marginals,-0.03615412935078692,-0.052644283476844835,-0.0031274568177393196,0
2021-03-15,2021-03-12,M2,Wavelet + Within-Scale,-0.0208016696952845,-0.023858141584231423,-0.0031274568177393196,0
2021-03-15,2021-03-12,M3,Full Cross-Scale Multiscale,-0.021926407113827803,-0.02521038050823581,-0.0031274568177393196,0
2021-03-16,2021-03-15,M0,Historical Simulation Benchmark,-0.034458368863747195,-0.06375633155588949,0.0011306800066074605,0
2021-03-16,2021-03-15,M1,Heavy-Tail Marginals,-0.03934286494194073,-0.048292416903641694,0.0011306800066074605,0
2021-03-16,2021-03-15,M2,Wavelet + Within-Scale,-0.02195198125132794,-0.02466531673738377,0.0011306800066074605,0
2021-03-16,2021-03-15,M3,Full Cross-Scale Multiscale,-0.021741890041258115,-0.025704082002533594,0.0011306800066074605,0
2021-03-17,2021-03-16,M0,Historical Simulation Benchmark,-0.034458368863747195,-0.06375633155588949,0.00887030011406664,0
2021-03-17,2021-03-16,M1,Heavy-Tail Marginals,-0.037487592531166396,-0.051359809241129685,0.00887030011406664,0
2021-03-17,2021-03-16,M2,Wavelet + Within-Scale,-0.02282291283298901,-0.02501347439497793,0.00887030011406664,0
2021-03-17,2021-03-16,M3,Full Cross-Scale Multiscale,-0.022115621678753767,-0.02674100800847759,0.00887030011406664,0
2021-03-18,2021-03-17,M0,Historical Simulation Benchmark,-0.034458368863747195,-0.06375633155588949,-0.02472197017698272,0
2021-03-18,2021-03-17,M1,Heavy-Tail Marginals,-0.04048177236094207,-0.04996519510269966,-0.02472197017698272,0
2021-03-18,2021-03-17,M2,Wavelet + Within-Scale,-0.021787588548667376,-0.02599971990627014,-0.02472197017698272,1
2021-03-18,2021-03-17,M3,Full Cross-Scale Multiscale,-0.021149442438321522,-0.025719756895518826,-0.02472197017698272,1
2021-03-19,2021-03-18,M0,Historical Simulation Benchmark,-0.034458368863747195,-0.06375633155588949,0.00834295764778622,0
2021-03-19,2021-03-18,M1,Heavy-Tail Marginals,-0.034851629905988286,-0.05096984290960647,0.00834295764778622,0
2021-03-19,2021-03-18,M2,Wavelet + Within-Scale,-0.021629479172676856,-0.025015922341252946,0.00834295764778622,0
2021-03-19,2021-03-18,M3,Full Cross-Scale Multiscale,-0.021644953570482697,-0.02603235924203768,0.00834295764778622,0
2021-03-22,2021-03-19,M0,Historical Simulation Benchmark,-0.034458368863747195,-0.06375633155588949,-0.011870750109466961,0
2021-03-22,2021-03-19,M1,Heavy-Tail Marginals,-0.03718251026771381,-0.05120192258540559,-0.011870750109466961,0
2021-03-22,2021-03-19,M2,Wavelet + Within-Scale,-0.021737358850363767,-0.02610445585956857,-0.011870750109466961,0
2021-03-22,2021-03-19,M3,Full Cross-Scale Multiscale,-0.021240574075234667,-0.024592223546485374,-0.011870750109466961,0
2021-03-23,2021-03-22,M0,Historical Simulation Benchmark,-0.034458368863747195,-0.06375633155588949,-0.012840018820888581,0
2021-03-23,2021-03-22,M1,Heavy-Tail Marginals,-0.036592410589588426,-0.050401699859256,-0.012840018820888581,0
2021-03-23,2021-03-22,M2,Wavelet + Within-Scale,-0.02173978099314636,-0.025597917171357926,-0.012840018820888581,0
2021-03-23,2021-03-22,M3,Full Cross-Scale Multiscale,-0.021965350399143276,-0.02454127678029721,-0.012840018820888581,0
2021-03-24,2021-03-23,M0,Historical Simulation Benchmark,-0.034458368863747195,-0.06375633155588949,0.0029211545324485987,0
2021-03-24,2021-03-23,M1,Heavy-Tail Marginals,-0.0350884614400507,-0.04467426147715427,0.0029211545324485987,0
2021-03-24,2021-03-23,M2,Wavelet + Within-Scale,-0.021358431790270693,-0.02517136276624559,0.0029211545324485987,0
2021-03-24,2021-03-23,M3,Full Cross-Scale Multiscale,-0.022620676485971134,-0.025526056438704932,0.0029211545324485987,0
2021-03-25,2021-03-24,M0,Historical Simulation Benchmark,-0.034458368863747195,-0.06375633155588949,-0.011638642278641542,0
2021-03-25,2021-03-24,M1,Heavy-Tail Marginals,-0.03870775367256073,-0.046334484653918,-0.011638642278641542,0
2021-03-25,2021-03-24,M2,Wavelet + Within-Scale,-0.020559598322099026,-0.02434000357041538,-0.011638642278641542,0
2021-03-25,2021-03-24,M3,Full Cross-Scale Multiscale,-0.021976987452921006,-0.026460704586797633,-0.011638642278641542,0
2021-03-26,2021-03-25,M0,Historical Simulation Benchmark,-0.034458368863747195,-0.06375633155588949,0.024012863561961244,0
2021-03-26,2021-03-25,M1,Heavy-Tail Marginals,-0.03232738430972835,-0.04286539227594008,0.024012863561961244,0
2021-03-26,2021-03-25,M2,Wavelet + Within-Scale,-0.016702813006323584,-0.019467144616294833,0.024012863561961244,0
2021-03-26,2021-03-25,M3,Full Cross-Scale Multiscale,-0.016728731316459525,-0.020160805776604427,0.024012863561961244,0
2021-03-29,2021-03-26,M0,Historical Simulation Benchmark,-0.034458368863747195,-0.06375633155588949,0.007946954546258201,0
2021-03-29,2021-03-26,M1,Heavy-Tail Marginals,-0.03932295165444648,-0.049110574164839174,0.007946954546258201,0
2021-03-29,2021-03-26,M2,Wavelet + Within-Scale,-0.014920715847063268,-0.017855539264203673,0.007946954546258201,0
2021-03-29,2021-03-26,M3,Full Cross-Scale Multiscale,-0.015431745142472458,-0.017885318904965034,0.007946954546258201,0
2021-03-30,2021-03-29,M0,Historical Simulation Benchmark,-0.034458368863747195,-0.06375633155588949,-0.003763732261797939,0
2021-03-30,2021-03-29,M1,Heavy-Tail Marginals,-0.034287963842307236,-0.045660463831079905,-0.003763732261797939,0
2021-03-30,2021-03-29,M2,Wavelet + Within-Scale,-0.015630360129608157,-0.0189419586198453,-0.003763732261797939,0
2021-03-30,2021-03-29,M3,Full Cross-Scale Multiscale,-0.015592059909349332,-0.017474520352509817,-0.003763732261797939,0
2021-03-31,2021-03-30,M0,Historical Simulation Benchmark,-0.034458368863747195,-0.06375633155588949,0.0004070846327978504,0
2021-03-31,2021-03-30,M1,Heavy-Tail Marginals,-0.03278284126752888,-0.04259520995780733,0.0004070846327978504,0
2021-03-31,2021-03-30,M2,Wavelet + Within-Scale,-0.01567286842850447,-0.017248283233232478,0.0004070846327978504,0
2021-03-31,2021-03-30,M3,Full Cross-Scale Multiscale,-0.01568384099692527,-0.018246181781863567,0.0004070846327978504,0
2021-04-01,2021-03-31,M0,Historical Simulation Benchmark,-0.034458368863747195,-0.06375633155588949,0.01250398436466206,0
2021-04-01,2021-03-31,M1,Heavy-Tail Marginals,-0.03558562905054742,-0.040379106196240265,0.01250398436466206,0
2021-04-01,2021-03-31,M2,Wavelet + Within-Scale,-0.015396043062822927,-0.018437222881588545,0.01250398436466206,0
2021-04-01,2021-03-31,M3,Full Cross-Scale Multiscale,-0.0155992471483753,-0.01805165273366326,0.01250398436466206,0
2021-04-05,2021-04-01,M0,Historical Simulation Benchmark,-0.034458368863747195,-0.06375633155588949,-0.00551705791155428,0
2021-04-05,2021-04-01,M1,Heavy-Tail Marginals,-0.03592614589747995,-0.044846893969292735,-0.00551705791155428,0
2021-04-05,2021-04-01,M2,Wavelet + Within-Scale,-0.015178624347340042,-0.017393789017650072,-0.00551705791155428,0
2021-04-05,2021-04-01,M3,Full Cross-Scale Multiscale,-0.015239736679208752,-0.01781735854273876,-0.00551705791155428,0
2021-04-06,2021-04-05,M0,Historical Simulation Benchmark,-0.034458368863747195,-0.06375633155588949,0.00157374443888078,0
2021-04-06,2021-04-05,M1,Heavy-Tail Marginals,-0.03255450337215446,-0.03900970961464834,0.00157374443888078,0
2021-04-06,2021-04-05,M2,Wavelet + Within-Scale,-0.015099036474784087,-0.01762701300109194,0.00157374443888078,0
2021-04-06,2021-04-05,M3,Full Cross-Scale Multiscale,-0.01524269837755506,-0.0183738312483717,0.00157374443888078,0
2021-04-07,2021-04-06,M0,Historical Simulation Benchmark,-0.034458368863747195,-0.06375633155588949,-0.007177531981952,0
2021-04-07,2021-04-06,M1,Heavy-Tail Marginals,-0.03285815522031879,-0.04223383220934326,-0.007177531981952,0
2021-04-07,2021-04-06,M2,Wavelet + Within-Scale,-0.014864876010885859,-0.017503577980618513,-0.007177531981952,0
2021-04-07,2021-04-06,M3,Full Cross-Scale Multiscale,-0.01517283129181114,-0.01856455980421392,-0.007177531981952,0
2021-04-08,2021-04-07,M0,Historical Simulation Benchmark,-0.034458368863747195,-0.06375633155588949,0.011533543661398981,0
2021-04-08,2021-04-07,M1,Heavy-Tail Marginals,-0.03293934491046234,-0.047067996914410756,0.011533543661398981,0
2021-04-08,2021-04-07,M2,Wavelet + Within-Scale,-0.015082926585258831,-0.018937482815543423,0.011533543661398981,0
2021-04-08,2021-04-07,M3,Full Cross-Scale Multiscale,-0.01569784533590852,-0.018529204132859432,0.011533543661398981,0
2021-04-09,2021-04-08,M0,Historical Simulation Benchmark,-0.034458368863747195,-0.06375633155588949,-0.0017466473512255999,0
2021-04-09,2021-04-08,M1,Heavy-Tail Marginals,-0.033840007119489146,-0.04727704303268433,-0.0017466473512255999,0
2021-04-09,2021-04-08,M2,Wavelet + Within-Scale,-0.016079215246600585,-0.01759442069646725,-0.0017466473512255999,0
2021-04-09,2021-04-08,M3,Full Cross-Scale Multiscale,-0.015945482185191092,-0.017969582154441246,-0.0017466473512255999,0
2021-04-12,2021-04-09,M0,Historical Simulation Benchmark,-0.034458368863747195,-0.06375633155588949,0.0055904841182177,0
2021-04-12,2021-04-09,M1,Heavy-Tail Marginals,-0.03468879691138903,-0.04676225559127354,0.0055904841182177,0
2021-04-12,2021-04-09,M2,Wavelet + Within-Scale,-0.014381872840952839,-0.01627214393723698,0.0055904841182177,0
2021-04-12,2021-04-09,M3,Full Cross-Scale Multiscale,-0.015548714503086388,-0.017522803366844503,0.0055904841182177,0
2021-04-13,2021-04-12,M0,Historical Simulation Benchmark,-0.034458368863747195,-0.06375633155588949,0.0169659941540221,0
2021-04-13,2021-04-12,M1,Heavy-Tail Marginals,-0.03296294504961813,-0.04434262058278036,0.0169659941540221,0
2021-04-13,2021-04-12,M2,Wavelet + Within-Scale,-0.016491264485103106,-0.019432003696353627,0.0169659941540221,0
2021-04-13,2021-04-12,M3,Full Cross-Scale Multiscale,-0.01765985128597295,-0.02040108917928065,0.0169659941540221,0
2021-04-14,2021-04-13,M0,Historical Simulation Benchmark,-0.034458368863747195,-0.06375633155588949,0.004725114594713381,0
2021-04-14,2021-04-13,M1,Heavy-Tail Marginals,-0.03837724400617094,-0.04942509908173067,0.004725114594713381,0
2021-04-14,2021-04-13,M2,Wavelet + Within-Scale,-0.017983499302241912,-0.02096643353676899,0.004725114594713381,0
2021-04-14,2021-04-13,M3,Full Cross-Scale Multiscale,-0.016727534538432415,-0.020700990482639355,0.004725114594713381,0
2021-04-15,2021-04-14,M0,Historical Simulation Benchmark,-0.034458368863747195,-0.06375633155588949,0.00833414190289328,0
2021-04-15,2021-04-14,M1,Heavy-Tail Marginals,-0.04054536802476903,-0.054135524315824156,0.00833414190289328,0
2021-04-15,2021-04-14,M2,Wavelet + Within-Scale,-0.014741410965198178,-0.01718200493970208,0.00833414190289328,0
2021-04-15,2021-04-14,M3,Full Cross-Scale Multiscale,-0.015594699916781727,-0.01814605446692539,0.00833414190289328,0
2021-04-16,2021-04-15,M0,Historical Simulation Benchmark,-0.034458368863747195,-0.06375633155588949,-0.00466223117193294,0
2021-04-16,2021-04-15,M1,Heavy-Tail Marginals,-0.03410610728139701,-0.045763190476913185,-0.00466223117193294,0
2021-04-16,2021-04-15,M2,Wavelet + Within-Scale,-0.014469260736145594,-0.017051015977415696,-0.00466223117193294,0
2021-04-16,2021-04-15,M3,Full Cross-Scale Multiscale,-0.015322109066315794,-0.01798070368492622,-0.00466223117193294,0
2021-04-19,2021-04-16,M0,Historical Simulation Benchmark,-0.034458368863747195,-0.06375633155588949,-0.0210623666752094,0
2021-04-19,2021-04-16,M1,Heavy-Tail Marginals,-0.03271468714000583,-0.043844681543573696,-0.0210623666752094,0
2021-04-19,2021-04-16,M2,Wavelet + Within-Scale,-0.01468631612982692,-0.01732217126302853,-0.0210623666752094,1
2021-04-19,2021-04-16,M3,Full Cross-Scale Multiscale,-0.015620059366095123,-0.018001381935540305,-0.0210623666752094,1
2021-04-20,2021-04-19,M0,Historical Simulation Benchmark,-0.034458368863747195,-0.06375633155588949,-0.0001912643704088399,0
2021-04-20,2021-04-19,M1,Heavy-Tail Marginals,-0.03368030362704828,-0.0424186044543598,-0.0001912643704088399,0
2021-04-20,2021-04-19,M2,Wavelet + Within-Scale,-0.016049566142878866,-0.018277318374064884,-0.0001912643704088399,0
2021-04-20,2021-04-19,M3,Full Cross-Scale Multiscale,-0.016326305780621827,-0.018872529539161707,-0.0001912643704088399,0
2021-04-21,2021-04-20,M0,Historical Simulation Benchmark,-0.034458368863747195,-0.06375633155588949,-0.00993464013207904,0
2021-04-21,2021-04-20,M1,Heavy-Tail Marginals,-0.0364304108392641,-0.04372770832180594,-0.00993464013207904,0
2021-04-21,2021-04-20,M2,Wavelet + Within-Scale,-0.014702243251499212,-0.017318787859298208,-0.00993464013207904,0
2021-04-21,2021-04-20,M3,Full Cross-Scale Multiscale,-0.01555391410653474,-0.017927069213186292,-0.00993464013207904,0
2021-04-22,2021-04-21,M0,Historical Simulation Benchmark,-0.034458368863747195,-0.06375633155588949,-0.00956872075392084,0
2021-04-22,2021-04-21,M1,Heavy-Tail Marginals,-0.03182319662822507,-0.03816039654406668,-0.00956872075392084,0
2021-04-22,2021-04-21,M2,Wavelet + Within-Scale,-0.01498138251762234,-0.01712875078533833,-0.00956872075392084,0
2021-04-22,2021-04-21,M3,Full Cross-Scale Multiscale,-0.015252025994208,-0.017834778751122,-0.00956872075392084,0
2021-04-23,2021-04-22,M0,Historical Simulation Benchmark,-0.034458368863747195,-0.06375633155588949,0.00027740243151167963,0
2021-04-23,2021-04-22,M1,Heavy-Tail Marginals,-0.03139862318059183,-0.041884266924456084,0.00027740243151167963,0
2021-04-23,2021-04-22,M2,Wavelet + Within-Scale,-0.01529184900616795,-0.01783417964747034,0.00027740243151167963,0
2021-04-23,2021-04-22,M3,Full Cross-Scale Multiscale,-0.01532878372080517,-0.018057440368237525,0.00027740243151167963,0
2021-04-26,2021-04-23,M0,Historical Simulation Benchmark,-0.034458368863747195,-0.06375633155588949,0.01126753888141746,0
2021-04-26,2021-04-23,M1,Heavy-Tail Marginals,-0.03604417563927739,-0.042382385571282426,0.01126753888141746,0
2021-04-26,2021-04-23,M2,Wavelet + Within-Scale,-0.015374589866675581,-0.01765859225237245,0.01126753888141746,0
2021-04-26,2021-04-23,M3,Full Cross-Scale Multiscale,-0.016135607226523106,-0.018473652261973,0.01126753888141746,0
2021-04-27,2021-04-26,M0,Historical Simulation Benchmark,-0.034458368863747195,-0.06375633155588949,0.006026024899745461,0
2021-04-27,2021-04-26,M1,Heavy-Tail Marginals,-0.02780918805767043,-0.034395795737970275,0.006026024899745461,0
2021-04-27,2021-04-26,M2,Wavelet + Within-Scale,-0.017295803181810232,-0.019963653549227175,0.006026024899745461,0
2021-04-27,2021-04-26,M3,Full Cross-Scale Multiscale,-0.016715555912923008,-0.02069694616010158,0.006026024899745461,0
2021-04-28,2021-04-27,M0,Historical Simulation Benchmark,-0.034458368863747195,-0.06375633155588949,0.00197372074636368,0
2021-04-28,2021-04-27,M1,Heavy-Tail Marginals,-0.033592484746117895,-0.0413895656274943,0.00197372074636368,0
2021-04-28,2021-04-27,M2,Wavelet + Within-Scale,-0.015738001045530515,-0.017311756838627863,0.00197372074636368,0
2021-04-28,2021-04-27,M3,Full Cross-Scale Multiscale,-0.017661248163684192,-0.020634608627501258,0.00197372074636368,0
2021-04-29,2021-04-28,M0,Historical Simulation Benchmark,-0.034458368863747195,-0.06375633155588949,-0.00126860050589408,0
2021-04-29,2021-04-28,M1,Heavy-Tail Marginals,-0.03361675441987775,-0.04436444332360272,-0.00126860050589408,0
2021-04-29,2021-04-28,M2,Wavelet + Within-Scale,-0.016346762114852646,-0.019438919408443528,-0.00126860050589408,0
2021-04-29,2021-04-28,M3,Full Cross-Scale Multiscale,-0.016962219271217327,-0.019109053809866692,-0.00126860050589408,0
2021-04-30,2021-04-29,M0,Historical Simulation Benchmark,-0.034458368863747195,-0.06375633155588949,0.008740781123018699,0
2021-04-30,2021-04-29,M1,Heavy-Tail Marginals,-0.03004655289606947,-0.03863951059871444,0.008740781123018699,0
2021-04-30,2021-04-29,M2,Wavelet + Within-Scale,-0.01620284490628744,-0.018115059945134217,0.008740781123018699,0
2021-04-30,2021-04-29,M3,Full Cross-Scale Multiscale,-0.01779943814353317,-0.019772713996856067,0.008740781123018699,0
2021-05-03,2021-04-30,M0,Historical Simulation Benchmark,-0.034458368863747195,-0.06375633155588949,0.0046918178807857005,0
2021-05-03,2021-04-30,M1,Heavy-Tail Marginals,-0.03604413495292356,-0.05077267106937723,0.0046918178807857005,0
2021-05-03,2021-04-30,M2,Wavelet + Within-Scale,-0.015531847505545999,-0.017885334079009843,0.0046918178807857005,0
2021-05-03,2021-04-30,M3,Full Cross-Scale Multiscale,-0.016656866838607728,-0.01901188957337461,0.0046918178807857005,0
2021-05-04,2021-05-03,M0,Historical Simulation Benchmark,-0.034458368863747195,-0.06375633155588949,-0.01243805973034534,0
2021-05-04,2021-05-03,M1,Heavy-Tail Marginals,-0.028310931018096633,-0.03449606712189095,-0.01243805973034534,0
2021-05-04,2021-05-03,M2,Wavelet + Within-Scale,-0.016006654343260183,-0.017942649798538025,-0.01243805973034534,0
2021-05-04,2021-05-03,M3,Full Cross-Scale Multiscale,-0.015561927482179883,-0.01832700840615863,-0.01243805973034534,0
2021-05-05,2021-05-04,M0,Historical Simulation Benchmark,-0.034458368863747195,-0.06375633155588949,0.014975220684080762,0
2021-05-05,2021-05-04,M1,Heavy-Tail Marginals,-0.031452326303741104,-0.0372544427155088,0.014975220684080762,0
2021-05-05,2021-05-04,M2,Wavelet + Within-Scale,-0.016040651574903045,-0.018157535331738098,0.014975220684080762,0
2021-05-05,2021-05-04,M3,Full Cross-Scale Multiscale,-0.017155825395596288,-0.019726631298682327,0.014975220684080762,0
2021-05-06,2021-05-05,M0,Historical Simulation Benchmark,-0.034458368863747195,-0.06375633155588949,0.0002529618767469601,0
2021-05-06,2021-05-05,M1,Heavy-Tail Marginals,-0.029749851040257,-0.036170136212218165,0.0002529618767469601,0
2021-05-06,2021-05-05,M2,Wavelet + Within-Scale,-0.015883290965755286,-0.017664695538884403,0.0002529618767469601,0
2021-05-06,2021-05-05,M3,Full Cross-Scale Multiscale,-0.017275611436382524,-0.01992957294911841,0.0002529618767469601,0
2021-05-07,2021-05-06,M0,Historical Simulation Benchmark,-0.034458368863747195,-0.06375633155588949,0.00677696820993328,0
2021-05-07,2021-05-06,M1,Heavy-Tail Marginals,-0.03051080373839367,-0.04139296733221558,0.00677696820993328,0
2021-05-07,2021-05-06,M2,Wavelet + Within-Scale,-0.016134175895425328,-0.01803405208596496,0.00677696820993328,0
2021-05-07,2021-05-06,M3,Full Cross-Scale Multiscale,-0.01615504490746702,-0.018768432927492206,0.00677696820993328,0
2021-05-10,2021-05-07,M0,Historical Simulation Benchmark,-0.034458368863747195,-0.06375633155588949,-0.00685028724619714,0
2021-05-10,2021-05-07,M1,Heavy-Tail Marginals,-0.033546115925571995,-0.0427238534595044,-0.00685028724619714,0
2021-05-10,2021-05-07,M2,Wavelet + Within-Scale,-0.01511764848157795,-0.01734200307292164,-0.00685028724619714,0
2021-05-10,2021-05-07,M3,Full Cross-Scale Multiscale,-0.015693005323619662,-0.017039278868506123,-0.00685028724619714,0
2021-05-11,2021-05-10,M0,Historical Simulation Benchmark,-0.034458368863747195,-0.06375633155588949,0.0026569385669167602,0
2021-05-11,2021-05-10,M1,Heavy-Tail Marginals,-0.02539264881920499,-0.03442548186915638,0.0026569385669167602,0
2021-05-11,2021-05-10,M2,Wavelet + Within-Scale,-0.01623459233054575,-0.01877236365082327,0.0026569385669167602,0
2021-05-11,2021-05-10,M3,Full Cross-Scale Multiscale,-0.016030240005962034,-0.019186724129106304,0.0026569385669167602,0
2021-05-12,2021-05-11,M0,Historical Simulation Benchmark,-0.034458368863747195,-0.06375633155588949,-0.034297569354757765,0
2021-05-12,2021-05-11,M1,Heavy-Tail Marginals,-0.027133789622594422,-0.039326901173104625,-0.034297569354757765,1
2021-05-12,2021-05-11,M2,Wavelet + Within-Scale,-0.01634621872569429,-0.019139793283665357,-0.034297569354757765,1
2021-05-12,2021-05-11,M3,Full Cross-Scale Multiscale,-0.016678978513505673,-0.01938992143943606,-0.034297569354757765,1
2021-05-13,2021-05-12,M0,Historical Simulation Benchmark,-0.034458368863747195,-0.06375633155588949,-0.00017057120171479938,0
2021-05-13,2021-05-12,M1,Heavy-Tail Marginals,-0.029794995381734572,-0.03955028414318355,-0.00017057120171479938,0
2021-05-13,2021-05-12,M2,Wavelet + Within-Scale,-0.01524034787277044,-0.01788082990850337,-0.00017057120171479938,0
2021-05-13,2021-05-12,M3,Full Cross-Scale Multiscale,-0.015605040254292496,-0.01812971625892734,-0.00017057120171479938,0
2021-05-14,2021-05-13,M0,Historical Simulation Benchmark,-0.034458368863747195,-0.06375633155588949,0.0100282092184929,0
2021-05-14,2021-05-13,M1,Heavy-Tail Marginals,-0.03234094846652894,-0.04432401434018189,0.0100282092184929,0
2021-05-14,2021-05-13,M2,Wavelet + Within-Scale,-0.015814245208775432,-0.01786426158796931,0.0100282092184929,0
2021-05-14,2021-05-13,M3,Full Cross-Scale Multiscale,-0.0160084983847293,-0.018434353254466795,0.0100282092184929,0
2021-05-17,2021-05-14,M0,Historical Simulation Benchmark,-0.034458368863747195,-0.06375633155588949,-0.02257066781624322,0
2021-05-17,2021-05-14,M1,Heavy-Tail Marginals,-0.031321301365980485,-0.038752230171215825,-0.02257066781624322,0
2021-05-17,2021-05-14,M2,Wavelet + Within-Scale,-0.01608271290387635,-0.01865285669298721,-0.02257066781624322,1
2021-05-17,2021-05-14,M3,Full Cross-Scale Multiscale,-0.016137176469717542,-0.01802241302317853,-0.02257066781624322,1
2021-05-18,2021-05-17,M0,Historical Simulation Benchmark,-0.034458368863747195,-0.06375633155588949,-0.0066863507453742005,0
2021-05-18,2021-05-17,M1,Heavy-Tail Marginals,-0.030904094662699777,-0.04133907750040491,-0.0066863507453742005,0
2021-05-18,2021-05-17,M2,Wavelet + Within-Scale,-0.016376858293629115,-0.018615142208861263,-0.0066863507453742005,0
2021-05-18,2021-05-17,M3,Full Cross-Scale Multiscale,-0.016452675233743178,-0.019005018674174073,-0.0066863507453742005,0
2021-05-19,2021-05-18,M0,Historical Simulation Benchmark,-0.034458368863747195,-0.06375633155588949,-0.03699655144461304,1
2021-05-19,2021-05-18,M1,Heavy-Tail Marginals,-0.029797951950662774,-0.043712884783655856,-0.03699655144461304,1
2021-05-19,2021-05-18,M2,Wavelet + Within-Scale,-0.01640241794079389,-0.018650337694666178,-0.03699655144461304,1
2021-05-19,2021-05-18,M3,Full Cross-Scale Multiscale,-0.01650744814455241,-0.018419566837520072,-0.03699655144461304,1
2021-05-20,2021-05-19,M0,Historical Simulation Benchmark,-0.034458368863747195,-0.06375633155588949,0.018908048632539462,0
2021-05-20,2021-05-19,M1,Heavy-Tail Marginals,-0.03072713154363774,-0.04023997724618939,0.018908048632539462,0
2021-05-20,2021-05-19,M2,Wavelet + Within-Scale,-0.015812768661694947,-0.017859045765811515,0.018908048632539462,0
2021-05-20,2021-05-19,M3,Full Cross-Scale Multiscale,-0.016363096478176638,-0.018663540013946836,0.018908048632539462,0
2021-05-21,2021-05-20,M0,Historical Simulation Benchmark,-0.034458368863747195,-0.06375633155588949,-0.012167877787304437,0
2021-05-21,2021-05-20,M1,Heavy-Tail Marginals,-0.03240314466384908,-0.040409619506701605,-0.012167877787304437,0
2021-05-21,2021-05-20,M2,Wavelet + Within-Scale,-0.015681722575060085,-0.01870283927537253,-0.012167877787304437,0
2021-05-21,2021-05-20,M3,Full Cross-Scale Multiscale,-0.016416621486890295,-0.01923822593225275,-0.012167877787304437,0
2021-05-24,2021-05-21,M0,Historical Simulation Benchmark,-0.034458368863747195,-0.06375633155588949,0.01589985276082932,0
2021-05-24,2021-05-21,M1,Heavy-Tail Marginals,-0.028860844704457895,-0.038454729143525886,0.01589985276082932,0
2021-05-24,2021-05-21,M2,Wavelet + Within-Scale,-0.016639948954310917,-0.020527596544932487,0.01589985276082932,0
2021-05-24,2021-05-21,M3,Full Cross-Scale Multiscale,-0.015591850108564282,-0.020516326916762983,0.01589985276082932,0
2021-05-25,2021-05-24,M0,Historical Simulation Benchmark,-0.034458368863747195,-0.06375633155588949,7.497979995642009e-05,0
2021-05-25,2021-05-24,M1,Heavy-Tail Marginals,-0.03133368094838692,-0.03988429390754856,7.497979995642009e-05,0
2021-05-25,2021-05-24,M2,Wavelet + Within-Scale,-0.017388356620334555,-0.021031564136550857,7.497979995642009e-05,0
2021-05-25,2021-05-24,M3,Full Cross-Scale Multiscale,-0.01721892684734891,-0.020385575215302636,7.497979995642009e-05,0
2021-05-26,2021-05-25,M0,Historical Simulation Benchmark,-0.036666248533484325,-0.06378969548630652,0.00565621626580116,0
2021-05-26,2021-05-25,M1,Heavy-Tail Marginals,-0.04214328326064599,-0.06039530401780526,0.00565621626580116,0
2021-05-26,2021-05-25,M2,Wavelet + Within-Scale,-0.01721192342010484,-0.02070399908994125,0.00565621626580116,0
2021-05-26,2021-05-25,M3,Full Cross-Scale Multiscale,-0.019463451628786998,-0.02289433061999959,0.00565621626580116,0
2021-05-27,2021-05-26,M0,Historical Simulation Benchmark,-0.036666248533484325,-0.06378969548630652,-0.0030343474641417205,0
2021-05-27,2021-05-26,M1,Heavy-Tail Marginals,-0.047469297523529595,-0.06882586362317915,-0.0030343474641417205,0
2021-05-27,2021-05-26,M2,Wavelet + Within-Scale,-0.01726217259838093,-0.019566265675521593,-0.0030343474641417205,0
2021-05-27,2021-05-26,M3,Full Cross-Scale Multiscale,-0.01766960134615507,-0.020148950565206932,-0.0030343474641417205,0
2021-05-28,2021-05-27,M0,Historical Simulation Benchmark,-0.036666248533484325,-0.06378969548630652,-0.014266350522362786,0
2021-05-28,2021-05-27,M1,Heavy-Tail Marginals,-0.040744606032083325,-0.053944908088738794,-0.014266350522362786,0
2021-05-28,2021-05-27,M2,Wavelet + Within-Scale,-0.01665964264651407,-0.019372816318767517,-0.014266350522362786,0
2021-05-28,2021-05-27,M3,Full Cross-Scale Multiscale,-0.018011098742058935,-0.020667987964815095,-0.014266350522362786,0
2021-06-01,2021-05-28,M0,Historical Simulation Benchmark,-0.036666248533484325,-0.06378969548630652,0.0086721462299452,0
2021-06-01,2021-05-28,M1,Heavy-Tail Marginals,-0.0498534736379968,-0.06589922282549307,0.0086721462299452,0
2021-06-01,2021-05-28,M2,Wavelet + Within-Scale,-0.01714756024409885,-0.019447235402540886,0.0086721462299452,0
2021-06-01,2021-05-28,M3,Full Cross-Scale Multiscale,-0.018226264925574442,-0.02049740589866582,0.0086721462299452,0
2021-06-02,2021-06-01,M0,Historical Simulation Benchmark,-0.036666248533484325,-0.06378969548630652,0.00875846244922346,0
2021-06-02,2021-06-01,M1,Heavy-Tail Marginals,-0.047167099187856096,-0.060226869883500435,0.00875846244922346,0
2021-06-02,2021-06-01,M2,Wavelet + Within-Scale,-0.017595023151244768,-0.020668303275966617,0.00875846244922346,0
2021-06-02,2021-06-01,M3,Full Cross-Scale Multiscale,-0.01747940668539105,-0.02020517719614949,0.00875846244922346,0
2021-06-03,2021-06-02,M0,Historical Simulation Benchmark,-0.036666248533484325,-0.06378969548630652,0.00360390968445778,0
2021-06-03,2021-06-02,M1,Heavy-Tail Marginals,-0.04787681843128709,-0.06686480673582076,0.00360390968445778,0
2021-06-03,2021-06-02,M2,Wavelet + Within-Scale,-0.01648127296017907,-0.018709768246692682,0.00360390968445778,0
2021-06-03,2021-06-02,M3,Full Cross-Scale Multiscale,-0.01651535077035764,-0.019918338916011594,0.00360390968445778,0
2021-06-04,2021-06-03,M0,Historical Simulation Benchmark,-0.036666248533484325,-0.06378969548630652,-0.0058701516519841825,0
2021-06-04,2021-06-03,M1,Heavy-Tail Marginals,-0.03977926259890794,-0.0542711428943479,-0.0058701516519841825,0
2021-06-04,2021-06-03,M2,Wavelet + Within-Scale,-0.01711257269516475,-0.01984346669149925,-0.0058701516519841825,0
2021-06-04,2021-06-03,M3,Full Cross-Scale Multiscale,-0.01834530403583413,-0.020406668021084994,-0.0058701516519841825,0
2021-06-07,2021-06-04,M0,Historical Simulation Benchmark,-0.036666248533484325,-0.06378969548630652,-0.018449608744479103,0
2021-06-07,2021-06-04,M1,Heavy-Tail Marginals,-0.045175731384924006,-0.062151948141377714,-0.018449608744479103,0
2021-06-07,2021-06-04,M2,Wavelet + Within-Scale,-0.01660798831609091,-0.019534475594153517,-0.018449608744479103,1
2021-06-07,2021-06-04,M3,Full Cross-Scale Multiscale,-0.017860550090907062,-0.02068061514126112,-0.018449608744479103,1
2021-06-08,2021-06-07,M0,Historical Simulation Benchmark,-0.036666248533484325,-0.06378969548630652,0.00203684746419006,0
2021-06-08,2021-06-07,M1,Heavy-Tail Marginals,-0.040458792533576614,-0.05707581438990812,0.00203684746419006,0
2021-06-08,2021-06-07,M2,Wavelet + Within-Scale,-0.0172497679004129,-0.019503853634591242,0.00203684746419006,0
2021-06-08,2021-06-07,M3,Full Cross-Scale Multiscale,-0.017766790680060655,-0.021324416283558793,0.00203684746419006,0
2021-06-09,2021-06-08,M0,Historical Simulation Benchmark,-0.036666248533484325,-0.06378969548630652,0.020580238227652464,0
2021-06-09,2021-06-08,M1,Heavy-Tail Marginals,-0.04500296513782539,-0.0650538202732334,0.020580238227652464,0
2021-06-09,2021-06-08,M2,Wavelet + Within-Scale,-0.015171514260651178,-0.01718972871614357,0.020580238227652464,0
2021-06-09,2021-06-08,M3,Full Cross-Scale Multiscale,-0.017024638955505374,-0.01904749272254954,0.020580238227652464,0
2021-06-10,2021-06-09,M0,Historical Simulation Benchmark,-0.036666248533484325,-0.06378969548630652,7.114052584255952e-05,0
2021-06-10,2021-06-09,M1,Heavy-Tail Marginals,-0.04062284607067301,-0.05315902860877114,7.114052584255952e-05,0
2021-06-10,2021-06-09,M2,Wavelet + Within-Scale,-0.014663616819589867,-0.01789020450737226,7.114052584255952e-05,0
2021-06-10,2021-06-09,M3,Full Cross-Scale Multiscale,-0.016801608712679668,-0.020896152841205586,7.114052584255952e-05,0
2021-06-11,2021-06-10,M0,Historical Simulation Benchmark,-0.036666248533484325,-0.06378969548630652,0.0021878513078784,0
2021-06-11,2021-06-10,M1,Heavy-Tail Marginals,-0.040817437270581985,-0.0574816144189621,0.0021878513078784,0
2021-06-11,2021-06-10,M2,Wavelet + Within-Scale,-0.016741300163218502,-0.018859921256909624,0.0021878513078784,0
2021-06-11,2021-06-10,M3,Full Cross-Scale Multiscale,-0.01764322507811248,-0.021179469231331613,0.0021878513078784,0
2021-06-14,2021-06-11,M0,Historical Simulation Benchmark,-0.036666248533484325,-0.06378969548630652,0.01456755084300572,0
2021-06-14,2021-06-11,M1,Heavy-Tail Marginals,-0.04594721655909235,-0.06425149752964752,0.01456755084300572,0
2021-06-14,2021-06-11,M2,Wavelet + Within-Scale,-0.015489891301292849,-0.01786873489090112,0.01456755084300572,0
2021-06-14,2021-06-11,M3,Full Cross-Scale Multiscale,-0.01576916017960828,-0.018360057821082583,0.01456755084300572,0
2021-06-15,2021-06-14,M0,Historical Simulation Benchmark,-0.036666248533484325,-0.06378969548630652,0.0025555509230312003,0
2021-06-15,2021-06-14,M1,Heavy-Tail Marginals,-0.04654735077071357,-0.06035771785505585,0.0025555509230312003,0
2021-06-15,2021-06-14,M2,Wavelet + Within-Scale,-0.015210344841234617,-0.018763445425754158,0.0025555509230312003,0
2021-06-15,2021-06-14,M3,Full Cross-Scale Multiscale,-0.016345448437586115,-0.019461848164140337,0.0025555509230312003,0
2021-06-16,2021-06-15,M0,Historical Simulation Benchmark,-0.036666248533484325,-0.06378969548630652,-0.017305155445005202,0
2021-06-16,2021-06-15,M1,Heavy-Tail Marginals,-0.043456864844911076,-0.06087705815750781,-0.017305155445005202,0
2021-06-16,2021-06-15,M2,Wavelet + Within-Scale,-0.01574778359826284,-0.01852909289309668,-0.017305155445005202,1
2021-06-16,2021-06-15,M3,Full Cross-Scale Multiscale,-0.017089894083411782,-0.01926962958615018,-0.017305155445005202,1
2021-06-17,2021-06-16,M0,Historical Simulation Benchmark,-0.036666248533484325,-0.06378969548630652,-0.010067104424982862,0
2021-06-17,2021-06-16,M1,Heavy-Tail Marginals,-0.042338877069728074,-0.0552683073783342,-0.010067104424982862,0
2021-06-17,2021-06-16,M2,Wavelet + Within-Scale,-0.017770528641904065,-0.020367178167676296,-0.010067104424982862,0
2021-06-17,2021-06-16,M3,Full Cross-Scale Multiscale,-0.017039982934885362,-0.019120481965694765,-0.010067104424982862,0
2021-06-18,2021-06-17,M0,Historical Simulation Benchmark,-0.036666248533484325,-0.06378969548630652,-0.0136531980227193,0
2021-06-18,2021-06-17,M1,Heavy-Tail Marginals,-0.04281497321237074,-0.058726286827358185,-0.0136531980227193,0
2021-06-18,2021-06-17,M2,Wavelet + Within-Scale,-0.016320756830399456,-0.01933513973348621,-0.0136531980227193,0
2021-06-18,2021-06-17,M3,Full Cross-Scale Multiscale,-0.017142458003631632,-0.019453866763475776,-0.0136531980227193,0
2021-06-21,2021-06-18,M0,Historical Simulation Benchmark,-0.036666248533484325,-0.06378969548630652,-0.0156725500517176,0
2021-06-21,2021-06-18,M1,Heavy-Tail Marginals,-0.040544494268897724,-0.05087568346657371,-0.0156725500517176,0
2021-06-21,2021-06-18,M2,Wavelet + Within-Scale,-0.016312073124645294,-0.019095914267315647,-0.0156725500517176,0
2021-06-21,2021-06-18,M3,Full Cross-Scale Multiscale,-0.016835729720950817,-0.019258139721522013,-0.0156725500517176,0
2021-06-22,2021-06-21,M0,Historical Simulation Benchmark,-0.036666248533484325,-0.06378969548630652,0.00599999569144864,0
2021-06-22,2021-06-21,M1,Heavy-Tail Marginals,-0.04444424838868367,-0.05621470944601682,0.00599999569144864,0
2021-06-22,2021-06-21,M2,Wavelet + Within-Scale,-0.016110277815166097,-0.018094414211693555,0.00599999569144864,0
2021-06-22,2021-06-21,M3,Full Cross-Scale Multiscale,-0.01776534351793259,-0.020935794922877414,0.00599999569144864,0
2021-06-23,2021-06-22,M0,Historical Simulation Benchmark,-0.036666248533484325,-0.06378969548630652,0.00779112281699858,0
2021-06-23,2021-06-22,M1,Heavy-Tail Marginals,-0.04339249934148725,-0.06260968682955373,0.00779112281699858,0
2021-06-23,2021-06-22,M2,Wavelet + Within-Scale,-0.01540934672062921,-0.01768009130185275,0.00779112281699858,0
2021-06-23,2021-06-22,M3,Full Cross-Scale Multiscale,-0.01746609023772423,-0.0195100143086471,0.00779112281699858,0
2021-06-24,2021-06-23,M0,Historical Simulation Benchmark,-0.036666248533484325,-0.06378969548630652,0.007001712966022601,0
2021-06-24,2021-06-23,M1,Heavy-Tail Marginals,-0.042463461369371576,-0.05559639194467161,0.007001712966022601,0
2021-06-24,2021-06-23,M2,Wavelet + Within-Scale,-0.01658849276731694,-0.01867363875665592,0.007001712966022601,0
2021-06-24,2021-06-23,M3,Full Cross-Scale Multiscale,-0.01738465740956018,-0.020955190208520925,0.007001712966022601,0
2021-06-25,2021-06-24,M0,Historical Simulation Benchmark,-0.036666248533484325,-0.06378969548630652,-0.015669232780566263,0
2021-06-25,2021-06-24,M1,Heavy-Tail Marginals,-0.04087253305480345,-0.05133181182571096,-0.015669232780566263,0
2021-06-25,2021-06-24,M2,Wavelet + Within-Scale,-0.01729509736156932,-0.02000749209578746,-0.015669232780566263,0
2021-06-25,2021-06-24,M3,Full Cross-Scale Multiscale,-0.01734517664279093,-0.021286753951889566,-0.015669232780566263,0
2021-06-28,2021-06-25,M0,Historical Simulation Benchmark,-0.036666248533484325,-0.06378969548630652,0.015110925300888707,0
2021-06-28,2021-06-25,M1,Heavy-Tail Marginals,-0.03307584595564903,-0.04735914572006243,0.015110925300888707,0
2021-06-28,2021-06-25,M2,Wavelet + Within-Scale,-0.01742109486667949,-0.0192164935905672,0.015110925300888707,0
2021-06-28,2021-06-25,M3,Full Cross-Scale Multiscale,-0.01818005853264069,-0.020840108717811907,0.015110925300888707,0
2021-06-29,2021-06-28,M0,Historical Simulation Benchmark,-0.036666248533484325,-0.06378969548630652,0.0076645103877090405,0
2021-06-29,2021-06-28,M1,Heavy-Tail Marginals,-0.0338641871698042,-0.05025963305620349,0.0076645103877090405,0
2021-06-29,2021-06-28,M2,Wavelet + Within-Scale,-0.01703649800879207,-0.019721017323542558,0.0076645103877090405,0
2021-06-29,2021-06-28,M3,Full Cross-Scale Multiscale,-0.018315774647067504,-0.021743058094150627,0.0076645103877090405,0
2021-06-30,2021-06-29,M0,Historical Simulation Benchmark,-0.036666248533484325,-0.06378969548630652,-0.0032564501424648404,0
2021-06-30,2021-06-29,M1,Heavy-Tail Marginals,-0.03703642409353914,-0.04829337193146863,-0.0032564501424648404,0
2021-06-30,2021-06-29,M2,Wavelet + Within-Scale,-0.016535551719392826,-0.020319463827876878,-0.0032564501424648404,0
2021-06-30,2021-06-29,M3,Full Cross-Scale Multiscale,-0.018270836793906228,-0.020996795459434968,-0.0032564501424648404,0
2021-07-01,2021-06-30,M0,Historical Simulation Benchmark,-0.036666248533484325,-0.06378969548630652,-0.0039708553734808605,0
2021-07-01,2021-06-30,M1,Heavy-Tail Marginals,-0.03869297466028975,-0.05106505449054618,-0.0039708553734808605,0
2021-07-01,2021-06-30,M2,Wavelet + Within-Scale,-0.017681019948168293,-0.02055904222547762,-0.0039708553734808605,0
2021-07-01,2021-06-30,M3,Full Cross-Scale Multiscale,-0.01783001417086496,-0.020535023258615222,-0.0039708553734808605,0
2021-07-02,2021-07-01,M0,Historical Simulation Benchmark,-0.036666248533484325,-0.06378969548630652,0.0067047219817611995,0
2021-07-02,2021-07-01,M1,Heavy-Tail Marginals,-0.03538550839439783,-0.04400579776197436,0.0067047219817611995,0
2021-07-02,2021-07-01,M2,Wavelet + Within-Scale,-0.01726148442782835,-0.019907716972363185,0.0067047219817611995,0
2021-07-02,2021-07-01,M3,Full Cross-Scale Multiscale,-0.017598252846617025,-0.02006422915529309,0.0067047219817611995,0
2021-07-06,2021-07-02,M0,Historical Simulation Benchmark,-0.036666248533484325,-0.06378969548630652,-0.0004245299905355402,0
2021-07-06,2021-07-02,M1,Heavy-Tail Marginals,-0.032836003725496075,-0.03924638713210089,-0.0004245299905355402,0
2021-07-06,2021-07-02,M2,Wavelet + Within-Scale,-0.016957192317599103,-0.019822373357102525,-0.0004245299905355402,0
2021-07-06,2021-07-02,M3,Full Cross-Scale Multiscale,-0.01835149388202522,-0.020592950763802458,-0.0004245299905355402,0
2021-07-07,2021-07-06,M0,Historical Simulation Benchmark,-0.036666248533484325,-0.06378969548630652,-0.005215186982065321,0
2021-07-07,2021-07-06,M1,Heavy-Tail Marginals,-0.031061318529120707,-0.04348261260544621,-0.005215186982065321,0
2021-07-07,2021-07-06,M2,Wavelet + Within-Scale,-0.016682123971167803,-0.019580340704558583,-0.005215186982065321,0
2021-07-07,2021-07-06,M3,Full Cross-Scale Multiscale,-0.01728409385651973,-0.02057213239527054,-0.005215186982065321,0
2021-07-08,2021-07-07,M0,Historical Simulation Benchmark,-0.036666248533484325,-0.06378969548630652,-0.003611811227066641,0
2021-07-08,2021-07-07,M1,Heavy-Tail Marginals,-0.03294509479237298,-0.044497209204166235,-0.003611811227066641,0
2021-07-08,2021-07-07,M2,Wavelet + Within-Scale,-0.01786086452233846,-0.02125469523678184,-0.003611811227066641,0
2021-07-08,2021-07-07,M3,Full Cross-Scale Multiscale,-0.018533925739616073,-0.0213283966174885,-0.003611811227066641,0
2021-07-09,2021-07-08,M0,Historical Simulation Benchmark,-0.036666248533484325,-0.06378969548630652,0.01086161126599082,0
2021-07-09,2021-07-08,M1,Heavy-Tail Marginals,-0.03482615472865325,-0.04855847817784807,0.01086161126599082,0
2021-07-09,2021-07-08,M2,Wavelet + Within-Scale,-0.017843875019161647,-0.020376289218473554,0.01086161126599082,0
2021-07-09,2021-07-08,M3,Full Cross-Scale Multiscale,-0.01828644647449515,-0.02119372791734809,0.01086161126599082,0
2021-07-12,2021-07-09,M0,Historical Simulation Benchmark,-0.036666248533484325,-0.06378969548630652,-0.00387006986345142,0
2021-07-12,2021-07-09,M1,Heavy-Tail Marginals,-0.03734256753366305,-0.04806077781808372,-0.00387006986345142,0
2021-07-12,2021-07-09,M2,Wavelet + Within-Scale,-0.01808968416394695,-0.02189153425626625,-0.00387006986345142,0
2021-07-12,2021-07-09,M3,Full Cross-Scale Multiscale,-0.017653168852025187,-0.021010709666825514,-0.00387006986345142,0
2021-07-13,2021-07-12,M0,Historical Simulation Benchmark,-0.036666248533484325,-0.06378969548630652,-0.00048711844885573983,0
2021-07-13,2021-07-12,M1,Heavy-Tail Marginals,-0.03137334458434434,-0.04871885019748802,-0.00048711844885573983,0
2021-07-13,2021-07-12,M2,Wavelet + Within-Scale,-0.017558309403202205,-0.02012066764880786,-0.00048711844885573983,0
2021-07-13,2021-07-12,M3,Full Cross-Scale Multiscale,-0.01941117233039857,-0.021635438471327952,-0.00048711844885573983,0
2021-07-14,2021-07-13,M0,Historical Simulation Benchmark,-0.036666248533484325,-0.06378969548630652,-0.00171903847866144,0
2021-07-14,2021-07-13,M1,Heavy-Tail Marginals,-0.03943769192142331,-0.049088497478376424,-0.00171903847866144,0
2021-07-14,2021-07-13,M2,Wavelet + Within-Scale,-0.018246590150332254,-0.020384803652187526,-0.00171903847866144,0
2021-07-14,2021-07-13,M3,Full Cross-Scale Multiscale,-0.018273722944889048,-0.021440015637126667,-0.00171903847866144,0
2021-07-15,2021-07-14,M0,Historical Simulation Benchmark,-0.036666248533484325,-0.06378969548630652,-0.0089333580728322,0
2021-07-15,2021-07-14,M1,Heavy-Tail Marginals,-0.03540150528236107,-0.04462648571980236,-0.0089333580728322,0
2021-07-15,2021-07-14,M2,Wavelet + Within-Scale,-0.018287476421961806,-0.021127611099742278,-0.0089333580728322,0
2021-07-15,2021-07-14,M3,Full Cross-Scale Multiscale,-0.020289970263778753,-0.02355851581542867,-0.0089333580728322,0
2021-07-16,2021-07-15,M0,Historical Simulation Benchmark,-0.036666248533484325,-0.06378969548630652,-0.0054251321344714,0
2021-07-16,2021-07-15,M1,Heavy-Tail Marginals,-0.03326421579012357,-0.04570613580129752,-0.0054251321344714,0
2021-07-16,2021-07-15,M2,Wavelet + Within-Scale,-0.018034051536314016,-0.020691966099291977,-0.0054251321344714,0
2021-07-16,2021-07-15,M3,Full Cross-Scale Multiscale,-0.019140395401602756,-0.022689550065069574,-0.0054251321344714,0
2021-07-19,2021-07-16,M0,Historical Simulation Benchmark,-0.036666248533484325,-0.06378969548630652,-0.01882020296907016,0
2021-07-19,2021-07-16,M1,Heavy-Tail Marginals,-0.034790097033218906,-0.04406448584779944,-0.01882020296907016,0
2021-07-19,2021-07-16,M2,Wavelet + Within-Scale,-0.017532945357089352,-0.02030997660844125,-0.01882020296907016,1
2021-07-19,2021-07-16,M3,Full Cross-Scale Multiscale,-0.0174862766932914,-0.019962914127226086,-0.01882020296907016,1
2021-07-20,2021-07-19,M0,Historical Simulation Benchmark,-0.036666248533484325,-0.06378969548630652,-0.0014339745869211993,0
2021-07-20,2021-07-19,M1,Heavy-Tail Marginals,-0.03395334272923417,-0.04631991479026631,-0.0014339745869211993,0
2021-07-20,2021-07-19,M2,Wavelet + Within-Scale,-0.018414608940728674,-0.020640487546030567,-0.0014339745869211993,0
2021-07-20,2021-07-19,M3,Full Cross-Scale Multiscale,-0.018813166856021298,-0.02102846712921393,-0.0014339745869211993,0
2021-07-21,2021-07-20,M0,Historical Simulation Benchmark,-0.036666248533484325,-0.06378969548630652,0.0220251246384064,0
2021-07-21,2021-07-20,M1,Heavy-Tail Marginals,-0.0360483428705268,-0.048042249088569536,0.0220251246384064,0
2021-07-21,2021-07-20,M2,Wavelet + Within-Scale,-0.018475928882726905,-0.02125913569612935,0.0220251246384064,0
2021-07-21,2021-07-20,M3,Full Cross-Scale Multiscale,-0.018567670035236072,-0.02126422090269428,0.0220251246384064,0
2021-07-22,2021-07-21,M0,Historical Simulation Benchmark,-0.036666248533484325,-0.06378969548630652,0.006221052328681141,0
2021-07-22,2021-07-21,M1,Heavy-Tail Marginals,-0.035283177825762915,-0.04953750172201515,0.006221052328681141,0
2021-07-22,2021-07-21,M2,Wavelet + Within-Scale,-0.01743171367152327,-0.020397476849664385,0.006221052328681141,0
2021-07-22,2021-07-21,M3,Full Cross-Scale Multiscale,-0.01812749413083299,-0.020994340864380904,0.006221052328681141,0
2021-07-23,2021-07-22,M0,Historical Simulation Benchmark,-0.036666248533484325,-0.06378969548630652,0.0100296970321217,0
2021-07-23,2021-07-22,M1,Heavy-Tail Marginals,-0.035473879988264956,-0.054707594055648776,0.0100296970321217,0
2021-07-23,2021-07-22,M2,Wavelet + Within-Scale,-0.01716095701183757,-0.01970375199373154,0.0100296970321217,0
2021-07-23,2021-07-22,M3,Full Cross-Scale Multiscale,-0.01869475249206683,-0.021697260268082802,0.0100296970321217,0
2021-07-26,2021-07-23,M0,Historical Simulation Benchmark,-0.036666248533484325,-0.06378969548630652,0.021890056503062583,0
2021-07-26,2021-07-23,M1,Heavy-Tail Marginals,-0.029960845398438744,-0.040262254716354515,0.021890056503062583,0
2021-07-26,2021-07-23,M2,Wavelet + Within-Scale,-0.017901813542353796,-0.021134482820524863,0.021890056503062583,0
2021-07-26,2021-07-23,M3,Full Cross-Scale Multiscale,-0.0187334391210387,-0.021243397610727167,0.021890056503062583,0
2021-07-27,2021-07-26,M0,Historical Simulation Benchmark,-0.036666248533484325,-0.06378969548630652,0.0102525934844576,0
2021-07-27,2021-07-26,M1,Heavy-Tail Marginals,-0.03337267301505126,-0.04549956347564906,0.0102525934844576,0
2021-07-27,2021-07-26,M2,Wavelet + Within-Scale,-0.015869779697571598,-0.0186786386541569,0.0102525934844576,0
2021-07-27,2021-07-26,M3,Full Cross-Scale Multiscale,-0.016722714520667408,-0.019294808011028272,0.0102525934844576,0
2021-07-28,2021-07-27,M0,Historical Simulation Benchmark,-0.036666248533484325,-0.06378969548630652,0.005069838832502941,0
2021-07-28,2021-07-27,M1,Heavy-Tail Marginals,-0.041688001609995806,-0.05615272330682598,0.005069838832502941,0
2021-07-28,2021-07-27,M2,Wavelet + Within-Scale,-0.016528265126865737,-0.018637342063328195,0.005069838832502941,0
2021-07-28,2021-07-27,M3,Full Cross-Scale Multiscale,-0.016331281863666624,-0.018646055156921634,0.005069838832502941,0
2021-07-29,2021-07-28,M0,Historical Simulation Benchmark,-0.036666248533484325,-0.06378969548630652,0.006153516480678261,0
2021-07-29,2021-07-28,M1,Heavy-Tail Marginals,-0.03530938482144441,-0.047346279014945244,0.006153516480678261,0
2021-07-29,2021-07-28,M2,Wavelet + Within-Scale,-0.015814543281254295,-0.01829757159705491,0.006153516480678261,0
2021-07-29,2021-07-28,M3,Full Cross-Scale Multiscale,-0.016366778624137962,-0.01899700120971682,0.006153516480678261,0
2021-07-30,2021-07-29,M0,Historical Simulation Benchmark,-0.036666248533484325,-0.06378969548630652,0.008917677398774339,0
2021-07-30,2021-07-29,M1,Heavy-Tail Marginals,-0.03551810747947876,-0.04589207243829445,0.008917677398774339,0
2021-07-30,2021-07-29,M2,Wavelet + Within-Scale,-0.015744218793249828,-0.018711450895645864,0.008917677398774339,0
2021-07-30,2021-07-29,M3,Full Cross-Scale Multiscale,-0.01579091580205619,-0.0187008588257931,0.008917677398774339,0
2021-08-02,2021-07-30,M0,Historical Simulation Benchmark,-0.036666248533484325,-0.06378969548630652,-0.020629231806968202,0
2021-08-02,2021-07-30,M1,Heavy-Tail Marginals,-0.035842962843485725,-0.055004301533032374,-0.020629231806968202,0
2021-08-02,2021-07-30,M2,Wavelet + Within-Scale,-0.01574926523846676,-0.018379500774799766,-0.020629231806968202,1
2021-08-02,2021-07-30,M3,Full Cross-Scale Multiscale,-0.01759964052264194,-0.019624877384109677,-0.020629231806968202,1
2021-08-03,2021-08-02,M0,Historical Simulation Benchmark,-0.036666248533484325,-0.06378969548630652,-0.00524128546157294,0
2021-08-03,2021-08-02,M1,Heavy-Tail Marginals,-0.038898196543265935,-0.049268577233416544,-0.00524128546157294,0
2021-08-03,2021-08-02,M2,Wavelet + Within-Scale,-0.016742111754480857,-0.019054135133407514,-0.00524128546157294,0
2021-08-03,2021-08-02,M3,Full Cross-Scale Multiscale,-0.016959496586189157,-0.019857791915903936,-0.00524128546157294,0
2021-08-04,2021-08-03,M0,Historical Simulation Benchmark,-0.036666248533484325,-0.06378969548630652,0.00032673089517362003,0
2021-08-04,2021-08-03,M1,Heavy-Tail Marginals,-0.03876402987525247,-0.04670757311873222,0.00032673089517362003,0
2021-08-04,2021-08-03,M2,Wavelet + Within-Scale,-0.01708388405045778,-0.020132614974064298,0.00032673089517362003,0
2021-08-04,2021-08-03,M3,Full Cross-Scale Multiscale,-0.017239976957289425,-0.019719253221953194,0.00032673089517362003,0
2021-08-05,2021-08-04,M0,Historical Simulation Benchmark,-0.036666248533484325,-0.06378969548630652,0.00908674125266334,0
2021-08-05,2021-08-04,M1,Heavy-Tail Marginals,-0.03811944865015639,-0.049589876484863654,0.00908674125266334,0
2021-08-05,2021-08-04,M2,Wavelet + Within-Scale,-0.016561937763523795,-0.01962706955910757,0.00908674125266334,0
2021-08-05,2021-08-04,M3,Full Cross-Scale Multiscale,-0.016798546298983936,-0.018476849361175128,0.00908674125266334,0
2021-08-06,2021-08-05,M0,Historical Simulation Benchmark,-0.036666248533484325,-0.06378969548630652,0.001184394811465539,0
2021-08-06,2021-08-05,M1,Heavy-Tail Marginals,-0.039256599186725555,-0.04673234059573718,0.001184394811465539,0
2021-08-06,2021-08-05,M2,Wavelet + Within-Scale,-0.015952353297843745,-0.01942446053622641,0.001184394811465539,0
2021-08-06,2021-08-05,M3,Full Cross-Scale Multiscale,-0.017571385441676333,-0.018946150075030248,0.001184394811465539,0
2021-08-09,2021-08-06,M0,Historical Simulation Benchmark,-0.036666248533484325,-0.06378969548630652,0.007636196337132601,0
2021-08-09,2021-08-06,M1,Heavy-Tail Marginals,-0.03698005698593678,-0.050460365222824335,0.007636196337132601,0
2021-08-09,2021-08-06,M2,Wavelet + Within-Scale,-0.01676446827182254,-0.020098381015932875,0.007636196337132601,0
2021-08-09,2021-08-06,M3,Full Cross-Scale Multiscale,-0.01676812968726565,-0.019264657861330695,0.007636196337132601,0
2021-08-10,2021-08-09,M0,Historical Simulation Benchmark,-0.036666248533484325,-0.06378969548630652,0.00112083597211202,0
2021-08-10,2021-08-09,M1,Heavy-Tail Marginals,-0.033849890909625785,-0.047114746696050334,0.00112083597211202,0
2021-08-10,2021-08-09,M2,Wavelet + Within-Scale,-0.017111661135322795,-0.01882670265549615,0.00112083597211202,0
2021-08-10,2021-08-09,M3,Full Cross-Scale Multiscale,-0.01685309243497366,-0.020142656336386996,0.00112083597211202,0
2021-08-11,2021-08-10,M0,Historical Simulation Benchmark,-0.036666248533484325,-0.06378969548630652,0.00607910781435624,0
2021-08-11,2021-08-10,M1,Heavy-Tail Marginals,-0.04156225419463245,-0.05747538683287286,0.00607910781435624,0
2021-08-11,2021-08-10,M2,Wavelet + Within-Scale,-0.017176686123838002,-0.020664462408316354,0.00607910781435624,0
2021-08-11,2021-08-10,M3,Full Cross-Scale Multiscale,-0.01571709887550813,-0.018574334484502245,0.00607910781435624,0
2021-08-12,2021-08-11,M0,Historical Simulation Benchmark,-0.036666248533484325,-0.06378969548630652,-0.00556671427707384,0
2021-08-12,2021-08-11,M1,Heavy-Tail Marginals,-0.03588292710675927,-0.0484085412940388,-0.00556671427707384,0
2021-08-12,2021-08-11,M2,Wavelet + Within-Scale,-0.017306473148285085,-0.020278858752670378,-0.00556671427707384,0
2021-08-12,2021-08-11,M3,Full Cross-Scale Multiscale,-0.01615633130146919,-0.019225172100412035,-0.00556671427707384,0
2021-08-13,2021-08-12,M0,Historical Simulation Benchmark,-0.036666248533484325,-0.06378969548630652,0.01615108376921498,0
2021-08-13,2021-08-12,M1,Heavy-Tail Marginals,-0.03691521321354092,-0.04413854864198921,0.01615108376921498,0
2021-08-13,2021-08-12,M2,Wavelet + Within-Scale,-0.01676897894263315,-0.019827436915409388,0.01615108376921498,0
2021-08-13,2021-08-12,M3,Full Cross-Scale Multiscale,-0.01706741447128036,-0.020311236092015333,0.01615108376921498,0
2021-08-16,2021-08-13,M0,Historical Simulation Benchmark,-0.036666248533484325,-0.06378969548630652,-0.007372109413333321,0
2021-08-16,2021-08-13,M1,Heavy-Tail Marginals,-0.03805293492406793,-0.05185244189117677,-0.007372109413333321,0
2021-08-16,2021-08-13,M2,Wavelet + Within-Scale,-0.016089859616020215,-0.018552186712106435,-0.007372109413333321,0
2021-08-16,2021-08-13,M3,Full Cross-Scale Multiscale,-0.01671186428086255,-0.020096630650598395,-0.007372109413333321,0
2021-08-17,2021-08-16,M0,Historical Simulation Benchmark,-0.036666248533484325,-0.06378969548630652,-0.00945593775927016,0
2021-08-17,2021-08-16,M1,Heavy-Tail Marginals,-0.03922239356805612,-0.04792570712355241,-0.00945593775927016,0
2021-08-17,2021-08-16,M2,Wavelet + Within-Scale,-0.016870565139271043,-0.018807669293109515,-0.00945593775927016,0
2021-08-17,2021-08-16,M3,Full Cross-Scale Multiscale,-0.0167865968105726,-0.019315432177493673,-0.00945593775927016,0
2021-08-18,2021-08-17,M0,Historical Simulation Benchmark,-0.036666248533484325,-0.06378969548630652,-0.00680657336550458,0
2021-08-18,2021-08-17,M1,Heavy-Tail Marginals,-0.03961734371057873,-0.04510049299175982,-0.00680657336550458,0
2021-08-18,2021-08-17,M2,Wavelet + Within-Scale,-0.016414406866886132,-0.019826083259963097,-0.00680657336550458,0
2021-08-18,2021-08-17,M3,Full Cross-Scale Multiscale,-0.015871338575344555,-0.0187423118522732,-0.00680657336550458,0
2021-08-19,2021-08-18,M0,Historical Simulation Benchmark,-0.036666248533484325,-0.06378969548630652,0.005747006926569979,0
2021-08-19,2021-08-18,M1,Heavy-Tail Marginals,-0.03684841445040239,-0.046198945107020696,0.005747006926569979,0
2021-08-19,2021-08-18,M2,Wavelet + Within-Scale,-0.016896653918116677,-0.018795524112285352,0.005747006926569979,0
2021-08-19,2021-08-18,M3,Full Cross-Scale Multiscale,-0.017514857607464025,-0.021744059098420157,0.005747006926569979,0
2021-08-20,2021-08-19,M0,Historical Simulation Benchmark,-0.036666248533484325,-0.06378969548630652,0.006348135840811281,0
2021-08-20,2021-08-19,M1,Heavy-Tail Marginals,-0.036612380961068704,-0.05642569256060929,0.006348135840811281,0
2021-08-20,2021-08-19,M2,Wavelet + Within-Scale,-0.016669859005894787,-0.020737407671770226,0.006348135840811281,0
2021-08-20,2021-08-19,M3,Full Cross-Scale Multiscale,-0.017742428731795636,-0.020595417683629116,0.006348135840811281,0
2021-08-23,2021-08-20,M0,Historical Simulation Benchmark,-0.036666248533484325,-0.06378969548630652,0.0159056365518004,0
2021-08-23,2021-08-20,M1,Heavy-Tail Marginals,-0.03826287188764609,-0.05259708895946189,0.0159056365518004,0
2021-08-23,2021-08-20,M2,Wavelet + Within-Scale,-0.01698921784153329,-0.019707630351437053,0.0159056365518004,0
2021-08-23,2021-08-20,M3,Full Cross-Scale Multiscale,-0.01640528780561685,-0.019925495162840232,0.0159056365518004,0
2021-08-24,2021-08-23,M0,Historical Simulation Benchmark,-0.036666248533484325,-0.06378969548630652,-0.0013690455189117592,0
2021-08-24,2021-08-23,M1,Heavy-Tail Marginals,-0.03895200585779021,-0.05056641839453154,-0.0013690455189117592,0
2021-08-24,2021-08-23,M2,Wavelet + Within-Scale,-0.016798507770207978,-0.019575848394842534,-0.0013690455189117592,0
2021-08-24,2021-08-23,M3,Full Cross-Scale Multiscale,-0.017298102040894773,-0.01927312520356945,-0.0013690455189117592,0
2021-08-25,2021-08-24,M0,Historical Simulation Benchmark,-0.036666248533484325,-0.06378969548630652,0.00528185864142846,0
2021-08-25,2021-08-24,M1,Heavy-Tail Marginals,-0.03511227034550102,-0.04407488233208614,0.00528185864142846,0
2021-08-25,2021-08-24,M2,Wavelet + Within-Scale,-0.017395352126324138,-0.02044445290556055,0.00528185864142846,0
2021-08-25,2021-08-24,M3,Full Cross-Scale Multiscale,-0.019386841938035637,-0.021526428481247806,0.00528185864142846,0
2021-08-26,2021-08-25,M0,Historical Simulation Benchmark,-0.036666248533484325,-0.06378969548630652,-0.01076306019563294,0
2021-08-26,2021-08-25,M1,Heavy-Tail Marginals,-0.03289173079932124,-0.04156590247096835,-0.01076306019563294,0
2021-08-26,2021-08-25,M2,Wavelet + Within-Scale,-0.018369674354496324,-0.02170341214202117,-0.01076306019563294,0
2021-08-26,2021-08-25,M3,Full Cross-Scale Multiscale,-0.018177992372027406,-0.019665774691150363,-0.01076306019563294,0
2021-08-27,2021-08-26,M0,Historical Simulation Benchmark,-0.036666248533484325,-0.06378969548630652,0.017035896159493982,0
2021-08-27,2021-08-26,M1,Heavy-Tail Marginals,-0.03184166272216186,-0.042897986366699926,0.017035896159493982,0
2021-08-27,2021-08-26,M2,Wavelet + Within-Scale,-0.018165165356234574,-0.021589136288911275,0.017035896159493982,0
2021-08-27,2021-08-26,M3,Full Cross-Scale Multiscale,-0.019014900833928983,-0.022231507962371274,0.017035896159493982,0
2021-08-30,2021-08-27,M0,Historical Simulation Benchmark,-0.036666248533484325,-0.06378969548630652,-0.00702395504489106,0
2021-08-30,2021-08-27,M1,Heavy-Tail Marginals,-0.028944395401282547,-0.03755312278777044,-0.00702395504489106,0
2021-08-30,2021-08-27,M2,Wavelet + Within-Scale,-0.01840974552723609,-0.020884887265448196,-0.00702395504489106,0
2021-08-30,2021-08-27,M3,Full Cross-Scale Multiscale,-0.01957195291133572,-0.021461874067515006,-0.00702395504489106,0
2021-08-31,2021-08-30,M0,Historical Simulation Benchmark,-0.036666248533484325,-0.06378969548630652,-0.0012895284606958598,0
2021-08-31,2021-08-30,M1,Heavy-Tail Marginals,-0.03162417614477107,-0.042341806862123584,-0.0012895284606958598,0
2021-08-31,2021-08-30,M2,Wavelet + Within-Scale,-0.01790021984779889,-0.02106077001730305,-0.0012895284606958598,0
2021-08-31,2021-08-30,M3,Full Cross-Scale Multiscale,-0.019352075434152058,-0.02231721164066284,-0.0012895284606958598,0
2021-09-01,2021-08-31,M0,Historical Simulation Benchmark,-0.036666248533484325,-0.06378969548630652,0.0067460276093837465,0
2021-09-01,2021-08-31,M1,Heavy-Tail Marginals,-0.031742456926617306,-0.038255863454332184,0.0067460276093837465,0
2021-09-01,2021-08-31,M2,Wavelet + Within-Scale,-0.01747418153632287,-0.01964832842577576,0.0067460276093837465,0
2021-09-01,2021-08-31,M3,Full Cross-Scale Multiscale,-0.018385475713499334,-0.020486694435964892,0.0067460276093837465,0
2021-09-02,2021-09-01,M0,Historical Simulation Benchmark,-0.036666248533484325,-0.06378969548630652,0.006492330943244421,0
2021-09-02,2021-09-01,M1,Heavy-Tail Marginals,-0.029586208731735657,-0.03666746367679134,0.006492330943244421,0
2021-09-02,2021-09-01,M2,Wavelet + Within-Scale,-0.01779459307845691,-0.020265590105943716,0.006492330943244421,0
2021-09-02,2021-09-01,M3,Full Cross-Scale Multiscale,-0.018336142622721974,-0.020207147868207213,0.006492330943244421,0
2021-09-03,2021-09-02,M0,Historical Simulation Benchmark,-0.036666248533484325,-0.06378969548630652,0.0032213063269153804,0
2021-09-03,2021-09-02,M1,Heavy-Tail Marginals,-0.030303933405061403,-0.03586239709374513,0.0032213063269153804,0
2021-09-03,2021-09-02,M2,Wavelet + Within-Scale,-0.017455853884450888,-0.020294464827713268,0.0032213063269153804,0
2021-09-03,2021-09-02,M3,Full Cross-Scale Multiscale,-0.017975885290082497,-0.02034351563992064,0.0032213063269153804,0
2021-09-07,2021-09-03,M0,Historical Simulation Benchmark,-0.036666248533484325,-0.06378969548630652,-0.021306444028633662,0
2021-09-07,2021-09-03,M1,Heavy-Tail Marginals,-0.029730134009088423,-0.03850464710495648,-0.021306444028633662,0
2021-09-07,2021-09-03,M2,Wavelet + Within-Scale,-0.017462274330893972,-0.019528065379497226,-0.021306444028633662,1
2021-09-07,2021-09-03,M3,Full Cross-Scale Multiscale,-0.018696982497180544,-0.021471356251956255,-0.021306444028633662,1
2021-09-08,2021-09-07,M0,Historical Simulation Benchmark,-0.036666248533484325,-0.06378969548630652,-0.0010190520441421404,0
2021-09-08,2021-09-07,M1,Heavy-Tail Marginals,-0.032417186899506456,-0.04108292101763975,-0.0010190520441421404,0
2021-09-08,2021-09-07,M2,Wavelet + Within-Scale,-0.01780549659951878,-0.020934569869625084,-0.0010190520441421404,0
2021-09-08,2021-09-07,M3,Full Cross-Scale Multiscale,-0.018522461559271054,-0.020911082738057585,-0.0010190520441421404,0
2021-09-09,2021-09-08,M0,Historical Simulation Benchmark,-0.036666248533484325,-0.06378969548630652,-0.00160131353551414,0
2021-09-09,2021-09-08,M1,Heavy-Tail Marginals,-0.03166966142090576,-0.0372887984567914,-0.00160131353551414,0
2021-09-09,2021-09-08,M2,Wavelet + Within-Scale,-0.017414913174272142,-0.019589381872930384,-0.00160131353551414,0
2021-09-09,2021-09-08,M3,Full Cross-Scale Multiscale,-0.01893945780426008,-0.02196364742005482,-0.00160131353551414,0
2021-09-10,2021-09-09,M0,Historical Simulation Benchmark,-0.036666248533484325,-0.06378969548630652,-0.005486679059937421,0
2021-09-10,2021-09-09,M1,Heavy-Tail Marginals,-0.0330509561003765,-0.039324860958070224,-0.005486679059937421,0
2021-09-10,2021-09-09,M2,Wavelet + Within-Scale,-0.01764463927914594,-0.020422708011836238,-0.005486679059937421,0
2021-09-10,2021-09-09,M3,Full Cross-Scale Multiscale,-0.018787602382532537,-0.022452392674362064,-0.005486679059937421,0
2021-09-13,2021-09-10,M0,Historical Simulation Benchmark,-0.036666248533484325,-0.06378969548630652,0.0045397252516722,0
2021-09-13,2021-09-10,M1,Heavy-Tail Marginals,-0.031314104490881914,-0.04094549993753731,0.0045397252516722,0
2021-09-13,2021-09-10,M2,Wavelet + Within-Scale,-0.01781408451619103,-0.020818436407034367,0.0045397252516722,0
2021-09-13,2021-09-10,M3,Full Cross-Scale Multiscale,-0.018147059701653572,-0.021500139851399452,0.0045397252516722,0
2021-09-14,2021-09-13,M0,Historical Simulation Benchmark,-0.036666248533484325,-0.06378969548630652,0.00951842192515056,0
2021-09-14,2021-09-13,M1,Heavy-Tail Marginals,-0.032672241171414505,-0.04236955235199784,0.00951842192515056,0
2021-09-14,2021-09-13,M2,Wavelet + Within-Scale,-0.017536872887370686,-0.019800778328823467,0.00951842192515056,0
2021-09-14,2021-09-13,M3,Full Cross-Scale Multiscale,-0.01754009234908698,-0.02021035307144512,0.00951842192515056,0
2021-09-15,2021-09-14,M0,Historical Simulation Benchmark,-0.036666248533484325,-0.06378969548630652,0.010217452909559801,0
2021-09-15,2021-09-14,M1,Heavy-Tail Marginals,-0.033624624722598646,-0.04624445428212547,0.010217452909559801,0
2021-09-15,2021-09-14,M2,Wavelet + Within-Scale,-0.01772575814870564,-0.019570885741564875,0.010217452909559801,0
2021-09-15,2021-09-14,M3,Full Cross-Scale Multiscale,-0.0187108551074763,-0.02104258944250039,0.010217452909559801,0
2021-09-16,2021-09-15,M0,Historical Simulation Benchmark,-0.036666248533484325,-0.06378969548630652,-0.00712872254045276,0
2021-09-16,2021-09-15,M1,Heavy-Tail Marginals,-0.0286766569836252,-0.033805565263075536,-0.00712872254045276,0
2021-09-16,2021-09-15,M2,Wavelet + Within-Scale,-0.017869141133138262,-0.021509211382776262,-0.00712872254045276,0
2021-09-16,2021-09-15,M3,Full Cross-Scale Multiscale,-0.019209621365615295,-0.023120733910552825,-0.00712872254045276,0
2021-09-17,2021-09-16,M0,Historical Simulation Benchmark,-0.036666248533484325,-0.06378969548630652,-0.006533465398593501,0
2021-09-17,2021-09-16,M1,Heavy-Tail Marginals,-0.031023725736360037,-0.038475528584606164,-0.006533465398593501,0
2021-09-17,2021-09-16,M2,Wavelet + Within-Scale,-0.01781397239962977,-0.019465446023058587,-0.006533465398593501,0
2021-09-17,2021-09-16,M3,Full Cross-Scale Multiscale,-0.018814651754623476,-0.021110701471013255,-0.006533465398593501,0
2021-09-20,2021-09-17,M0,Historical Simulation Benchmark,-0.036666248533484325,-0.06378969548630652,-0.023463652906666944,0
2021-09-20,2021-09-17,M1,Heavy-Tail Marginals,-0.03318960569070411,-0.03970281246924277,-0.023463652906666944,0
2021-09-20,2021-09-17,M2,Wavelet + Within-Scale,-0.016995533624243508,-0.019245796688981895,-0.023463652906666944,1
2021-09-20,2021-09-17,M3,Full Cross-Scale Multiscale,-0.018276918987452456,-0.021262852216435264,-0.023463652906666944,1
2021-09-21,2021-09-20,M0,Historical Simulation Benchmark,-0.036666248533484325,-0.06378969548630652,-0.0093575234980418,0
2021-09-21,2021-09-20,M1,Heavy-Tail Marginals,-0.030901354993952232,-0.0446369461878376,-0.0093575234980418,0
2021-09-21,2021-09-20,M2,Wavelet + Within-Scale,-0.0179902036847977,-0.020421086089967448,-0.0093575234980418,0
2021-09-21,2021-09-20,M3,Full Cross-Scale Multiscale,-0.017852501895755844,-0.021064162181148545,-0.0093575234980418,0
2021-09-22,2021-09-21,M0,Historical Simulation Benchmark,-0.036666248533484325,-0.06378969548630652,0.01865915104080052,0
2021-09-22,2021-09-21,M1,Heavy-Tail Marginals,-0.032489590539189594,-0.04804235026121203,0.01865915104080052,0
2021-09-22,2021-09-21,M2,Wavelet + Within-Scale,-0.019094477201803683,-0.0208091788496732,0.01865915104080052,0
2021-09-22,2021-09-21,M3,Full Cross-Scale Multiscale,-0.018463527602768908,-0.021571823083691526,0.01865915104080052,0
2021-09-23,2021-09-22,M0,Historical Simulation Benchmark,-0.036666248533484325,-0.06378969548630652,0.0077797996122276605,0
2021-09-23,2021-09-22,M1,Heavy-Tail Marginals,-0.03258760794291454,-0.04681313068665881,0.0077797996122276605,0
2021-09-23,2021-09-22,M2,Wavelet + Within-Scale,-0.019766921815256605,-0.02236004808768558,0.0077797996122276605,0
2021-09-23,2021-09-22,M3,Full Cross-Scale Multiscale,-0.021318079757298564,-0.023657210296289248,0.0077797996122276605,0
2021-09-24,2021-09-23,M0,Historical Simulation Benchmark,-0.034458368863747195,-0.06350890516164644,-0.008198817122599561,0
2021-09-24,2021-09-23,M1,Heavy-Tail Marginals,-0.0377622851611779,-0.045893511797897205,-0.008198817122599561,0
2021-09-24,2021-09-23,M2,Wavelet + Within-Scale,-0.01973030856004773,-0.022329079281224726,-0.008198817122599561,0
2021-09-24,2021-09-23,M3,Full Cross-Scale Multiscale,-0.021513476737551225,-0.025201538687125213,-0.008198817122599561,0
2021-09-27,2021-09-24,M0,Historical Simulation Benchmark,-0.034458368863747195,-0.06350890516164644,0.0006296974714817202,0
2021-09-27,2021-09-24,M1,Heavy-Tail Marginals,-0.036483082878159115,-0.04419151553993328,0.0006296974714817202,0
2021-09-27,2021-09-24,M2,Wavelet + Within-Scale,-0.01970663143119312,-0.022150632290896876,0.0006296974714817202,0
2021-09-27,2021-09-24,M3,Full Cross-Scale Multiscale,-0.01974351655468674,-0.022191368709420234,0.0006296974714817202,0
2021-09-28,2021-09-27,M0,Historical Simulation Benchmark,-0.034458368863747195,-0.06350890516164644,-0.014496015072980761,0
2021-09-28,2021-09-27,M1,Heavy-Tail Marginals,-0.030163928623040875,-0.03968440391058535,-0.014496015072980761,0
2021-09-28,2021-09-27,M2,Wavelet + Within-Scale,-0.019028062940352284,-0.0206251852862831,-0.014496015072980761,0
2021-09-28,2021-09-27,M3,Full Cross-Scale Multiscale,-0.020801162698389747,-0.023648059569246333,-0.014496015072980761,0
2021-09-29,2021-09-28,M0,Historical Simulation Benchmark,-0.034458368863747195,-0.06350890516164644,0.0019022463641362,0
2021-09-29,2021-09-28,M1,Heavy-Tail Marginals,-0.03375175929183656,-0.04195929856207482,0.0019022463641362,0
2021-09-29,2021-09-28,M2,Wavelet + Within-Scale,-0.020706525460337945,-0.024491624221478034,0.0019022463641362,0
2021-09-29,2021-09-28,M3,Full Cross-Scale Multiscale,-0.020016407047545367,-0.023876908391087227,0.0019022463641362,0
2021-09-30,2021-09-29,M0,Historical Simulation Benchmark,-0.034458368863747195,-0.06350890516164644,0.012698952008127179,0
2021-09-30,2021-09-29,M1,Heavy-Tail Marginals,-0.032920752133219953,-0.04340841585693227,0.012698952008127179,0
2021-09-30,2021-09-29,M2,Wavelet + Within-Scale,-0.019135549963889244,-0.023654250702175247,0.012698952008127179,0
2021-09-30,2021-09-29,M3,Full Cross-Scale Multiscale,-0.02091688126873953,-0.024567504727074273,0.012698952008127179,0
2021-10-01,2021-09-30,M0,Historical Simulation Benchmark,-0.034458368863747195,-0.06350890516164644,0.02511536492929574,0
2021-10-01,2021-09-30,M1,Heavy-Tail Marginals,-0.030839315491716687,-0.040244689316037655,0.02511536492929574,0
2021-10-01,2021-09-30,M2,Wavelet + Within-Scale,-0.01921712237136414,-0.02230437828155827,0.02511536492929574,0
2021-10-01,2021-09-30,M3,Full Cross-Scale Multiscale,-0.020214018278581186,-0.02270915408516972,0.02511536492929574,0
2021-10-04,2021-10-01,M0,Historical Simulation Benchmark,-0.034458368863747195,-0.06350890516164644,0.006759008558286421,0
2021-10-04,2021-10-01,M1,Heavy-Tail Marginals,-0.034615089527632634,-0.04180182243088008,0.006759008558286421,0
2021-10-04,2021-10-01,M2,Wavelet + Within-Scale,-0.01977271030260498,-0.022854610856903688,0.006759008558286421,0
2021-10-04,2021-10-01,M3,Full Cross-Scale Multiscale,-0.02029322210134668,-0.02477416993654436,0.006759008558286421,0
2021-10-05,2021-10-04,M0,Historical Simulation Benchmark,-0.034458368863747195,-0.06350890516164644,0.014202836320791442,0
2021-10-05,2021-10-04,M1,Heavy-Tail Marginals,-0.03569739347889075,-0.05041677303063811,0.014202836320791442,0
2021-10-05,2021-10-04,M2,Wavelet + Within-Scale,-0.019642859992824228,-0.0220053227275481,0.014202836320791442,0
2021-10-05,2021-10-04,M3,Full Cross-Scale Multiscale,-0.020990797435035864,-0.02430124595751317,0.014202836320791442,0
2021-10-06,2021-10-05,M0,Historical Simulation Benchmark,-0.034458368863747195,-0.06350890516164644,0.01046230456949778,0
2021-10-06,2021-10-05,M1,Heavy-Tail Marginals,-0.03406472518111193,-0.04166202321758466,0.01046230456949778,0
2021-10-06,2021-10-05,M2,Wavelet + Within-Scale,-0.020027066840224848,-0.02279019125025291,0.01046230456949778,0
2021-10-06,2021-10-05,M3,Full Cross-Scale Multiscale,-0.020305342245827508,-0.023926965932803947,0.01046230456949778,0
2021-10-07,2021-10-06,M0,Historical Simulation Benchmark,-0.034458368863747195,-0.06350890516164644,-0.0014528532773923812,0
2021-10-07,2021-10-06,M1,Heavy-Tail Marginals,-0.032512703672299706,-0.04213227980207521,-0.0014528532773923812,0
2021-10-07,2021-10-06,M2,Wavelet + Within-Scale,-0.019850630724424903,-0.023483810919622875,-0.0014528532773923812,0
2021-10-07,2021-10-06,M3,Full Cross-Scale Multiscale,-0.022154765162906254,-0.0245843130936073,-0.0014528532773923812,0
2021-10-08,2021-10-07,M0,Historical Simulation Benchmark,-0.034458368863747195,-0.06350890516164644,0.00028147645508480004,0
2021-10-08,2021-10-07,M1,Heavy-Tail Marginals,-0.030126390915515524,-0.040740623986490726,0.00028147645508480004,0
2021-10-08,2021-10-07,M2,Wavelet + Within-Scale,-0.020687170240477056,-0.024181436296482863,0.00028147645508480004,0
2021-10-08,2021-10-07,M3,Full Cross-Scale Multiscale,-0.020862330938059198,-0.02478057605886155,0.00028147645508480004,0
2021-10-11,2021-10-08,M0,Historical Simulation Benchmark,-0.034458368863747195,-0.06350890516164644,0.012849024284042042,0
2021-10-11,2021-10-08,M1,Heavy-Tail Marginals,-0.039738274905290825,-0.051579588437817105,0.012849024284042042,0
2021-10-11,2021-10-08,M2,Wavelet + Within-Scale,-0.019651612013058505,-0.023451639129359644,0.012849024284042042,0
2021-10-11,2021-10-08,M3,Full Cross-Scale Multiscale,-0.02018708329302172,-0.023782662067092158,0.012849024284042042,0
2021-10-12,2021-10-11,M0,Historical Simulation Benchmark,-0.034458368863747195,-0.06350890516164644,-0.00401959726047448,0
2021-10-12,2021-10-11,M1,Heavy-Tail Marginals,-0.03530738433355884,-0.0486286816354675,-0.00401959726047448,0
2021-10-12,2021-10-11,M2,Wavelet + Within-Scale,-0.02046359991474356,-0.024834731073504875,-0.00401959726047448,0
2021-10-12,2021-10-11,M3,Full Cross-Scale Multiscale,-0.020960214247596712,-0.02478822758216713,-0.00401959726047448,0
2021-10-13,2021-10-12,M0,Historical Simulation Benchmark,-0.034458368863747195,-0.06350890516164644,0.009603009955908461,0
2021-10-13,2021-10-12,M1,Heavy-Tail Marginals,-0.031479038719873856,-0.044546032917609404,0.009603009955908461,0
2021-10-13,2021-10-12,M2,Wavelet + Within-Scale,-0.019225374774735494,-0.022506265425731007,0.009603009955908461,0
2021-10-13,2021-10-12,M3,Full Cross-Scale Multiscale,-0.021087490898761656,-0.02440485666649777,0.009603009955908461,0
2021-10-14,2021-10-13,M0,Historical Simulation Benchmark,-0.034458368863747195,-0.06350890516164644,0.0063184393549144,0
2021-10-14,2021-10-13,M1,Heavy-Tail Marginals,-0.03512692175298735,-0.045456202078550195,0.0063184393549144,0
2021-10-14,2021-10-13,M2,Wavelet + Within-Scale,-0.01905257243927624,-0.023363933705905757,0.0063184393549144,0
2021-10-14,2021-10-13,M3,Full Cross-Scale Multiscale,-0.02047454572095195,-0.02421592153329784,0.0063184393549144,0
2021-10-15,2021-10-14,M0,Historical Simulation Benchmark,-0.034458368863747195,-0.06350890516164644,0.012891725719306961,0
2021-10-15,2021-10-14,M1,Heavy-Tail Marginals,-0.03193107652487217,-0.04432216814218143,0.012891725719306961,0
2021-10-15,2021-10-14,M2,Wavelet + Within-Scale,-0.018732230952085732,-0.02119038973605015,0.012891725719306961,0
2021-10-15,2021-10-14,M3,Full Cross-Scale Multiscale,-0.019076562786869297,-0.022825040063079817,0.012891725719306961,0
2021-10-18,2021-10-15,M0,Historical Simulation Benchmark,-0.034458368863747195,-0.06350890516164644,0.00054745172421748,0
2021-10-18,2021-10-15,M1,Heavy-Tail Marginals,-0.030072145156219858,-0.037688686939027674,0.00054745172421748,0
2021-10-18,2021-10-15,M2,Wavelet + Within-Scale,-0.019833448205110224,-0.021935205139493562,0.00054745172421748,0
2021-10-18,2021-10-15,M3,Full Cross-Scale Multiscale,-0.02033590580036291,-0.022939447992541384,0.00054745172421748,0
2021-10-19,2021-10-18,M0,Historical Simulation Benchmark,-0.034458368863747195,-0.06350890516164644,0.01015229414448748,0
2021-10-19,2021-10-18,M1,Heavy-Tail Marginals,-0.032808611394512584,-0.042285168602831845,0.01015229414448748,0
2021-10-19,2021-10-18,M2,Wavelet + Within-Scale,-0.019385547562728308,-0.023382684363884403,0.01015229414448748,0
2021-10-19,2021-10-18,M3,Full Cross-Scale Multiscale,-0.019801151110475645,-0.02257535291285825,0.01015229414448748,0
2021-10-20,2021-10-19,M0,Historical Simulation Benchmark,-0.034458368863747195,-0.06350890516164644,0.01018041495164826,0
2021-10-20,2021-10-19,M1,Heavy-Tail Marginals,-0.031625623723661136,-0.044035488398828516,0.01018041495164826,0
2021-10-20,2021-10-19,M2,Wavelet + Within-Scale,-0.01854355280757544,-0.02165675635885254,0.01018041495164826,0
2021-10-20,2021-10-19,M3,Full Cross-Scale Multiscale,-0.019633275599682955,-0.02172251575170627,0.01018041495164826,0
2021-10-21,2021-10-20,M0,Historical Simulation Benchmark,-0.034458368863747195,-0.06350890516164644,-0.01444981333421756,0
2021-10-21,2021-10-20,M1,Heavy-Tail Marginals,-0.03272875215943255,-0.043097329516763774,-0.01444981333421756,0
2021-10-21,2021-10-20,M2,Wavelet + Within-Scale,-0.018755563251150895,-0.021773014694018215,-0.01444981333421756,0
2021-10-21,2021-10-20,M3,Full Cross-Scale Multiscale,-0.020477742748403683,-0.023828610600980363,-0.01444981333421756,0
2021-10-22,2021-10-21,M0,Historical Simulation Benchmark,-0.034458368863747195,-0.06350890516164644,-0.0012703079434705803,0
2021-10-22,2021-10-21,M1,Heavy-Tail Marginals,-0.033198355184310045,-0.046829965758243115,-0.0012703079434705803,0
2021-10-22,2021-10-21,M2,Wavelet + Within-Scale,-0.020997895779890308,-0.023616797071699547,-0.0012703079434705803,0
2021-10-22,2021-10-21,M3,Full Cross-Scale Multiscale,-0.020236907479093263,-0.023371176847534814,-0.0012703079434705803,0
2021-10-25,2021-10-22,M0,Historical Simulation Benchmark,-0.034458368863747195,-0.06350890516164644,0.0095930240144006,0
2021-10-25,2021-10-22,M1,Heavy-Tail Marginals,-0.028656579418354537,-0.03534707482651423,0.0095930240144006,0
2021-10-25,2021-10-22,M2,Wavelet + Within-Scale,-0.012279229920992443,-0.015292810478237006,0.0095930240144006,0
2021-10-25,2021-10-22,M3,Full Cross-Scale Multiscale,-0.01306732333150873,-0.015401522778631683,0.0095930240144006,0
2021-10-26,2021-10-25,M0,Historical Simulation Benchmark,-0.034458368863747195,-0.06350890516164644,-0.007602897076731279,0
2021-10-26,2021-10-25,M1,Heavy-Tail Marginals,-0.02981185585883279,-0.04703814417280283,-0.007602897076731279,0
2021-10-26,2021-10-25,M2,Wavelet + Within-Scale,-0.011873849988293056,-0.013921865681150811,-0.007602897076731279,0
2021-10-26,2021-10-25,M3,Full Cross-Scale Multiscale,-0.012570221821233653,-0.01406797907909367,-0.007602897076731279,0
2021-10-27,2021-10-26,M0,Historical Simulation Benchmark,-0.034458368863747195,-0.06350890516164644,-0.01095461072599042,0
2021-10-27,2021-10-26,M1,Heavy-Tail Marginals,-0.026824861651606847,-0.03277537982071177,-0.01095461072599042,0
2021-10-27,2021-10-26,M2,Wavelet + Within-Scale,-0.012554941136266807,-0.014384462998541575,-0.01095461072599042,0
2021-10-27,2021-10-26,M3,Full Cross-Scale Multiscale,-0.012884310556262128,-0.014474805183686512,-0.01095461072599042,0
2021-10-28,2021-10-27,M0,Historical Simulation Benchmark,-0.034458368863747195,-0.06350890516164644,0.010286754467835101,0
2021-10-28,2021-10-27,M1,Heavy-Tail Marginals,-0.027222448187657098,-0.03312357268021172,0.010286754467835101,0
2021-10-28,2021-10-27,M2,Wavelet + Within-Scale,-0.012536038913511694,-0.014566606129122212,0.010286754467835101,0
2021-10-28,2021-10-27,M3,Full Cross-Scale Multiscale,-0.012277593063442619,-0.014682145608724103,0.010286754467835101,0
2021-10-29,2021-10-28,M0,Historical Simulation Benchmark,-0.034458368863747195,-0.06350890516164644,0.0031396573166436403,0
2021-10-29,2021-10-28,M1,Heavy-Tail Marginals,-0.031519906233292344,-0.04050637970281972,0.0031396573166436403,0
2021-10-29,2021-10-28,M2,Wavelet + Within-Scale,-0.0122839530194892,-0.014334250683319266,0.0031396573166436403,0
2021-10-29,2021-10-28,M3,Full Cross-Scale Multiscale,-0.013040850834306844,-0.014969024635053507,0.0031396573166436403,0
2021-11-01,2021-10-29,M0,Historical Simulation Benchmark,-0.034458368863747195,-0.06350890516164644,-0.0012768481651711065,0
2021-11-01,2021-10-29,M1,Heavy-Tail Marginals,-0.028143796552315744,-0.03808017588842226,-0.0012768481651711065,0
2021-11-01,2021-10-29,M2,Wavelet + Within-Scale,-0.01247902401868649,-0.014322866015862828,-0.0012768481651711065,0
2021-11-01,2021-10-29,M3,Full Cross-Scale Multiscale,-0.01314748259285751,-0.015497031842454257,-0.0012768481651711065,0
2021-11-02,2021-11-01,M0,Historical Simulation Benchmark,-0.034458368863747195,-0.06350890516164644,0.008020212596433582,0
2021-11-02,2021-11-01,M1,Heavy-Tail Marginals,-0.028614687571863417,-0.035451889816007616,0.008020212596433582,0
2021-11-02,2021-11-01,M2,Wavelet + Within-Scale,-0.012301984150015549,-0.013641047935402361,0.008020212596433582,0
2021-11-02,2021-11-01,M3,Full Cross-Scale Multiscale,-0.012594470434906285,-0.014677337601691168,0.008020212596433582,0
2021-11-03,2021-11-02,M0,Historical Simulation Benchmark,-0.034458368863747195,-0.06350890516164644,-0.009655381516600779,0
2021-11-03,2021-11-02,M1,Heavy-Tail Marginals,-0.02829580355657192,-0.03477828785121721,-0.009655381516600779,0
2021-11-03,2021-11-02,M2,Wavelet + Within-Scale,-0.012875390127969141,-0.015517550343454542,-0.009655381516600779,0
2021-11-03,2021-11-02,M3,Full Cross-Scale Multiscale,-0.01278959326603552,-0.015261285682902779,-0.009655381516600779,0
2021-11-04,2021-11-03,M0,Historical Simulation Benchmark,-0.034458368863747195,-0.06350890516164644,-0.00212733289322432,0
2021-11-04,2021-11-03,M1,Heavy-Tail Marginals,-0.030612020745952997,-0.03890720807556218,-0.00212733289322432,0
2021-11-04,2021-11-03,M2,Wavelet + Within-Scale,-0.011890042320991431,-0.014018544521346241,-0.00212733289322432,0
2021-11-04,2021-11-03,M3,Full Cross-Scale Multiscale,-0.012752676665074455,-0.01499326828760159,-0.00212733289322432,0
2021-11-05,2021-11-04,M0,Historical Simulation Benchmark,-0.034458368863747195,-0.06350890516164644,0.0091642096534433,0
2021-11-05,2021-11-04,M1,Heavy-Tail Marginals,-0.027740053785484536,-0.032453790784670325,0.0091642096534433,0
2021-11-05,2021-11-04,M2,Wavelet + Within-Scale,-0.011967065863891348,-0.014351788146295213,0.0091642096534433,0
2021-11-05,2021-11-04,M3,Full Cross-Scale Multiscale,-0.01264121757951416,-0.014593462433508037,0.0091642096534433,0
2021-11-08,2021-11-05,M0,Historical Simulation Benchmark,-0.034458368863747195,-0.06350890516164644,0.02195926941662074,0
2021-11-08,2021-11-05,M1,Heavy-Tail Marginals,-0.027492917909790738,-0.036221109992768626,0.02195926941662074,0
2021-11-08,2021-11-05,M2,Wavelet + Within-Scale,-0.01189675406158625,-0.01309362793942596,0.02195926941662074,0
2021-11-08,2021-11-05,M3,Full Cross-Scale Multiscale,-0.012361999874491039,-0.014374049907148204,0.02195926941662074,0
2021-11-09,2021-11-08,M0,Historical Simulation Benchmark,-0.034458368863747195,-0.06350890516164644,0.0025293196138500606,0
2021-11-09,2021-11-08,M1,Heavy-Tail Marginals,-0.02703318152410755,-0.03817795451749787,0.0025293196138500606,0
2021-11-09,2021-11-08,M2,Wavelet + Within-Scale,-0.012056880622998084,-0.014295767875282559,0.0025293196138500606,0
2021-11-09,2021-11-08,M3,Full Cross-Scale Multiscale,-0.012353297717530524,-0.013893056849685313,0.0025293196138500606,0
2021-11-10,2021-11-09,M0,Historical Simulation Benchmark,-0.034458368863747195,-0.06350890516164644,-0.012940244633861581,0
2021-11-10,2021-11-09,M1,Heavy-Tail Marginals,-0.025935958551161136,-0.03668035600682193,-0.012940244633861581,0
2021-11-10,2021-11-09,M2,Wavelet + Within-Scale,-0.012477880842538109,-0.014194064732133707,-0.012940244633861581,1
2021-11-10,2021-11-09,M3,Full Cross-Scale Multiscale,-0.012201752827743901,-0.014205846456411524,-0.012940244633861581,1
2021-11-11,2021-11-10,M0,Historical Simulation Benchmark,-0.034458368863747195,-0.06350890516164644,4.1258839884600036e-05,0
2021-11-11,2021-11-10,M1,Heavy-Tail Marginals,-0.026359778589687518,-0.035647701182129655,4.1258839884600036e-05,0
2021-11-11,2021-11-10,M2,Wavelet + Within-Scale,-0.01255151763913146,-0.015152645245484288,4.1258839884600036e-05,0
2021-11-11,2021-11-10,M3,Full Cross-Scale Multiscale,-0.01239052142755373,-0.015032531197554638,4.1258839884600036e-05,0
2021-11-12,2021-11-11,M0,Historical Simulation Benchmark,-0.034458368863747195,-0.06350890516164644,-0.0010140882111993803,0
2021-11-12,2021-11-11,M1,Heavy-Tail Marginals,-0.029633058779985566,-0.03714245428797062,-0.0010140882111993803,0
2021-11-12,2021-11-11,M2,Wavelet + Within-Scale,-0.01272154971321737,-0.014720298595003862,-0.0010140882111993803,0
2021-11-12,2021-11-11,M3,Full Cross-Scale Multiscale,-0.012558473074484182,-0.01463701963104722,-0.0010140882111993803,0
2021-11-15,2021-11-12,M0,Historical Simulation Benchmark,-0.034458368863747195,-0.06350890516164644,-0.00257996315748712,0
2021-11-15,2021-11-12,M1,Heavy-Tail Marginals,-0.0272302281172854,-0.03616022269361007,-0.00257996315748712,0
2021-11-15,2021-11-12,M2,Wavelet + Within-Scale,-0.012204384469565418,-0.014412445870730812,-0.00257996315748712,0
2021-11-15,2021-11-12,M3,Full Cross-Scale Multiscale,-0.01273892556138502,-0.01463464855060877,-0.00257996315748712,0
2021-11-16,2021-11-15,M0,Historical Simulation Benchmark,-0.034458368863747195,-0.06350890516164644,-0.011358632797641861,0
2021-11-16,2021-11-15,M1,Heavy-Tail Marginals,-0.029776351276947614,-0.038377438689322314,-0.011358632797641861,0
2021-11-16,2021-11-15,M2,Wavelet + Within-Scale,-0.012505170720821244,-0.014172062682882777,-0.011358632797641861,0
2021-11-16,2021-11-15,M3,Full Cross-Scale Multiscale,-0.012450200902553898,-0.01487745384695118,-0.011358632797641861,0
2021-11-17,2021-11-16,M0,Historical Simulation Benchmark,-0.034458368863747195,-0.06350890516164644,-0.0015803129925218002,0
2021-11-17,2021-11-16,M1,Heavy-Tail Marginals,-0.027635430541764042,-0.03468368984296408,-0.0015803129925218002,0
2021-11-17,2021-11-16,M2,Wavelet + Within-Scale,-0.012175875643705734,-0.014818704846686199,-0.0015803129925218002,0
2021-11-17,2021-11-16,M3,Full Cross-Scale Multiscale,-0.0139410241314391,-0.016252836977977116,-0.0015803129925218002,0
2021-11-18,2021-11-17,M0,Historical Simulation Benchmark,-0.034458368863747195,-0.06350890516164644,-0.0095371343170279,0
2021-11-18,2021-11-17,M1,Heavy-Tail Marginals,-0.029738937753943876,-0.038725422276483824,-0.0095371343170279,0
2021-11-18,2021-11-17,M2,Wavelet + Within-Scale,-0.012540193812803583,-0.01532258238871346,-0.0095371343170279,0
2021-11-18,2021-11-17,M3,Full Cross-Scale Multiscale,-0.012478347610333448,-0.016869978384855006,-0.0095371343170279,0
2021-11-19,2021-11-18,M0,Historical Simulation Benchmark,-0.034458368863747195,-0.06350890516164644,-0.003735532527031419,0
2021-11-19,2021-11-18,M1,Heavy-Tail Marginals,-0.030964344566168006,-0.04247228271909051,-0.003735532527031419,0
2021-11-19,2021-11-18,M2,Wavelet + Within-Scale,-0.011851517736216875,-0.014450162205485001,-0.003735532527031419,0
2021-11-19,2021-11-18,M3,Full Cross-Scale Multiscale,-0.012242901532545675,-0.014239344891579284,-0.003735532527031419,0
2021-11-22,2021-11-19,M0,Historical Simulation Benchmark,-0.034458368863747195,-0.06350890516164644,-0.0104904707642968,0
2021-11-22,2021-11-19,M1,Heavy-Tail Marginals,-0.029029222311023013,-0.03778172143359703,-0.0104904707642968,0
2021-11-22,2021-11-19,M2,Wavelet + Within-Scale,-0.011763019114196072,-0.013415515791750885,-0.0104904707642968,0
2021-11-22,2021-11-19,M3,Full Cross-Scale Multiscale,-0.013562442217036558,-0.01581299779845659,-0.0104904707642968,0
2021-11-23,2021-11-22,M0,Historical Simulation Benchmark,-0.034458368863747195,-0.06350890516164644,0.00852406671684642,0
2021-11-23,2021-11-22,M1,Heavy-Tail Marginals,-0.03164700041174545,-0.04211731747599279,0.00852406671684642,0
2021-11-23,2021-11-22,M2,Wavelet + Within-Scale,-0.009945770721153267,-0.011525318482301952,0.00852406671684642,0
2021-11-23,2021-11-22,M3,Full Cross-Scale Multiscale,-0.010915346575478798,-0.013625922425732009,0.00852406671684642,0
2021-11-24,2021-11-23,M0,Historical Simulation Benchmark,-0.034458368863747195,-0.06350890516164644,-0.004712465182637919,0
2021-11-24,2021-11-23,M1,Heavy-Tail Marginals,-0.027395848031687927,-0.034945118597067545,-0.004712465182637919,0
2021-11-24,2021-11-23,M2,Wavelet + Within-Scale,-0.010504255444768969,-0.0125838290696626,-0.004712465182637919,0
2021-11-24,2021-11-23,M3,Full Cross-Scale Multiscale,-0.01165479953936062,-0.013214302933885425,-0.004712465182637919,0
2021-11-26,2021-11-24,M0,Historical Simulation Benchmark,-0.034458368863747195,-0.06350890516164644,-0.0358644219054418,1
2021-11-26,2021-11-24,M1,Heavy-Tail Marginals,-0.027222668770428515,-0.03587020874628813,-0.0358644219054418,1
2021-11-26,2021-11-24,M2,Wavelet + Within-Scale,-0.010686413446489386,-0.013029160482785745,-0.0358644219054418,1
2021-11-26,2021-11-24,M3,Full Cross-Scale Multiscale,-0.010770609363314037,-0.014110899319407144,-0.0358644219054418,1
2021-11-29,2021-11-26,M0,Historical Simulation Benchmark,-0.034458368863747195,-0.06350890516164644,0.01909917113136056,0
2021-11-29,2021-11-26,M1,Heavy-Tail Marginals,-0.029465642660444834,-0.04597073004583663,0.01909917113136056,0
2021-11-29,2021-11-26,M2,Wavelet + Within-Scale,-0.010543317838123505,-0.012297848947800472,0.01909917113136056,0
2021-11-29,2021-11-26,M3,Full Cross-Scale Multiscale,-0.010942159644370425,-0.013042741836640625,0.01909917113136056,0
2021-11-30,2021-11-29,M0,Historical Simulation Benchmark,-0.034458368863747195,-0.06350890516164644,-0.0160933138860992,0
2021-11-30,2021-11-29,M1,Heavy-Tail Marginals,-0.029083704261357292,-0.04290932678059137,-0.0160933138860992,0
2021-11-30,2021-11-29,M2,Wavelet + Within-Scale,-0.010662146239954779,-0.01243797263187148,-0.0160933138860992,1
2021-11-30,2021-11-29,M3,Full Cross-Scale Multiscale,-0.010697742218774862,-0.01243465987864369,-0.0160933138860992,1
2021-12-01,2021-11-30,M0,Historical Simulation Benchmark,-0.034458368863747195,-0.06350890516164644,-0.00394088977275826,0
2021-12-01,2021-11-30,M1,Heavy-Tail Marginals,-0.026093469595223642,-0.03294290819270457,-0.00394088977275826,0
2021-12-01,2021-11-30,M2,Wavelet + Within-Scale,-0.010593090208911174,-0.012449370022395403,-0.00394088977275826,0
2021-12-01,2021-11-30,M3,Full Cross-Scale Multiscale,-0.010646584677369288,-0.012447485868093631,-0.00394088977275826,0
2021-12-02,2021-12-01,M0,Historical Simulation Benchmark,-0.034458368863747195,-0.06350890516164644,0.004097646316439341,0
2021-12-02,2021-12-01,M1,Heavy-Tail Marginals,-0.026040838407820642,-0.035855664133297646,0.004097646316439341,0
2021-12-02,2021-12-01,M2,Wavelet + Within-Scale,-0.010416737427708536,-0.01185319730118633,0.004097646316439341,0
2021-12-02,2021-12-01,M3,Full Cross-Scale Multiscale,-0.010730383469450905,-0.013388094156860745,0.004097646316439341,0
2021-12-03,2021-12-02,M0,Historical Simulation Benchmark,-0.034458368863747195,-0.06350890516164644,-0.010571310924329922,0
2021-12-03,2021-12-02,M1,Heavy-Tail Marginals,-0.02927195213753937,-0.037922601585058835,-0.010571310924329922,0
2021-12-03,2021-12-02,M2,Wavelet + Within-Scale,-0.010277986676324161,-0.01263396590716626,-0.010571310924329922,1
2021-12-03,2021-12-02,M3,Full Cross-Scale Multiscale,-0.011209543560677026,-0.013354815326969244,-0.010571310924329922,0
2021-12-06,2021-12-03,M0,Historical Simulation Benchmark,-0.034458368863747195,-0.06350890516164644,-0.0005250154792893983,0
2021-12-06,2021-12-03,M1,Heavy-Tail Marginals,-0.029628439408911435,-0.03987100891249511,-0.0005250154792893983,0
2021-12-06,2021-12-03,M2,Wavelet + Within-Scale,-0.009848337281991084,-0.01160477906734619,-0.0005250154792893983,0
2021-12-06,2021-12-03,M3,Full Cross-Scale Multiscale,-0.01076533044741697,-0.012732860514772012,-0.0005250154792893983,0
2021-12-07,2021-12-06,M0,Historical Simulation Benchmark,-0.034458368863747195,-0.06350890516164644,0.008737145832942701,0
2021-12-07,2021-12-06,M1,Heavy-Tail Marginals,-0.026918102883442215,-0.03394431059615643,0.008737145832942701,0
2021-12-07,2021-12-06,M2,Wavelet + Within-Scale,-0.010459961038100474,-0.012461286959940612,0.008737145832942701,0
2021-12-07,2021-12-06,M3,Full Cross-Scale Multiscale,-0.011537529627760125,-0.013783231641119748,0.008737145832942701,0
2021-12-08,2021-12-07,M0,Historical Simulation Benchmark,-0.034458368863747195,-0.06350890516164644,0.00241435430660548,0
2021-12-08,2021-12-07,M1,Heavy-Tail Marginals,-0.027794317963789714,-0.03627421922531553,0.00241435430660548,0
2021-12-08,2021-12-07,M2,Wavelet + Within-Scale,-0.010272279111310099,-0.01229213034435163,0.00241435430660548,0
2021-12-08,2021-12-07,M3,Full Cross-Scale Multiscale,-0.011552930404984584,-0.012744085411232158,0.00241435430660548,0
2021-12-09,2021-12-08,M0,Historical Simulation Benchmark,-0.034458368863747195,-0.06350890516164644,-0.01903547604606958,0
2021-12-09,2021-12-08,M1,Heavy-Tail Marginals,-0.031772097425223904,-0.03983944093666726,-0.01903547604606958,0
2021-12-09,2021-12-08,M2,Wavelet + Within-Scale,-0.010006277818217573,-0.011501847597529546,-0.01903547604606958,1
2021-12-09,2021-12-08,M3,Full Cross-Scale Multiscale,-0.010926531129009475,-0.013401273601324403,-0.01903547604606958,1
2021-12-10,2021-12-09,M0,Historical Simulation Benchmark,-0.034458368863747195,-0.06350890516164644,0.004968262710248181,0
2021-12-10,2021-12-09,M1,Heavy-Tail Marginals,-0.028934024361157936,-0.03659444191647761,0.004968262710248181,0
2021-12-10,2021-12-09,M2,Wavelet + Within-Scale,-0.010414661366668318,-0.011572250705163876,0.004968262710248181,0
2021-12-10,2021-12-09,M3,Full Cross-Scale Multiscale,-0.011510324325451602,-0.013368223777870164,0.004968262710248181,0
2021-12-13,2021-12-10,M0,Historical Simulation Benchmark,-0.034458368863747195,-0.06350890516164644,-0.004758257907977841,0
2021-12-13,2021-12-10,M1,Heavy-Tail Marginals,-0.027538477840542357,-0.03430021147626219,-0.004758257907977841,0
2021-12-13,2021-12-10,M2,Wavelet + Within-Scale,-0.010571542073998904,-0.013270142816324923,-0.004758257907977841,0
2021-12-13,2021-12-10,M3,Full Cross-Scale Multiscale,-0.011689025777528034,-0.014510158485031491,-0.004758257907977841,0
2021-12-14,2021-12-13,M0,Historical Simulation Benchmark,-0.034458368863747195,-0.06350890516164644,-0.006170388160411761,0
2021-12-14,2021-12-13,M1,Heavy-Tail Marginals,-0.033679643355297446,-0.046504520156590116,-0.006170388160411761,0
2021-12-14,2021-12-13,M2,Wavelet + Within-Scale,-0.010595566988739426,-0.01274513096569058,-0.006170388160411761,0
2021-12-14,2021-12-13,M3,Full Cross-Scale Multiscale,-0.010799697280688794,-0.013323222321138983,-0.006170388160411761,0
2021-12-15,2021-12-14,M0,Historical Simulation Benchmark,-0.034458368863747195,-0.06350890516164644,0.01596169914666038,0
2021-12-15,2021-12-14,M1,Heavy-Tail Marginals,-0.030878178818980494,-0.040253364021537105,0.01596169914666038,0
2021-12-15,2021-12-14,M2,Wavelet + Within-Scale,-0.009887734982032416,-0.01196872020034976,0.01596169914666038,0
2021-12-15,2021-12-14,M3,Full Cross-Scale Multiscale,-0.011314178709284722,-0.01324547873135357,0.01596169914666038,0
2021-12-16,2021-12-15,M0,Historical Simulation Benchmark,-0.034458368863747195,-0.06350890516164644,-0.0029196422532391,0
2021-12-16,2021-12-15,M1,Heavy-Tail Marginals,-0.03242642445667686,-0.040124941854437046,-0.0029196422532391,0
2021-12-16,2021-12-15,M2,Wavelet + Within-Scale,-0.01064946173831695,-0.012100987011084722,-0.0029196422532391,0
2021-12-16,2021-12-15,M3,Full Cross-Scale Multiscale,-0.011257530177014,-0.013356972337300894,-0.0029196422532391,0
2021-12-17,2021-12-16,M0,Historical Simulation Benchmark,-0.034458368863747195,-0.06350890516164644,-0.0126034793262608,0
2021-12-17,2021-12-16,M1,Heavy-Tail Marginals,-0.029853666487613933,-0.03775776364128803,-0.0126034793262608,0
2021-12-17,2021-12-16,M2,Wavelet + Within-Scale,-0.009954510641969436,-0.011996659431359543,-0.0126034793262608,1
2021-12-17,2021-12-16,M3,Full Cross-Scale Multiscale,-0.01082577203614346,-0.013017128713617335,-0.0126034793262608,1
2021-12-20,2021-12-17,M0,Historical Simulation Benchmark,-0.034458368863747195,-0.06350890516164644,-0.0037407205257146995,0
2021-12-20,2021-12-17,M1,Heavy-Tail Marginals,-0.0295999800022033,-0.03565022487939348,-0.0037407205257146995,0
2021-12-20,2021-12-17,M2,Wavelet + Within-Scale,-0.010413167136583364,-0.012053525015882393,-0.0037407205257146995,0
2021-12-20,2021-12-17,M3,Full Cross-Scale Multiscale,-0.01139757492629008,-0.01327305860636963,-0.0037407205257146995,0
2021-12-21,2021-12-20,M0,Historical Simulation Benchmark,-0.034458368863747195,-0.06350890516164644,0.0178110854601385,0
2021-12-21,2021-12-20,M1,Heavy-Tail Marginals,-0.030297983747950653,-0.03848023953768366,0.0178110854601385,0
2021-12-21,2021-12-20,M2,Wavelet + Within-Scale,-0.010596916460001167,-0.012275058147628725,0.0178110854601385,0
2021-12-21,2021-12-20,M3,Full Cross-Scale Multiscale,-0.010844068123593299,-0.01310524864232122,0.0178110854601385,0
2021-12-22,2021-12-21,M0,Historical Simulation Benchmark,-0.034458368863747195,-0.06350890516164644,0.006286768856653941,0
2021-12-22,2021-12-21,M1,Heavy-Tail Marginals,-0.029581081324931896,-0.0383728506512727,0.006286768856653941,0
2021-12-22,2021-12-21,M2,Wavelet + Within-Scale,-0.01095133213210373,-0.012276461625534148,0.006286768856653941,0
2021-12-22,2021-12-21,M3,Full Cross-Scale Multiscale,-0.011552995177460322,-0.013832044644383867,0.006286768856653941,0
2021-12-23,2021-12-22,M0,Historical Simulation Benchmark,-0.03587240680779181,-0.06350890516164644,0.012413330730473002,0
2021-12-23,2021-12-22,M1,Heavy-Tail Marginals,-0.03258406744523296,-0.04401176592355585,0.012413330730473002,0
2021-12-23,2021-12-22,M2,Wavelet + Within-Scale,-0.014650918289898897,-0.01690094059277849,0.012413330730473002,0
2021-12-23,2021-12-22,M3,Full Cross-Scale Multiscale,-0.015522515254133886,-0.01799797860808449,0.012413330730473002,0
2021-12-27,2021-12-23,M0,Historical Simulation Benchmark,-0.03587240680779181,-0.06350890516164644,0.00794965061282196,0
2021-12-27,2021-12-23,M1,Heavy-Tail Marginals,-0.029384005828558348,-0.03968247919549232,0.00794965061282196,0
2021-12-27,2021-12-23,M2,Wavelet + Within-Scale,-0.014584961621792215,-0.016358859828848923,0.00794965061282196,0
2021-12-27,2021-12-23,M3,Full Cross-Scale Multiscale,-0.015328713182759322,-0.017745481195342232,0.00794965061282196,0
2021-12-28,2021-12-27,M0,Historical Simulation Benchmark,-0.03587240680779181,-0.06350890516164644,-0.012942848123563201,0
2021-12-28,2021-12-27,M1,Heavy-Tail Marginals,-0.027760789960913263,-0.039318415228991724,-0.012942848123563201,0
2021-12-28,2021-12-27,M2,Wavelet + Within-Scale,-0.013533424181806007,-0.015817696519989332,-0.012942848123563201,0
2021-12-28,2021-12-27,M3,Full Cross-Scale Multiscale,-0.01575562171302461,-0.018126588759393564,-0.012942848123563201,0
2021-12-29,2021-12-28,M0,Historical Simulation Benchmark,-0.03587240680779181,-0.06350890516164644,-0.0042021920370757995,0
2021-12-29,2021-12-28,M1,Heavy-Tail Marginals,-0.029768438416038448,-0.03534148036214519,-0.0042021920370757995,0
2021-12-29,2021-12-28,M2,Wavelet + Within-Scale,-0.013330006878610213,-0.015413305479765988,-0.0042021920370757995,0
2021-12-29,2021-12-28,M3,Full Cross-Scale Multiscale,-0.01512220512941795,-0.017596220176821345,-0.0042021920370757995,0
2021-12-30,2021-12-29,M0,Historical Simulation Benchmark,-0.03587240680779181,-0.06350890516164644,0.004743957995837601,0
2021-12-30,2021-12-29,M1,Heavy-Tail Marginals,-0.030776123444313016,-0.03955674193337036,0.004743957995837601,0
2021-12-30,2021-12-29,M2,Wavelet + Within-Scale,-0.014095707152824443,-0.016717595797152922,0.004743957995837601,0
2021-12-30,2021-12-29,M3,Full Cross-Scale Multiscale,-0.014774844365677484,-0.016564217165930664,0.004743957995837601,0
2021-12-31,2021-12-30,M0,Historical Simulation Benchmark,-0.03587240680779181,-0.06350890516164644,-0.005803008470505961,0
2021-12-31,2021-12-30,M1,Heavy-Tail Marginals,-0.029815942182977423,-0.03819904359068676,-0.005803008470505961,0
2021-12-31,2021-12-30,M2,Wavelet + Within-Scale,-0.014406937575188608,-0.016210806712241958,-0.005803008470505961,0
2021-12-31,2021-12-30,M3,Full Cross-Scale Multiscale,-0.014409361884457232,-0.01669823841451437,-0.005803008470505961,0
2022-01-03,2021-12-31,M0,Historical Simulation Benchmark,-0.03587240680779181,-0.06350890516164644,-0.00143979779918066,0
2022-01-03,2021-12-31,M1,Heavy-Tail Marginals,-0.027101507096355684,-0.03308196993915667,-0.00143979779918066,0
2022-01-03,2021-12-31,M2,Wavelet + Within-Scale,-0.01422442607253624,-0.015748925281993145,-0.00143979779918066,0
2022-01-03,2021-12-31,M3,Full Cross-Scale Multiscale,-0.015495028634748564,-0.018087709732054667,-0.00143979779918066,0
2022-01-04,2022-01-03,M0,Historical Simulation Benchmark,-0.03587240680779181,-0.06350890516164644,0.0016209734115441602,0
2022-01-04,2022-01-03,M1,Heavy-Tail Marginals,-0.029346570331896627,-0.03878166405472402,0.0016209734115441602,0
2022-01-04,2022-01-03,M2,Wavelet + Within-Scale,-0.01369316526422021,-0.015812169629999956,0.0016209734115441602,0
2022-01-04,2022-01-03,M3,Full Cross-Scale Multiscale,-0.014938032800779886,-0.016366179562107133,0.0016209734115441602,0
2022-01-05,2022-01-04,M0,Historical Simulation Benchmark,-0.03587240680779181,-0.06350890516164644,-0.0163147890624645,0
2022-01-05,2022-01-04,M1,Heavy-Tail Marginals,-0.027910395215178126,-0.037849867951847575,-0.0163147890624645,0
2022-01-05,2022-01-04,M2,Wavelet + Within-Scale,-0.013618451380901906,-0.015418167817951554,-0.0163147890624645,1
2022-01-05,2022-01-04,M3,Full Cross-Scale Multiscale,-0.014168308356668484,-0.016676793188467078,-0.0163147890624645,1
2022-01-06,2022-01-05,M0,Historical Simulation Benchmark,-0.03587240680779181,-0.06350890516164644,0.00017126389194389944,0
2022-01-06,2022-01-05,M1,Heavy-Tail Marginals,-0.027508634501782377,-0.03369206256758095,0.00017126389194389944,0
2022-01-06,2022-01-05,M2,Wavelet + Within-Scale,-0.014813731192106269,-0.01728800034684068,0.00017126389194389944,0
2022-01-06,2022-01-05,M3,Full Cross-Scale Multiscale,-0.014558236823459298,-0.017828376767593985,0.00017126389194389944,0
2022-01-07,2022-01-06,M0,Historical Simulation Benchmark,-0.03587240680779181,-0.06350890516164644,-0.00888393316588846,0
2022-01-07,2022-01-06,M1,Heavy-Tail Marginals,-0.027541548648689997,-0.037968788285046504,-0.00888393316588846,0
2022-01-07,2022-01-06,M2,Wavelet + Within-Scale,-0.015262705127197409,-0.017991556315825122,-0.00888393316588846,0
2022-01-07,2022-01-06,M3,Full Cross-Scale Multiscale,-0.015194385327783179,-0.017084249117086964,-0.00888393316588846,0
2022-01-10,2022-01-07,M0,Historical Simulation Benchmark,-0.03587240680779181,-0.06350890516164644,-0.00023978807598721967,0
2022-01-10,2022-01-07,M1,Heavy-Tail Marginals,-0.030949154076473265,-0.04882781889929689,-0.00023978807598721967,0
2022-01-10,2022-01-07,M2,Wavelet + Within-Scale,-0.014069333788977463,-0.016146426791161954,-0.00023978807598721967,0
2022-01-10,2022-01-07,M3,Full Cross-Scale Multiscale,-0.01496731250941567,-0.017336436899880084,-0.00023978807598721967,0
2022-01-11,2022-01-10,M0,Historical Simulation Benchmark,-0.03587240680779181,-0.06350890516164644,0.01601573815343628,0
2022-01-11,2022-01-10,M1,Heavy-Tail Marginals,-0.028385919897245676,-0.03770787715804041,0.01601573815343628,0
2022-01-11,2022-01-10,M2,Wavelet + Within-Scale,-0.013376194760372037,-0.015357266609526585,0.01601573815343628,0
2022-01-11,2022-01-10,M3,Full Cross-Scale Multiscale,-0.014603089025383239,-0.016771780085117878,0.01601573815343628,0
2022-01-12,2022-01-11,M0,Historical Simulation Benchmark,-0.03587240680779181,-0.06350890516164644,0.00926461038403182,0
2022-01-12,2022-01-11,M1,Heavy-Tail Marginals,-0.026631090017603117,-0.03217137683352957,0.00926461038403182,0
2022-01-12,2022-01-11,M2,Wavelet + Within-Scale,-0.013555864579268266,-0.016273711428738333,0.00926461038403182,0
2022-01-12,2022-01-11,M3,Full Cross-Scale Multiscale,-0.01454956533713606,-0.017578674293739206,0.00926461038403182,0
2022-01-13,2022-01-12,M0,Historical Simulation Benchmark,-0.03587240680779181,-0.06350890516164644,-0.01127915566636372,0
2022-01-13,2022-01-12,M1,Heavy-Tail Marginals,-0.02701817019541086,-0.03445904032177132,-0.01127915566636372,0
2022-01-13,2022-01-12,M2,Wavelet + Within-Scale,-0.014008132881867837,-0.01644749689212868,-0.01127915566636372,0
2022-01-13,2022-01-12,M3,Full Cross-Scale Multiscale,-0.015160326015734625,-0.01823451730048251,-0.01127915566636372,0
2022-01-14,2022-01-13,M0,Historical Simulation Benchmark,-0.03587240680779181,-0.06350890516164644,0.006247511751895361,0
2022-01-14,2022-01-13,M1,Heavy-Tail Marginals,-0.03339734840136243,-0.04351151854210489,0.006247511751895361,0
2022-01-14,2022-01-13,M2,Wavelet + Within-Scale,-0.013851902454177303,-0.01614729925170826,0.006247511751895361,0
2022-01-14,2022-01-13,M3,Full Cross-Scale Multiscale,-0.015261568687443734,-0.018578204902751926,0.006247511751895361,0
2022-01-18,2022-01-14,M0,Historical Simulation Benchmark,-0.03587240680779181,-0.06350890516164644,-0.005500785418253339,0
2022-01-18,2022-01-14,M1,Heavy-Tail Marginals,-0.027621396084990982,-0.03648096640672291,-0.005500785418253339,0
2022-01-18,2022-01-14,M2,Wavelet + Within-Scale,-0.013602441481607826,-0.016763848662377383,-0.005500785418253339,0
2022-01-18,2022-01-14,M3,Full Cross-Scale Multiscale,-0.014335571534986775,-0.01596316995757251,-0.005500785418253339,0
2022-01-19,2022-01-18,M0,Historical Simulation Benchmark,-0.03587240680779181,-0.06350890516164644,-0.0011934874019754408,0
2022-01-19,2022-01-18,M1,Heavy-Tail Marginals,-0.02644244983925997,-0.030915098690375075,-0.0011934874019754408,0
2022-01-19,2022-01-18,M2,Wavelet + Within-Scale,-0.014043939050585286,-0.016492083270211698,-0.0011934874019754408,0
2022-01-19,2022-01-18,M3,Full Cross-Scale Multiscale,-0.014461742465537868,-0.01716066286160339,-0.0011934874019754408,0
2022-01-20,2022-01-19,M0,Historical Simulation Benchmark,-0.03587240680779181,-0.06350890516164644,-0.00874333637927074,0
2022-01-20,2022-01-19,M1,Heavy-Tail Marginals,-0.030329799868418276,-0.03549968400861706,-0.00874333637927074,0
2022-01-20,2022-01-19,M2,Wavelet + Within-Scale,-0.01473165360708511,-0.016172101371081167,-0.00874333637927074,0
2022-01-20,2022-01-19,M3,Full Cross-Scale Multiscale,-0.013923611626207444,-0.0162577066972596,-0.00874333637927074,0
2022-01-21,2022-01-20,M0,Historical Simulation Benchmark,-0.03587240680779181,-0.06350890516164644,-0.024989469009604724,0
2022-01-21,2022-01-20,M1,Heavy-Tail Marginals,-0.026043473953087613,-0.03156492481722366,-0.024989469009604724,0
2022-01-21,2022-01-20,M2,Wavelet + Within-Scale,-0.014532577570504626,-0.016855391012538575,-0.024989469009604724,1
2022-01-21,2022-01-20,M3,Full Cross-Scale Multiscale,-0.015642785919858758,-0.017143453898629934,-0.024989469009604724,1
2022-01-24,2022-01-21,M0,Historical Simulation Benchmark,-0.03587240680779181,-0.06350890516164644,0.0006271401270788403,0
2022-01-24,2022-01-21,M1,Heavy-Tail Marginals,-0.029078179580985207,-0.03610531017732351,0.0006271401270788403,0
2022-01-24,2022-01-21,M2,Wavelet + Within-Scale,-0.014180457118591828,-0.016398441307238037,0.0006271401270788403,0
2022-01-24,2022-01-21,M3,Full Cross-Scale Multiscale,-0.015282115077532146,-0.01747612335153706,0.0006271401270788403,0
2022-01-25,2022-01-24,M0,Historical Simulation Benchmark,-0.034450383961397185,-0.06297481367523734,0.0023850057860893806,0
2022-01-25,2022-01-24,M1,Heavy-Tail Marginals,-0.031946539477350246,-0.04488777100283928,0.0023850057860893806,0
2022-01-25,2022-01-24,M2,Wavelet + Within-Scale,-0.016016139557183937,-0.01859086957832375,0.0023850057860893806,0
2022-01-25,2022-01-24,M3,Full Cross-Scale Multiscale,-0.015374158441282865,-0.018288758312253288,0.0023850057860893806,0
2022-01-26,2022-01-25,M0,Historical Simulation Benchmark,-0.034450383961397185,-0.06297481367523734,-0.003424239897978881,0
2022-01-26,2022-01-25,M1,Heavy-Tail Marginals,-0.03307474641083825,-0.04583253635706648,-0.003424239897978881,0
2022-01-26,2022-01-25,M2,Wavelet + Within-Scale,-0.015239161478537893,-0.018412531636412252,-0.003424239897978881,0
2022-01-26,2022-01-25,M3,Full Cross-Scale Multiscale,-0.016185774693973285,-0.019269555822345446,-0.003424239897978881,0
2022-01-27,2022-01-26,M0,Historical Simulation Benchmark,-0.034450383961397185,-0.06297481367523734,-0.0006181617016633003,0
2022-01-27,2022-01-26,M1,Heavy-Tail Marginals,-0.028688264672460623,-0.04266676166682731,-0.0006181617016633003,0
2022-01-27,2022-01-26,M2,Wavelet + Within-Scale,-0.01489960913491753,-0.01717195522608659,-0.0006181617016633003,0
2022-01-27,2022-01-26,M3,Full Cross-Scale Multiscale,-0.01636676108164668,-0.01896633083032475,-0.0006181617016633003,0
2022-01-28,2022-01-27,M0,Historical Simulation Benchmark,-0.034450383961397185,-0.06297481367523734,0.00857615917277432,0
2022-01-28,2022-01-27,M1,Heavy-Tail Marginals,-0.03405584144382343,-0.041782364930118006,0.00857615917277432,0
2022-01-28,2022-01-27,M2,Wavelet + Within-Scale,-0.014530770459560088,-0.018089802579246427,0.00857615917277432,0
2022-01-28,2022-01-27,M3,Full Cross-Scale Multiscale,-0.016212310011199257,-0.019112585660590292,0.00857615917277432,0
2022-01-31,2022-01-28,M0,Historical Simulation Benchmark,-0.034450383961397185,-0.06297481367523734,0.01005582135355776,0
2022-01-31,2022-01-28,M1,Heavy-Tail Marginals,-0.02806252930590075,-0.03859002804149281,0.01005582135355776,0
2022-01-31,2022-01-28,M2,Wavelet + Within-Scale,-0.015017838109447531,-0.016925024385238026,0.01005582135355776,0
2022-01-31,2022-01-28,M3,Full Cross-Scale Multiscale,-0.01633243479930996,-0.018104306449968435,0.01005582135355776,0
2022-02-01,2022-01-31,M0,Historical Simulation Benchmark,-0.034450383961397185,-0.06297481367523734,0.00275032001258692,0
2022-02-01,2022-01-31,M1,Heavy-Tail Marginals,-0.031116079530355827,-0.040766529137194946,0.00275032001258692,0
2022-02-01,2022-01-31,M2,Wavelet + Within-Scale,-0.01621401699618187,-0.01850590566487146,0.00275032001258692,0
2022-02-01,2022-01-31,M3,Full Cross-Scale Multiscale,-0.016851618523479366,-0.018985667473464703,0.00275032001258692,0
2022-02-02,2022-02-01,M0,Historical Simulation Benchmark,-0.034450383961397185,-0.06297481367523734,-0.00642760252191186,0
2022-02-02,2022-02-01,M1,Heavy-Tail Marginals,-0.032717485883758536,-0.04590719976913018,-0.00642760252191186,0
2022-02-02,2022-02-01,M2,Wavelet + Within-Scale,-0.016590711911598676,-0.018608975673546174,-0.00642760252191186,0
2022-02-02,2022-02-01,M3,Full Cross-Scale Multiscale,-0.017078472542685307,-0.01919168226573221,-0.00642760252191186,0
2022-02-03,2022-02-02,M0,Historical Simulation Benchmark,-0.034450383961397185,-0.06297481367523734,-0.00166606889705242,0
2022-02-03,2022-02-02,M1,Heavy-Tail Marginals,-0.03510698860253802,-0.046381573485328675,-0.00166606889705242,0
2022-02-03,2022-02-02,M2,Wavelet + Within-Scale,-0.016297828650937315,-0.018017531820618153,-0.00166606889705242,0
2022-02-03,2022-02-02,M3,Full Cross-Scale Multiscale,-0.016505501601333503,-0.01921700569085024,-0.00166606889705242,0
2022-02-04,2022-02-03,M0,Historical Simulation Benchmark,-0.034450383961397185,-0.06297481367523734,0.026191872931416026,0
2022-02-04,2022-02-03,M1,Heavy-Tail Marginals,-0.03272108398473458,-0.04600578657339019,0.026191872931416026,0
2022-02-04,2022-02-03,M2,Wavelet + Within-Scale,-0.016016579283930455,-0.01834640664682178,0.026191872931416026,0
2022-02-04,2022-02-03,M3,Full Cross-Scale Multiscale,-0.016219570484621797,-0.019360576373242767,0.026191872931416026,0
2022-02-07,2022-02-04,M0,Historical Simulation Benchmark,-0.034450383961397185,-0.06297481367523734,0.011143947917867,0
2022-02-07,2022-02-04,M1,Heavy-Tail Marginals,-0.029086355562281955,-0.03973843494387075,0.011143947917867,0
2022-02-07,2022-02-04,M2,Wavelet + Within-Scale,-0.016593375263622794,-0.01875356017264091,0.011143947917867,0
2022-02-07,2022-02-04,M3,Full Cross-Scale Multiscale,-0.016508670480379517,-0.019068873475073172,0.011143947917867,0
2022-02-08,2022-02-07,M0,Historical Simulation Benchmark,-0.034450383961397185,-0.06297481367523734,-0.00043897044137564015,0
2022-02-08,2022-02-07,M1,Heavy-Tail Marginals,-0.032832422462391625,-0.04222512465618492,-0.00043897044137564015,0
2022-02-08,2022-02-07,M2,Wavelet + Within-Scale,-0.015579937260714185,-0.018092877203631026,-0.00043897044137564015,0
2022-02-08,2022-02-07,M3,Full Cross-Scale Multiscale,-0.016396245380518423,-0.019172414358107265,-0.00043897044137564015,0
2022-02-09,2022-02-08,M0,Historical Simulation Benchmark,-0.034450383961397185,-0.06297481367523734,0.0065731460463328405,0
2022-02-09,2022-02-08,M1,Heavy-Tail Marginals,-0.03300791549970335,-0.04666900800239464,0.0065731460463328405,0
2022-02-09,2022-02-08,M2,Wavelet + Within-Scale,-0.016043904609121553,-0.018897443718652616,0.0065731460463328405,0
2022-02-09,2022-02-08,M3,Full Cross-Scale Multiscale,-0.016360586854673124,-0.019188783359310867,0.0065731460463328405,0
2022-02-10,2022-02-09,M0,Historical Simulation Benchmark,-0.034450383961397185,-0.06297481367523734,-0.010408854769396899,0
2022-02-10,2022-02-09,M1,Heavy-Tail Marginals,-0.030985999758189414,-0.04248317760797828,-0.010408854769396899,0
2022-02-10,2022-02-09,M2,Wavelet + Within-Scale,-0.015678420419016,-0.017481961107068632,-0.010408854769396899,0
2022-02-10,2022-02-09,M3,Full Cross-Scale Multiscale,-0.015204605389064277,-0.018319252120179944,-0.010408854769396899,0
2022-02-11,2022-02-10,M0,Historical Simulation Benchmark,-0.034450383961397185,-0.06297481367523734,0.0019597359826612594,0
2022-02-11,2022-02-10,M1,Heavy-Tail Marginals,-0.029758081345153363,-0.044012776732472524,0.0019597359826612594,0
2022-02-11,2022-02-10,M2,Wavelet + Within-Scale,-0.016254317243331772,-0.01746733231335815,0.0019597359826612594,0
2022-02-11,2022-02-10,M3,Full Cross-Scale Multiscale,-0.015950429475500946,-0.01905140504374856,0.0019597359826612594,0
2022-02-14,2022-02-11,M0,Historical Simulation Benchmark,-0.034450383961397185,-0.06297481367523734,0.0017415683834828802,0
2022-02-14,2022-02-11,M1,Heavy-Tail Marginals,-0.0338929688811013,-0.04181536972093227,0.0017415683834828802,0
2022-02-14,2022-02-11,M2,Wavelet + Within-Scale,-0.015332707078109423,-0.018689855027486692,0.0017415683834828802,0
2022-02-14,2022-02-11,M3,Full Cross-Scale Multiscale,-0.01651689567443222,-0.01988564586643074,0.0017415683834828802,0
2022-02-15,2022-02-14,M0,Historical Simulation Benchmark,-0.034450383961397185,-0.06297481367523734,0.0034487244361272413,0
2022-02-15,2022-02-14,M1,Heavy-Tail Marginals,-0.032239869915257034,-0.046234783422904255,0.0034487244361272413,0
2022-02-15,2022-02-14,M2,Wavelet + Within-Scale,-0.015993891346735886,-0.018060514207958196,0.0034487244361272413,0
2022-02-15,2022-02-14,M3,Full Cross-Scale Multiscale,-0.017415631632998082,-0.020286958419783573,0.0034487244361272413,0
2022-02-16,2022-02-15,M0,Historical Simulation Benchmark,-0.034450383961397185,-0.06297481367523734,-0.00239889728272928,0
2022-02-16,2022-02-15,M1,Heavy-Tail Marginals,-0.029141032181056018,-0.04286501046160135,-0.00239889728272928,0
2022-02-16,2022-02-15,M2,Wavelet + Within-Scale,-0.016657684106235186,-0.019629259569112212,-0.00239889728272928,0
2022-02-16,2022-02-15,M3,Full Cross-Scale Multiscale,-0.016163241545159874,-0.02014702089666742,-0.00239889728272928,0
2022-02-17,2022-02-16,M0,Historical Simulation Benchmark,-0.034450383961397185,-0.06297481367523734,-0.014779489560306041,0
2022-02-17,2022-02-16,M1,Heavy-Tail Marginals,-0.03350404007270262,-0.0458180463268517,-0.014779489560306041,0
2022-02-17,2022-02-16,M2,Wavelet + Within-Scale,-0.0159251277746092,-0.017632515659390797,-0.014779489560306041,0
2022-02-17,2022-02-16,M3,Full Cross-Scale Multiscale,-0.016652753826892654,-0.0189936030759492,-0.014779489560306041,0
2022-02-18,2022-02-17,M0,Historical Simulation Benchmark,-0.034450383961397185,-0.06297481367523734,-0.00154616959552264,0
2022-02-18,2022-02-17,M1,Heavy-Tail Marginals,-0.031478572203626966,-0.04477219958497151,-0.00154616959552264,0
2022-02-18,2022-02-17,M2,Wavelet + Within-Scale,-0.015016093934850464,-0.01866695089371939,-0.00154616959552264,0
2022-02-18,2022-02-17,M3,Full Cross-Scale Multiscale,-0.016493956286355232,-0.01921701347651554,-0.00154616959552264,0
2022-02-22,2022-02-18,M0,Historical Simulation Benchmark,-0.034450383961397185,-0.06297481367523734,-0.008215958595028027,0
2022-02-22,2022-02-18,M1,Heavy-Tail Marginals,-0.03282573583629683,-0.04273838550353619,-0.008215958595028027,0
2022-02-22,2022-02-18,M2,Wavelet + Within-Scale,-0.015938172318422063,-0.018592276328931442,-0.008215958595028027,0
2022-02-22,2022-02-18,M3,Full Cross-Scale Multiscale,-0.01610787073864983,-0.01964862042838249,-0.008215958595028027,0
2022-02-23,2022-02-22,M0,Historical Simulation Benchmark,-0.034450383961397185,-0.06297481367523734,-0.006837979809103861,0
2022-02-23,2022-02-22,M1,Heavy-Tail Marginals,-0.030932448882415295,-0.04172757532591198,-0.006837979809103861,0
2022-02-23,2022-02-22,M2,Wavelet + Within-Scale,-0.01623080057561149,-0.019001606451515416,-0.006837979809103861,0
2022-02-23,2022-02-22,M3,Full Cross-Scale Multiscale,-0.017402862708320976,-0.02028768841070839,-0.006837979809103861,0
2022-02-24,2022-02-23,M0,Historical Simulation Benchmark,-0.0342989546687086,-0.06058497423133521,0.007944352655256101,0
2022-02-24,2022-02-23,M1,Heavy-Tail Marginals,-0.030729018351969152,-0.04022875030291052,0.007944352655256101,0
2022-02-24,2022-02-23,M2,Wavelet + Within-Scale,-0.012448309797648709,-0.013812330239873851,0.007944352655256101,0
2022-02-24,2022-02-23,M3,Full Cross-Scale Multiscale,-0.012632006628314776,-0.014647982142541604,0.007944352655256101,0
2022-02-25,2022-02-24,M0,Historical Simulation Benchmark,-0.0342989546687086,-0.06058497423133521,0.0065565234296352005,0
2022-02-25,2022-02-24,M1,Heavy-Tail Marginals,-0.03099576515427181,-0.04259206354695531,0.0065565234296352005,0
2022-02-25,2022-02-24,M2,Wavelet + Within-Scale,-0.012077922455176441,-0.013474892489908807,0.0065565234296352005,0
2022-02-25,2022-02-24,M3,Full Cross-Scale Multiscale,-0.012284239662864604,-0.013814257173835127,0.0065565234296352005,0
2022-02-28,2022-02-25,M0,Historical Simulation Benchmark,-0.0342989546687086,-0.06058497423133521,0.028181525875952664,0
2022-02-28,2022-02-25,M1,Heavy-Tail Marginals,-0.03153708452449657,-0.04362720067047725,0.028181525875952664,0
2022-02-28,2022-02-25,M2,Wavelet + Within-Scale,-0.011903848704786592,-0.014416045892728208,0.028181525875952664,0
2022-02-28,2022-02-25,M3,Full Cross-Scale Multiscale,-0.012076492567629608,-0.013850827237174654,0.028181525875952664,0
2022-03-01,2022-02-28,M0,Historical Simulation Benchmark,-0.0342989546687086,-0.06058497423133521,0.02024211098284464,0
2022-03-01,2022-02-28,M1,Heavy-Tail Marginals,-0.02939103230629842,-0.03843700879247951,0.02024211098284464,0
2022-03-01,2022-02-28,M2,Wavelet + Within-Scale,-0.01174077658529494,-0.013430886687529078,0.02024211098284464,0
2022-03-01,2022-02-28,M3,Full Cross-Scale Multiscale,-0.01298028994865114,-0.015141034231851267,0.02024211098284464,0
2022-03-02,2022-03-01,M0,Historical Simulation Benchmark,-0.0342989546687086,-0.06058497423133521,0.006356046572089541,0
2022-03-02,2022-03-01,M1,Heavy-Tail Marginals,-0.03144209493858759,-0.038944579603403265,0.006356046572089541,0
2022-03-02,2022-03-01,M2,Wavelet + Within-Scale,-0.012510144477015058,-0.014330724186209362,0.006356046572089541,0
2022-03-02,2022-03-01,M3,Full Cross-Scale Multiscale,-0.012375738423009547,-0.014337741677209876,0.006356046572089541,0
2022-03-03,2022-03-02,M0,Historical Simulation Benchmark,-0.0342989546687086,-0.06058497423133521,-0.00814423258061264,0
2022-03-03,2022-03-02,M1,Heavy-Tail Marginals,-0.032369391208981906,-0.04686152657503478,-0.00814423258061264,0
2022-03-03,2022-03-02,M2,Wavelet + Within-Scale,-0.012156483789914987,-0.01351055981773901,-0.00814423258061264,0
2022-03-03,2022-03-02,M3,Full Cross-Scale Multiscale,-0.013107740723860483,-0.014956334975447216,-0.00814423258061264,0
2022-03-04,2022-03-03,M0,Historical Simulation Benchmark,-0.0342989546687086,-0.06058497423133521,5.6762344168299894e-05,0
2022-03-04,2022-03-03,M1,Heavy-Tail Marginals,-0.02920206616434709,-0.0399116255125396,5.6762344168299894e-05,0
2022-03-04,2022-03-03,M2,Wavelet + Within-Scale,-0.012369375619434748,-0.013780655815101791,5.6762344168299894e-05,0
2022-03-04,2022-03-03,M3,Full Cross-Scale Multiscale,-0.01273503141030119,-0.014327939526164507,5.6762344168299894e-05,0
2022-03-07,2022-03-04,M0,Historical Simulation Benchmark,-0.0342989546687086,-0.06058497423133521,-0.0022648858726599798,0
2022-03-07,2022-03-04,M1,Heavy-Tail Marginals,-0.03429821524285366,-0.0425078137649681,-0.0022648858726599798,0
2022-03-07,2022-03-04,M2,Wavelet + Within-Scale,-0.011728364504449045,-0.01298082072235488,-0.0022648858726599798,0
2022-03-07,2022-03-04,M3,Full Cross-Scale Multiscale,-0.012204785579282786,-0.014266670108317123,-0.0022648858726599798,0
2022-03-08,2022-03-07,M0,Historical Simulation Benchmark,-0.0342989546687086,-0.06058497423133521,0.01338659534606244,0
2022-03-08,2022-03-07,M1,Heavy-Tail Marginals,-0.027065367264422175,-0.035375359113482725,0.01338659534606244,0
2022-03-08,2022-03-07,M2,Wavelet + Within-Scale,-0.012193258277495667,-0.014046722082828667,0.01338659534606244,0
2022-03-08,2022-03-07,M3,Full Cross-Scale Multiscale,-0.01272673796828381,-0.015412782190957309,0.01338659534606244,0
2022-03-09,2022-03-08,M0,Historical Simulation Benchmark,-0.0342989546687086,-0.06058497423133521,-0.010679380801505742,0
2022-03-09,2022-03-08,M1,Heavy-Tail Marginals,-0.02833878379602869,-0.0343806329919256,-0.010679380801505742,0
2022-03-09,2022-03-08,M2,Wavelet + Within-Scale,-0.011793772096115462,-0.013603394292193857,-0.010679380801505742,0
2022-03-09,2022-03-08,M3,Full Cross-Scale Multiscale,-0.01268923440984433,-0.014379169702316744,-0.010679380801505742,0
2022-03-10,2022-03-09,M0,Historical Simulation Benchmark,-0.0342989546687086,-0.06058497423133521,-0.01748336037950242,0
2022-03-10,2022-03-09,M1,Heavy-Tail Marginals,-0.03165033482422836,-0.040730441923315326,-0.01748336037950242,0
2022-03-10,2022-03-09,M2,Wavelet + Within-Scale,-0.011908558410537111,-0.013981541591141062,-0.01748336037950242,1
2022-03-10,2022-03-09,M3,Full Cross-Scale Multiscale,-0.012749709302254143,-0.014386264995617726,-0.01748336037950242,1
2022-03-11,2022-03-10,M0,Historical Simulation Benchmark,-0.0342989546687086,-0.06058497423133521,-0.0010877457683284002,0
2022-03-11,2022-03-10,M1,Heavy-Tail Marginals,-0.02917788496161263,-0.036182835186403015,-0.0010877457683284002,0
2022-03-11,2022-03-10,M2,Wavelet + Within-Scale,-0.011693442370476257,-0.012819574387343633,-0.0010877457683284002,0
2022-03-11,2022-03-10,M3,Full Cross-Scale Multiscale,-0.01232568584731585,-0.013531337407991654,-0.0010877457683284002,0
2022-03-14,2022-03-11,M0,Historical Simulation Benchmark,-0.0342989546687086,-0.06058497423133521,-0.012152422609502622,0
2022-03-14,2022-03-11,M1,Heavy-Tail Marginals,-0.030726048506110697,-0.03985636961934117,-0.012152422609502622,0
2022-03-14,2022-03-11,M2,Wavelet + Within-Scale,-0.01199065980342494,-0.013995152188688506,-0.012152422609502622,1
2022-03-14,2022-03-11,M3,Full Cross-Scale Multiscale,-0.012080042603765986,-0.01397159243492683,-0.012152422609502622,1
2022-03-15,2022-03-14,M0,Historical Simulation Benchmark,-0.0342989546687086,-0.06058497423133521,-0.01308528472214864,0
2022-03-15,2022-03-14,M1,Heavy-Tail Marginals,-0.029783285953392278,-0.036129692513243016,-0.01308528472214864,0
2022-03-15,2022-03-14,M2,Wavelet + Within-Scale,-0.011406495968173953,-0.013050211724039487,-0.01308528472214864,1
2022-03-15,2022-03-14,M3,Full Cross-Scale Multiscale,-0.012968917561636715,-0.015018655079188079,-0.01308528472214864,1
2022-03-16,2022-03-15,M0,Historical Simulation Benchmark,-0.0342989546687086,-0.06058497423133521,0.013309946200304462,0
2022-03-16,2022-03-15,M1,Heavy-Tail Marginals,-0.029469186745180228,-0.03827649019822392,0.013309946200304462,0
2022-03-16,2022-03-15,M2,Wavelet + Within-Scale,-0.012029428615500817,-0.013543400151650124,0.013309946200304462,0
2022-03-16,2022-03-15,M3,Full Cross-Scale Multiscale,-0.012067435493007995,-0.014340206031432679,0.013309946200304462,0
2022-03-17,2022-03-16,M0,Historical Simulation Benchmark,-0.0342989546687086,-0.06058497423133521,0.017360937865785624,0
2022-03-17,2022-03-16,M1,Heavy-Tail Marginals,-0.030458350268264402,-0.03832196915792148,0.017360937865785624,0
2022-03-17,2022-03-16,M2,Wavelet + Within-Scale,-0.011760644502714931,-0.01367096947487172,0.017360937865785624,0
2022-03-17,2022-03-16,M3,Full Cross-Scale Multiscale,-0.013020853568813108,-0.015375920592971373,0.017360937865785624,0
2022-03-18,2022-03-17,M0,Historical Simulation Benchmark,-0.0342989546687086,-0.06058497423133521,0.00769726528691604,0
2022-03-18,2022-03-17,M1,Heavy-Tail Marginals,-0.030520421982743323,-0.04056607340287281,0.00769726528691604,0
2022-03-18,2022-03-17,M2,Wavelet + Within-Scale,-0.011671984732928712,-0.013515134253825884,0.00769726528691604,0
2022-03-18,2022-03-17,M3,Full Cross-Scale Multiscale,-0.012475448203738599,-0.014287957477060093,0.00769726528691604,0
2022-03-21,2022-03-18,M0,Historical Simulation Benchmark,-0.0342989546687086,-0.06058497423133521,0.008069361540051641,0
2022-03-21,2022-03-18,M1,Heavy-Tail Marginals,-0.030195531676470603,-0.0391954411063957,0.008069361540051641,0
2022-03-21,2022-03-18,M2,Wavelet + Within-Scale,-0.011906641685389682,-0.013602948615494844,0.008069361540051641,0
2022-03-21,2022-03-18,M3,Full Cross-Scale Multiscale,-0.01250932173723354,-0.014669781321057545,0.008069361540051641,0
2022-03-22,2022-03-21,M0,Historical Simulation Benchmark,-0.0342989546687086,-0.06058497423133521,0.00343332165206618,0
2022-03-22,2022-03-21,M1,Heavy-Tail Marginals,-0.028868323683896073,-0.03686228870501396,0.00343332165206618,0
2022-03-22,2022-03-21,M2,Wavelet + Within-Scale,-0.011943002451378462,-0.01350259212739693,0.00343332165206618,0
2022-03-22,2022-03-21,M3,Full Cross-Scale Multiscale,-0.012527716107111992,-0.014892231312530702,0.00343332165206618,0
2022-03-23,2022-03-22,M0,Historical Simulation Benchmark,-0.0342989546687086,-0.06058497423133521,0.01241714637684288,0
2022-03-23,2022-03-22,M1,Heavy-Tail Marginals,-0.03304719389331631,-0.0409283779308492,0.01241714637684288,0
2022-03-23,2022-03-22,M2,Wavelet + Within-Scale,-0.01125093540961324,-0.013317680185424341,0.01241714637684288,0
2022-03-23,2022-03-22,M3,Full Cross-Scale Multiscale,-0.013381886505577563,-0.014993719101312855,0.01241714637684288,0
2022-03-24,2022-03-23,M0,Historical Simulation Benchmark,-0.0342989546687086,-0.06058497423133521,0.00279900870945036,0
2022-03-24,2022-03-23,M1,Heavy-Tail Marginals,-0.033448744295373554,-0.04319053945778449,0.00279900870945036,0
2022-03-24,2022-03-23,M2,Wavelet + Within-Scale,-0.011078999472281267,-0.012547408955251787,0.00279900870945036,0
2022-03-24,2022-03-23,M3,Full Cross-Scale Multiscale,-0.012526499079036534,-0.014248048951018537,0.00279900870945036,0
2022-03-25,2022-03-24,M0,Historical Simulation Benchmark,-0.0342989546687086,-0.06058497423133521,0.00231422943646354,0
2022-03-25,2022-03-24,M1,Heavy-Tail Marginals,-0.03756474970643746,-0.049373101269046024,0.00231422943646354,0
2022-03-25,2022-03-24,M2,Wavelet + Within-Scale,-0.012259760327949131,-0.013551279869447033,0.00231422943646354,0
2022-03-25,2022-03-24,M3,Full Cross-Scale Multiscale,-0.01363053465337728,-0.016059555613615155,0.00231422943646354,0
2022-03-28,2022-03-25,M0,Historical Simulation Benchmark,-0.0342989546687086,-0.06058497423133521,-0.0056544254238167415,0
2022-03-28,2022-03-25,M1,Heavy-Tail Marginals,-0.03417710603925353,-0.04322860547544332,-0.0056544254238167415,0
2022-03-28,2022-03-25,M2,Wavelet + Within-Scale,-0.012316760380267681,-0.014489130912269447,-0.0056544254238167415,0
2022-03-28,2022-03-25,M3,Full Cross-Scale Multiscale,-0.013300814217488792,-0.01486298589606507,-0.0056544254238167415,0
2022-03-29,2022-03-28,M0,Historical Simulation Benchmark,-0.0342989546687086,-0.06058497423133521,0.009271579337807381,0
2022-03-29,2022-03-28,M1,Heavy-Tail Marginals,-0.03560686298921825,-0.044071575430236494,0.009271579337807381,0
2022-03-29,2022-03-28,M2,Wavelet + Within-Scale,-0.011436705661531292,-0.013802321501683323,0.009271579337807381,0
2022-03-29,2022-03-28,M3,Full Cross-Scale Multiscale,-0.013072483404443965,-0.01528068956551025,0.009271579337807381,0
2022-03-30,2022-03-29,M0,Historical Simulation Benchmark,-0.0342989546687086,-0.06058497423133521,0.0040113235548124805,0
2022-03-30,2022-03-29,M1,Heavy-Tail Marginals,-0.03598599272662204,-0.047887116878665426,0.0040113235548124805,0
2022-03-30,2022-03-29,M2,Wavelet + Within-Scale,-0.01237005373323848,-0.014306922629587757,0.0040113235548124805,0
2022-03-30,2022-03-29,M3,Full Cross-Scale Multiscale,-0.013520678016427975,-0.015213484410399639,0.0040113235548124805,0
2022-03-31,2022-03-30,M0,Historical Simulation Benchmark,-0.0342989546687086,-0.06058497423133521,-0.01920955478681598,0
2022-03-31,2022-03-30,M1,Heavy-Tail Marginals,-0.03482328870212093,-0.04298050337919684,-0.01920955478681598,0
2022-03-31,2022-03-30,M2,Wavelet + Within-Scale,-0.012667202068125437,-0.015361325757616636,-0.01920955478681598,1
2022-03-31,2022-03-30,M3,Full Cross-Scale Multiscale,-0.013669733471789694,-0.015554180319593644,-0.01920955478681598,1
2022-04-01,2022-03-31,M0,Historical Simulation Benchmark,-0.0342989546687086,-0.06058497423133521,0.0013538423654091798,0
2022-04-01,2022-03-31,M1,Heavy-Tail Marginals,-0.03743056573709673,-0.04550618226531102,0.0013538423654091798,0
2022-04-01,2022-03-31,M2,Wavelet + Within-Scale,-0.01314545907470746,-0.014743248205495729,0.0013538423654091798,0
2022-04-01,2022-03-31,M3,Full Cross-Scale Multiscale,-0.013775845912052604,-0.01581126581755737,0.0013538423654091798,0
2022-04-04,2022-04-01,M0,Historical Simulation Benchmark,-0.0342989546687086,-0.06058497423133521,0.01113520609330694,0
2022-04-04,2022-04-01,M1,Heavy-Tail Marginals,-0.03845593313224451,-0.04851160755395874,0.01113520609330694,0
2022-04-04,2022-04-01,M2,Wavelet + Within-Scale,-0.012431160814075375,-0.014345826196928835,0.01113520609330694,0
2022-04-04,2022-04-01,M3,Full Cross-Scale Multiscale,-0.013810591541047487,-0.01595777132826786,0.01113520609330694,0
2022-04-05,2022-04-04,M0,Historical Simulation Benchmark,-0.0342989546687086,-0.06058497423133521,-0.01625931208314216,0
2022-04-05,2022-04-04,M1,Heavy-Tail Marginals,-0.03381137409660864,-0.041319075873144775,-0.01625931208314216,0
2022-04-05,2022-04-04,M2,Wavelet + Within-Scale,-0.012957114158339304,-0.014946289121168594,-0.01625931208314216,1
2022-04-05,2022-04-04,M3,Full Cross-Scale Multiscale,-0.012942121830296804,-0.015343028512021944,-0.01625931208314216,1
2022-04-06,2022-04-05,M0,Historical Simulation Benchmark,-0.0342989546687086,-0.06058497423133521,-0.017569687077781383,0
2022-04-06,2022-04-05,M1,Heavy-Tail Marginals,-0.03570542477505384,-0.04291168501357007,-0.017569687077781383,0
2022-04-06,2022-04-05,M2,Wavelet + Within-Scale,-0.013557937709227459,-0.015063329074405492,-0.017569687077781383,1
2022-04-06,2022-04-05,M3,Full Cross-Scale Multiscale,-0.013581186920481984,-0.01583049239303856,-0.017569687077781383,1
2022-04-07,2022-04-06,M0,Historical Simulation Benchmark,-0.0342989546687086,-0.06058497423133521,0.00279947174423386,0
2022-04-07,2022-04-06,M1,Heavy-Tail Marginals,-0.04233689999902715,-0.0504082548723684,0.00279947174423386,0
2022-04-07,2022-04-06,M2,Wavelet + Within-Scale,-0.013921300439150235,-0.015596601223623902,0.00279947174423386,0
2022-04-07,2022-04-06,M3,Full Cross-Scale Multiscale,-0.01410305317970423,-0.016651596520992556,0.00279947174423386,0
2022-04-08,2022-04-07,M0,Historical Simulation Benchmark,-0.0342989546687086,-0.06058497423133521,-0.0032551392335724606,0
2022-04-08,2022-04-07,M1,Heavy-Tail Marginals,-0.038344606171370275,-0.04627867386180696,-0.0032551392335724606,0
2022-04-08,2022-04-07,M2,Wavelet + Within-Scale,-0.013213929571587691,-0.015593943923372811,-0.0032551392335724606,0
2022-04-08,2022-04-07,M3,Full Cross-Scale Multiscale,-0.01410771927333991,-0.015931413863168653,-0.0032551392335724606,0
2022-04-11,2022-04-08,M0,Historical Simulation Benchmark,-0.0342989546687086,-0.06058497423133521,-0.021894364818692204,0
2022-04-11,2022-04-08,M1,Heavy-Tail Marginals,-0.035266080059108675,-0.045492337930978746,-0.021894364818692204,0
2022-04-11,2022-04-08,M2,Wavelet + Within-Scale,-0.012945787617575661,-0.014677839555961445,-0.021894364818692204,1
2022-04-11,2022-04-08,M3,Full Cross-Scale Multiscale,-0.013053005950906521,-0.014375186406959084,-0.021894364818692204,1
2022-04-12,2022-04-11,M0,Historical Simulation Benchmark,-0.0342989546687086,-0.06058497423133521,0.014718538646745221,0
2022-04-12,2022-04-11,M1,Heavy-Tail Marginals,-0.03524638233204017,-0.048081941365209414,0.014718538646745221,0
2022-04-12,2022-04-11,M2,Wavelet + Within-Scale,-0.013648633008236469,-0.015252674765465593,0.014718538646745221,0
2022-04-12,2022-04-11,M3,Full Cross-Scale Multiscale,-0.014800547291689843,-0.017761874751632576,0.014718538646745221,0
2022-04-13,2022-04-12,M0,Historical Simulation Benchmark,-0.0342989546687086,-0.06058497423133521,0.015111375713804321,0
2022-04-13,2022-04-12,M1,Heavy-Tail Marginals,-0.03747496744646365,-0.04615739043128035,0.015111375713804321,0
2022-04-13,2022-04-12,M2,Wavelet + Within-Scale,-0.014399529507517831,-0.01685255308803983,0.015111375713804321,0
2022-04-13,2022-04-12,M3,Full Cross-Scale Multiscale,-0.014715150209743033,-0.016848540662039578,0.015111375713804321,0
2022-04-14,2022-04-13,M0,Historical Simulation Benchmark,-0.0342989546687086,-0.06058497423133521,-0.00813832411195756,0
2022-04-14,2022-04-13,M1,Heavy-Tail Marginals,-0.035354857911409056,-0.0525588927634064,-0.00813832411195756,0
2022-04-14,2022-04-13,M2,Wavelet + Within-Scale,-0.012703261514879055,-0.014982698111502477,-0.00813832411195756,0
2022-04-14,2022-04-13,M3,Full Cross-Scale Multiscale,-0.013946450236509719,-0.015899624563882504,-0.00813832411195756,0
2022-04-18,2022-04-14,M0,Historical Simulation Benchmark,-0.0342989546687086,-0.06058497423133521,0.006631770510649721,0
2022-04-18,2022-04-14,M1,Heavy-Tail Marginals,-0.03766493521684468,-0.048522507321491715,0.006631770510649721,0
2022-04-18,2022-04-14,M2,Wavelet + Within-Scale,-0.01296871896844988,-0.014630778054306593,0.006631770510649721,0
2022-04-18,2022-04-14,M3,Full Cross-Scale Multiscale,-0.014363796678824862,-0.016375189664383595,0.006631770510649721,0
2022-04-19,2022-04-18,M0,Historical Simulation Benchmark,-0.0342989546687086,-0.06058497423133521,-0.006909419906751181,0
2022-04-19,2022-04-18,M1,Heavy-Tail Marginals,-0.03744458475116229,-0.04688256645679597,-0.006909419906751181,0
2022-04-19,2022-04-18,M2,Wavelet + Within-Scale,-0.012868886395162522,-0.015800196831746757,-0.006909419906751181,0
2022-04-19,2022-04-18,M3,Full Cross-Scale Multiscale,-0.013642367045306851,-0.01652010843330912,-0.006909419906751181,0
2022-04-20,2022-04-19,M0,Historical Simulation Benchmark,-0.0342989546687086,-0.06058497423133521,0.00275054080117354,0
2022-04-20,2022-04-19,M1,Heavy-Tail Marginals,-0.0381860166253276,-0.049776971077937514,0.00275054080117354,0
2022-04-20,2022-04-19,M2,Wavelet + Within-Scale,-0.013407108959255983,-0.015051371588170107,0.00275054080117354,0
2022-04-20,2022-04-19,M3,Full Cross-Scale Multiscale,-0.014053031559840567,-0.015882137629665193,0.00275054080117354,0
2022-04-21,2022-04-20,M0,Historical Simulation Benchmark,-0.0342989546687086,-0.06058497423133521,-0.00670423127245094,0
2022-04-21,2022-04-20,M1,Heavy-Tail Marginals,-0.03498620085660328,-0.0423473803531797,-0.00670423127245094,0
2022-04-21,2022-04-20,M2,Wavelet + Within-Scale,-0.013032588868087601,-0.01560015601459364,-0.00670423127245094,0
2022-04-21,2022-04-20,M3,Full Cross-Scale Multiscale,-0.014341721254939323,-0.01607324431973854,-0.00670423127245094,0
2022-04-22,2022-04-21,M0,Historical Simulation Benchmark,-0.0342989546687086,-0.06058497423133521,-0.01603177545737386,0
2022-04-22,2022-04-21,M1,Heavy-Tail Marginals,-0.03689468534381627,-0.045509996255256216,-0.01603177545737386,0
2022-04-22,2022-04-21,M2,Wavelet + Within-Scale,-0.012735762783970678,-0.01426846788718166,-0.01603177545737386,1
2022-04-22,2022-04-21,M3,Full Cross-Scale Multiscale,-0.014136156185136323,-0.016131170586170925,-0.01603177545737386,1
2022-04-25,2022-04-22,M0,Historical Simulation Benchmark,-0.0342989546687086,-0.06058497423133521,-0.0020076845254853805,0
2022-04-25,2022-04-22,M1,Heavy-Tail Marginals,-0.03762123742218153,-0.04980411742443454,-0.0020076845254853805,0
2022-04-25,2022-04-22,M2,Wavelet + Within-Scale,-0.012602229008057237,-0.015627289558987168,-0.0020076845254853805,0
2022-04-25,2022-04-22,M3,Full Cross-Scale Multiscale,-0.013691394657452787,-0.015552031689073662,-0.0020076845254853805,0
2022-04-26,2022-04-25,M0,Historical Simulation Benchmark,-0.0342989546687086,-0.06058497423133521,-0.011371161498497201,0
2022-04-26,2022-04-25,M1,Heavy-Tail Marginals,-0.031205281391405264,-0.04049380937965482,-0.011371161498497201,0
2022-04-26,2022-04-25,M2,Wavelet + Within-Scale,-0.014099034698980271,-0.01675129244616963,-0.011371161498497201,0
2022-04-26,2022-04-25,M3,Full Cross-Scale Multiscale,-0.01423917181071449,-0.01684682394878789,-0.011371161498497201,0
2022-04-27,2022-04-26,M0,Historical Simulation Benchmark,-0.0342989546687086,-0.06058497423133521,0.00350196072448964,0
2022-04-27,2022-04-26,M1,Heavy-Tail Marginals,-0.027642810231956836,-0.036587958447211466,0.00350196072448964,0
2022-04-27,2022-04-26,M2,Wavelet + Within-Scale,-0.014176781662755725,-0.016990250164032005,0.00350196072448964,0
2022-04-27,2022-04-26,M3,Full Cross-Scale Multiscale,-0.014073258454456882,-0.016661221943381214,0.00350196072448964,0
2022-04-28,2022-04-27,M0,Historical Simulation Benchmark,-0.0342989546687086,-0.06058497423133521,0.012901417942909759,0
2022-04-28,2022-04-27,M1,Heavy-Tail Marginals,-0.028364269527393012,-0.036067494723308495,0.012901417942909759,0
2022-04-28,2022-04-27,M2,Wavelet + Within-Scale,-0.014873671382821042,-0.016829884743797027,0.012901417942909759,0
2022-04-28,2022-04-27,M3,Full Cross-Scale Multiscale,-0.01526675080761924,-0.017308152250170798,0.012901417942909759,0
2022-04-29,2022-04-28,M0,Historical Simulation Benchmark,-0.0342989546687086,-0.06058497423133521,-0.01693189729064302,0
2022-04-29,2022-04-28,M1,Heavy-Tail Marginals,-0.029163167515670985,-0.04157421393498868,-0.01693189729064302,0
2022-04-29,2022-04-28,M2,Wavelet + Within-Scale,-0.01401672669119251,-0.016159584922856497,-0.01693189729064302,1
2022-04-29,2022-04-28,M3,Full Cross-Scale Multiscale,-0.015289592183089295,-0.018009155092607428,-0.01693189729064302,1
2022-05-02,2022-04-29,M0,Historical Simulation Benchmark,-0.0342989546687086,-0.06058497423133521,-0.0013180341702877605,0
2022-05-02,2022-04-29,M1,Heavy-Tail Marginals,-0.033396238700299306,-0.04001399632191717,-0.0013180341702877605,0
2022-05-02,2022-04-29,M2,Wavelet + Within-Scale,-0.014004250755317771,-0.016410863597759125,-0.0013180341702877605,0
2022-05-02,2022-04-29,M3,Full Cross-Scale Multiscale,-0.013611742556278124,-0.016025141961446342,-0.0013180341702877605,0
2022-05-03,2022-05-02,M0,Historical Simulation Benchmark,-0.0342989546687086,-0.06058497423133521,-0.00676474407187776,0
2022-05-03,2022-05-02,M1,Heavy-Tail Marginals,-0.026730937310328384,-0.03495672755277963,-0.00676474407187776,0
2022-05-03,2022-05-02,M2,Wavelet + Within-Scale,-0.014251765173816256,-0.016445029724957518,-0.00676474407187776,0
2022-05-03,2022-05-02,M3,Full Cross-Scale Multiscale,-0.015249088491322177,-0.01737184122148593,-0.00676474407187776,0
2022-05-04,2022-05-03,M0,Historical Simulation Benchmark,-0.0342989546687086,-0.06058497423133521,0.028306887606989746,0
2022-05-04,2022-05-03,M1,Heavy-Tail Marginals,-0.02793514397282353,-0.03624574784763439,0.028306887606989746,0
2022-05-04,2022-05-03,M2,Wavelet + Within-Scale,-0.014261929389660236,-0.017253356946779614,0.028306887606989746,0
2022-05-04,2022-05-03,M3,Full Cross-Scale Multiscale,-0.01463146857178514,-0.01712454117528575,0.028306887606989746,0
2022-05-05,2022-05-04,M0,Historical Simulation Benchmark,-0.0342989546687086,-0.06058497423133521,-0.02575871386732478,0
2022-05-05,2022-05-04,M1,Heavy-Tail Marginals,-0.030002136606854888,-0.03839578937675021,-0.02575871386732478,0
2022-05-05,2022-05-04,M2,Wavelet + Within-Scale,-0.014065946068552241,-0.016465107780097236,-0.02575871386732478,1
2022-05-05,2022-05-04,M3,Full Cross-Scale Multiscale,-0.015417501001261236,-0.018388504405166883,-0.02575871386732478,1
2022-05-06,2022-05-05,M0,Historical Simulation Benchmark,-0.0342989546687086,-0.06058497423133521,-0.0008945335265794401,0
2022-05-06,2022-05-05,M1,Heavy-Tail Marginals,-0.029022379205762873,-0.03560408377568024,-0.0008945335265794401,0
2022-05-06,2022-05-05,M2,Wavelet + Within-Scale,-0.014971140013284498,-0.01670612543237061,-0.0008945335265794401,0
2022-05-06,2022-05-05,M3,Full Cross-Scale Multiscale,-0.01489097589995918,-0.017153474611936673,-0.0008945335265794401,0
2022-05-09,2022-05-06,M0,Historical Simulation Benchmark,-0.0342989546687086,-0.06058497423133521,-0.0566881459728496,1
2022-05-09,2022-05-06,M1,Heavy-Tail Marginals,-0.030755577743978506,-0.042199286202719524,-0.0566881459728496,1
2022-05-09,2022-05-06,M2,Wavelet + Within-Scale,-0.014326494700929634,-0.016966920031797356,-0.0566881459728496,1
2022-05-09,2022-05-06,M3,Full Cross-Scale Multiscale,-0.01402454861391177,-0.016044650888203893,-0.0566881459728496,1
2022-05-10,2022-05-09,M0,Historical Simulation Benchmark,-0.0342989546687086,-0.06058497423133521,-0.00123303560301068,0
2022-05-10,2022-05-09,M1,Heavy-Tail Marginals,-0.030268353533425395,-0.039055952105353564,-0.00123303560301068,0
2022-05-10,2022-05-09,M2,Wavelet + Within-Scale,-0.013999786757790117,-0.01745128799255286,-0.00123303560301068,0
2022-05-10,2022-05-09,M3,Full Cross-Scale Multiscale,-0.014999423057391197,-0.017250862229075063,-0.00123303560301068,0
2022-05-11,2022-05-10,M0,Historical Simulation Benchmark,-0.0342989546687086,-0.06058497423133521,-0.0047094769953894,0
2022-05-11,2022-05-10,M1,Heavy-Tail Marginals,-0.0284589761866505,-0.035768361540896285,-0.0047094769953894,0
2022-05-11,2022-05-10,M2,Wavelet + Within-Scale,-0.013952419910567532,-0.016329432351787083,-0.0047094769953894,0
2022-05-11,2022-05-10,M3,Full Cross-Scale Multiscale,-0.014273831139005743,-0.017058710754149352,-0.0047094769953894,0
2022-05-12,2022-05-11,M0,Historical Simulation Benchmark,-0.0342989546687086,-0.06058497423133521,0.0007975244096144,0
2022-05-12,2022-05-11,M1,Heavy-Tail Marginals,-0.030160200738462487,-0.040830186083379856,0.0007975244096144,0
2022-05-12,2022-05-11,M2,Wavelet + Within-Scale,-0.014067189841104258,-0.016019365638023527,0.0007975244096144,0
2022-05-12,2022-05-11,M3,Full Cross-Scale Multiscale,-0.014469361857799594,-0.01735035910605203,0.0007975244096144,0
2022-05-13,2022-05-12,M0,Historical Simulation Benchmark,-0.0342989546687086,-0.06058497423133521,0.008769919830599562,0
2022-05-13,2022-05-12,M1,Heavy-Tail Marginals,-0.028657751634056247,-0.033679658321231064,0.008769919830599562,0
2022-05-13,2022-05-12,M2,Wavelet + Within-Scale,-0.01342152688963059,-0.01580046385465484,0.008769919830599562,0
2022-05-13,2022-05-12,M3,Full Cross-Scale Multiscale,-0.014726200120242013,-0.01665806633068758,0.008769919830599562,0
2022-05-16,2022-05-13,M0,Historical Simulation Benchmark,-0.0342989546687086,-0.06058497423133521,0.01029623367263828,0
2022-05-16,2022-05-13,M1,Heavy-Tail Marginals,-0.027764369773814634,-0.03978699171875255,0.01029623367263828,0
2022-05-16,2022-05-13,M2,Wavelet + Within-Scale,-0.013934006712188463,-0.016815532713869187,0.01029623367263828,0
2022-05-16,2022-05-13,M3,Full Cross-Scale Multiscale,-0.015721533671388965,-0.018464100063012266,0.01029623367263828,0
2022-05-17,2022-05-16,M0,Historical Simulation Benchmark,-0.0342989546687086,-0.06058497423133521,0.0001560617731816401,0
2022-05-17,2022-05-16,M1,Heavy-Tail Marginals,-0.028569904699994198,-0.03380251924340858,0.0001560617731816401,0
2022-05-17,2022-05-16,M2,Wavelet + Within-Scale,-0.012860127830710591,-0.01536637895008538,0.0001560617731816401,0
2022-05-17,2022-05-16,M3,Full Cross-Scale Multiscale,-0.015345111281556098,-0.018036831461593936,0.0001560617731816401,0
2022-05-18,2022-05-17,M0,Historical Simulation Benchmark,-0.0342989546687086,-0.06058497423133521,-0.022777169139968002,0
2022-05-18,2022-05-17,M1,Heavy-Tail Marginals,-0.030566782946958818,-0.03931678197319279,-0.022777169139968002,0
2022-05-18,2022-05-17,M2,Wavelet + Within-Scale,-0.01376583017064396,-0.016059902742725923,-0.022777169139968002,1
2022-05-18,2022-05-17,M3,Full Cross-Scale Multiscale,-0.014872891397580584,-0.017205299592168054,-0.022777169139968002,1
2022-05-19,2022-05-18,M0,Historical Simulation Benchmark,-0.0342989546687086,-0.06058497423133521,0.016437867589687922,0
2022-05-19,2022-05-18,M1,Heavy-Tail Marginals,-0.03155071579667287,-0.03745320956870905,0.016437867589687922,0
2022-05-19,2022-05-18,M2,Wavelet + Within-Scale,-0.013943328982689704,-0.016085828352932145,0.016437867589687922,0
2022-05-19,2022-05-18,M3,Full Cross-Scale Multiscale,-0.014845695304414435,-0.01745253198494925,0.016437867589687922,0
2022-05-20,2022-05-19,M0,Historical Simulation Benchmark,-0.0342989546687086,-0.06058497423133521,-0.0036936153732208404,0
2022-05-20,2022-05-19,M1,Heavy-Tail Marginals,-0.029100772890318184,-0.04059582050709563,-0.0036936153732208404,0
2022-05-20,2022-05-19,M2,Wavelet + Within-Scale,-0.0143121321608016,-0.01650998222263223,-0.0036936153732208404,0
2022-05-20,2022-05-19,M3,Full Cross-Scale Multiscale,-0.014535621146261201,-0.01755953040443501,-0.0036936153732208404,0
2022-05-23,2022-05-20,M0,Historical Simulation Benchmark,-0.0342989546687086,-0.06058497423133521,0.0035018933620850597,0
2022-05-23,2022-05-20,M1,Heavy-Tail Marginals,-0.030184938051881733,-0.037857355566271386,0.0035018933620850597,0
2022-05-23,2022-05-20,M2,Wavelet + Within-Scale,-0.014087320319607813,-0.017038130721878392,0.0035018933620850597,0
2022-05-23,2022-05-20,M3,Full Cross-Scale Multiscale,-0.014869862316812896,-0.017081711350010097,0.0035018933620850597,0
2022-05-24,2022-05-23,M0,Historical Simulation Benchmark,-0.0342989546687086,-0.06058497423133521,0.0055465354870903,0
2022-05-24,2022-05-23,M1,Heavy-Tail Marginals,-0.029698542317538143,-0.044800019590594965,0.0055465354870903,0
2022-05-24,2022-05-23,M2,Wavelet + Within-Scale,-0.015082316920532102,-0.01758183701510633,0.0055465354870903,0
2022-05-24,2022-05-23,M3,Full Cross-Scale Multiscale,-0.015823467994343136,-0.017989889909296813,0.0055465354870903,0
2022-05-25,2022-05-24,M0,Historical Simulation Benchmark,-0.034450383961397185,-0.06281017875363606,0.00149028745006674,0
2022-05-25,2022-05-24,M1,Heavy-Tail Marginals,-0.03050172613572363,-0.04037446369420714,0.00149028745006674,0
2022-05-25,2022-05-24,M2,Wavelet + Within-Scale,-0.014107312497806817,-0.016270333535071117,0.00149028745006674,0
2022-05-25,2022-05-24,M3,Full Cross-Scale Multiscale,-0.0146675885487968,-0.016621746364989465,0.00149028745006674,0
2022-05-26,2022-05-25,M0,Historical Simulation Benchmark,-0.034450383961397185,-0.06281017875363606,0.006536053868506999,0
2022-05-26,2022-05-25,M1,Heavy-Tail Marginals,-0.03313485995722752,-0.04777943010950367,0.006536053868506999,0
2022-05-26,2022-05-25,M2,Wavelet + Within-Scale,-0.01383762220606729,-0.016751905269593116,0.006536053868506999,0
2022-05-26,2022-05-25,M3,Full Cross-Scale Multiscale,-0.014447108093549913,-0.017227486420080998,0.006536053868506999,0
2022-05-27,2022-05-26,M0,Historical Simulation Benchmark,-0.034450383961397185,-0.06281017875363606,0.0028692095792917597,0
2022-05-27,2022-05-26,M1,Heavy-Tail Marginals,-0.029675575941416253,-0.036085869145286595,0.0028692095792917597,0
2022-05-27,2022-05-26,M2,Wavelet + Within-Scale,-0.013649626527577606,-0.015263260554379026,0.0028692095792917597,0
2022-05-27,2022-05-26,M3,Full Cross-Scale Multiscale,-0.012937892491102988,-0.015307899565992097,0.0028692095792917597,0
2022-05-31,2022-05-27,M0,Historical Simulation Benchmark,-0.034450383961397185,-0.06281017875363606,0.015781477949757882,0
2022-05-31,2022-05-27,M1,Heavy-Tail Marginals,-0.03084132827310324,-0.03944756078595711,0.015781477949757882,0
2022-05-31,2022-05-27,M2,Wavelet + Within-Scale,-0.014183136643609323,-0.016425011531512358,0.015781477949757882,0
2022-05-31,2022-05-27,M3,Full Cross-Scale Multiscale,-0.014161838470202644,-0.0152726535873158,0.015781477949757882,0
2022-06-01,2022-05-31,M0,Historical Simulation Benchmark,-0.034450383961397185,-0.06281017875363606,-0.014269441709863,0
2022-06-01,2022-05-31,M1,Heavy-Tail Marginals,-0.03198719019984818,-0.04047892450863776,-0.014269441709863,0
2022-06-01,2022-05-31,M2,Wavelet + Within-Scale,-0.013397067317790078,-0.014939925955910375,-0.014269441709863,1
2022-06-01,2022-05-31,M3,Full Cross-Scale Multiscale,-0.014618582297132537,-0.016741766393024583,-0.014269441709863,0
2022-06-02,2022-06-01,M0,Historical Simulation Benchmark,-0.034450383961397185,-0.06281017875363606,0.01490714526125328,0
2022-06-02,2022-06-01,M1,Heavy-Tail Marginals,-0.031166799280748746,-0.03518600255062826,0.01490714526125328,0
2022-06-02,2022-06-01,M2,Wavelet + Within-Scale,-0.01294378913315709,-0.014799678691548671,0.01490714526125328,0
2022-06-02,2022-06-01,M3,Full Cross-Scale Multiscale,-0.01450225063622787,-0.016347003418041576,0.01490714526125328,0
2022-06-03,2022-06-02,M0,Historical Simulation Benchmark,-0.034450383961397185,-0.06281017875363606,-0.00578790590198672,0
2022-06-03,2022-06-02,M1,Heavy-Tail Marginals,-0.03223732829014591,-0.03960354281758931,-0.00578790590198672,0
2022-06-03,2022-06-02,M2,Wavelet + Within-Scale,-0.014229436176656748,-0.015891202917598782,-0.00578790590198672,0
2022-06-03,2022-06-02,M3,Full Cross-Scale Multiscale,-0.014386931621362429,-0.01650512363703722,-0.00578790590198672,0
2022-06-06,2022-06-03,M0,Historical Simulation Benchmark,-0.034450383961397185,-0.06281017875363606,0.0067048907910585796,0
2022-06-06,2022-06-03,M1,Heavy-Tail Marginals,-0.031663816408088304,-0.039910196321167345,0.0067048907910585796,0
2022-06-06,2022-06-03,M2,Wavelet + Within-Scale,-0.01283576852333204,-0.01413988930608657,0.0067048907910585796,0
2022-06-06,2022-06-03,M3,Full Cross-Scale Multiscale,-0.013774564421625614,-0.015275075512888309,0.0067048907910585796,0
2022-06-07,2022-06-06,M0,Historical Simulation Benchmark,-0.034450383961397185,-0.06281017875363606,0.00633510743848026,0
2022-06-07,2022-06-06,M1,Heavy-Tail Marginals,-0.03073998126832801,-0.04256749016377733,0.00633510743848026,0
2022-06-07,2022-06-06,M2,Wavelet + Within-Scale,-0.013591598137248475,-0.015790186836659847,0.00633510743848026,0
2022-06-07,2022-06-06,M3,Full Cross-Scale Multiscale,-0.014398130612059575,-0.01663538133011199,0.00633510743848026,0
2022-06-08,2022-06-07,M0,Historical Simulation Benchmark,-0.034450383961397185,-0.06281017875363606,-0.004965892907553461,0
2022-06-08,2022-06-07,M1,Heavy-Tail Marginals,-0.02981095688130442,-0.03639654119764297,-0.004965892907553461,0
2022-06-08,2022-06-07,M2,Wavelet + Within-Scale,-0.014551273247161024,-0.01705135510124401,-0.004965892907553461,0
2022-06-08,2022-06-07,M3,Full Cross-Scale Multiscale,-0.015625580794806523,-0.01882819983732032,-0.004965892907553461,0
2022-06-09,2022-06-08,M0,Historical Simulation Benchmark,-0.034450383961397185,-0.06281017875363606,-0.008295555715401819,0
2022-06-09,2022-06-08,M1,Heavy-Tail Marginals,-0.033870737361494936,-0.0423643459078995,-0.008295555715401819,0
2022-06-09,2022-06-08,M2,Wavelet + Within-Scale,-0.013533216227061341,-0.015538910510751791,-0.008295555715401819,0
2022-06-09,2022-06-08,M3,Full Cross-Scale Multiscale,-0.013484439793081482,-0.014920357738872769,-0.008295555715401819,0
2022-06-10,2022-06-09,M0,Historical Simulation Benchmark,-0.034450383961397185,-0.06281017875363606,-0.01424143343366004,0
2022-06-10,2022-06-09,M1,Heavy-Tail Marginals,-0.029847793756103552,-0.038898011598871164,-0.01424143343366004,0
2022-06-10,2022-06-09,M2,Wavelet + Within-Scale,-0.013574219704398465,-0.014947429031416238,-0.01424143343366004,1
2022-06-10,2022-06-09,M3,Full Cross-Scale Multiscale,-0.013420370710219412,-0.015615374665668572,-0.01424143343366004,1
2022-06-13,2022-06-10,M0,Historical Simulation Benchmark,-0.034450383961397185,-0.06281017875363606,-0.06761668387621173,1
2022-06-13,2022-06-10,M1,Heavy-Tail Marginals,-0.029923297435935067,-0.03656516658820197,-0.06761668387621173,1
2022-06-13,2022-06-10,M2,Wavelet + Within-Scale,-0.01423494500735055,-0.017456086583219614,-0.06761668387621173,1
2022-06-13,2022-06-10,M3,Full Cross-Scale Multiscale,-0.014189679502182065,-0.016820161168913297,-0.06761668387621173,1
2022-06-14,2022-06-13,M0,Historical Simulation Benchmark,-0.034450383961397185,-0.06281017875363606,-0.010598209481058081,0
2022-06-14,2022-06-13,M1,Heavy-Tail Marginals,-0.03286420037275803,-0.041439753566791825,-0.010598209481058081,0
2022-06-14,2022-06-13,M2,Wavelet + Within-Scale,-0.013445858934052165,-0.015319311424091606,-0.010598209481058081,0
2022-06-14,2022-06-13,M3,Full Cross-Scale Multiscale,-0.014139927160576042,-0.016097257091106633,-0.010598209481058081,0
2022-06-15,2022-06-14,M0,Historical Simulation Benchmark,-0.034450383961397185,-0.06281017875363606,0.007999820201440442,0
2022-06-15,2022-06-14,M1,Heavy-Tail Marginals,-0.03175584627106188,-0.04455634028241791,0.007999820201440442,0
2022-06-15,2022-06-14,M2,Wavelet + Within-Scale,-0.013130247910307959,-0.015086183893154387,0.007999820201440442,0
2022-06-15,2022-06-14,M3,Full Cross-Scale Multiscale,-0.01336890987537148,-0.015645523281006705,0.007999820201440442,0
2022-06-16,2022-06-15,M0,Historical Simulation Benchmark,-0.034450383961397185,-0.06281017875363606,-0.0219431460140194,0
2022-06-16,2022-06-15,M1,Heavy-Tail Marginals,-0.03308767316657472,-0.03897068548181894,-0.0219431460140194,0
2022-06-16,2022-06-15,M2,Wavelet + Within-Scale,-0.013773225277076235,-0.016364702393232698,-0.0219431460140194,1
2022-06-16,2022-06-15,M3,Full Cross-Scale Multiscale,-0.013860658686444946,-0.015322400600218227,-0.0219431460140194,1
2022-06-17,2022-06-16,M0,Historical Simulation Benchmark,-0.034450383961397185,-0.06281017875363606,-0.010388639097790682,0
2022-06-17,2022-06-16,M1,Heavy-Tail Marginals,-0.03300174175994043,-0.04284869656312781,-0.010388639097790682,0
2022-06-17,2022-06-16,M2,Wavelet + Within-Scale,-0.013973670405565132,-0.015646500405717266,-0.010388639097790682,0
2022-06-17,2022-06-16,M3,Full Cross-Scale Multiscale,-0.015417979129915474,-0.01779111693968092,-0.010388639097790682,0
2022-06-21,2022-06-17,M0,Historical Simulation Benchmark,-0.034450383961397185,-0.06281017875363606,0.00720226981849552,0
2022-06-21,2022-06-17,M1,Heavy-Tail Marginals,-0.03229831249053253,-0.04149813964393357,0.00720226981849552,0
2022-06-21,2022-06-17,M2,Wavelet + Within-Scale,-0.013424168675804177,-0.015408191231184466,0.00720226981849552,0
2022-06-21,2022-06-17,M3,Full Cross-Scale Multiscale,-0.013599373505977608,-0.01608284037492331,0.00720226981849552,0
2022-06-22,2022-06-21,M0,Historical Simulation Benchmark,-0.034450383961397185,-0.06281017875363606,-0.011856758674760602,0
2022-06-22,2022-06-21,M1,Heavy-Tail Marginals,-0.03410041226721944,-0.04156830558882372,-0.011856758674760602,0
2022-06-22,2022-06-21,M2,Wavelet + Within-Scale,-0.013060091576034475,-0.01520353980351781,-0.011856758674760602,0
2022-06-22,2022-06-21,M3,Full Cross-Scale Multiscale,-0.014725800609179844,-0.01602436560691145,-0.011856758674760602,0
2022-06-23,2022-06-22,M0,Historical Simulation Benchmark,-0.034450383961397185,-0.06281017875363606,0.00779718536903174,0
2022-06-23,2022-06-22,M1,Heavy-Tail Marginals,-0.03145463537662185,-0.04199159012018604,0.00779718536903174,0
2022-06-23,2022-06-22,M2,Wavelet + Within-Scale,-0.013385182513067905,-0.015906540186117393,0.00779718536903174,0
2022-06-23,2022-06-22,M3,Full Cross-Scale Multiscale,-0.014624449501368835,-0.017061997408740554,0.00779718536903174,0
2022-06-24,2022-06-23,M0,Historical Simulation Benchmark,-0.034450383961397185,-0.06281017875363606,0.012443944489439281,0
2022-06-24,2022-06-23,M1,Heavy-Tail Marginals,-0.029740514824910188,-0.04147533139202195,0.012443944489439281,0
2022-06-24,2022-06-23,M2,Wavelet + Within-Scale,-0.013083314416660153,-0.01557239537857027,0.012443944489439281,0
2022-06-24,2022-06-23,M3,Full Cross-Scale Multiscale,-0.013838480163040921,-0.01626138688414249,0.012443944489439281,0
2022-06-27,2022-06-24,M0,Historical Simulation Benchmark,-0.03587240680779181,-0.06598540495071306,-0.0028047123992934603,0
2022-06-27,2022-06-24,M1,Heavy-Tail Marginals,-0.04060871735818551,-0.04852903381571314,-0.0028047123992934603,0
2022-06-27,2022-06-24,M2,Wavelet + Within-Scale,-0.01732800983166078,-0.02007103283332703,-0.0028047123992934603,0
2022-06-27,2022-06-24,M3,Full Cross-Scale Multiscale,-0.018026353995085394,-0.021887106986233702,-0.0028047123992934603,0
2022-06-28,2022-06-27,M0,Historical Simulation Benchmark,-0.03587240680779181,-0.06598540495071306,-0.0043653535921644405,0
2022-06-28,2022-06-27,M1,Heavy-Tail Marginals,-0.0432360156417237,-0.053632261433993446,-0.0043653535921644405,0
2022-06-28,2022-06-27,M2,Wavelet + Within-Scale,-0.016937047895391508,-0.019719194071865537,-0.0043653535921644405,0
2022-06-28,2022-06-27,M3,Full Cross-Scale Multiscale,-0.018523282338815134,-0.020682898865144572,-0.0043653535921644405,0
2022-06-29,2022-06-28,M0,Historical Simulation Benchmark,-0.03587240680779181,-0.06598540495071306,-0.00468618358774844,0
2022-06-29,2022-06-28,M1,Heavy-Tail Marginals,-0.04313087543692138,-0.0558245709160913,-0.00468618358774844,0
2022-06-29,2022-06-28,M2,Wavelet + Within-Scale,-0.016958969217240043,-0.02018493493437145,-0.00468618358774844,0
2022-06-29,2022-06-28,M3,Full Cross-Scale Multiscale,-0.018287520056065577,-0.0209617615214752,-0.00468618358774844,0
2022-06-30,2022-06-29,M0,Historical Simulation Benchmark,-0.03587240680779181,-0.06598540495071306,-0.01089088865187528,0
2022-06-30,2022-06-29,M1,Heavy-Tail Marginals,-0.039692563307833134,-0.05373848542637758,-0.01089088865187528,0
2022-06-30,2022-06-29,M2,Wavelet + Within-Scale,-0.01828353429177925,-0.020741594295107475,-0.01089088865187528,0
2022-06-30,2022-06-29,M3,Full Cross-Scale Multiscale,-0.017998729914744643,-0.01985184338454498,-0.01089088865187528,0
2022-07-01,2022-06-30,M0,Historical Simulation Benchmark,-0.03587240680779181,-0.06598540495071306,0.00205065640920336,0
2022-07-01,2022-06-30,M1,Heavy-Tail Marginals,-0.03917503636153073,-0.04774226907921236,0.00205065640920336,0
2022-07-01,2022-06-30,M2,Wavelet + Within-Scale,-0.016745937942465684,-0.019162592969209732,0.00205065640920336,0
2022-07-01,2022-06-30,M3,Full Cross-Scale Multiscale,-0.018235460754656586,-0.020908541336897814,0.00205065640920336,0
2022-07-05,2022-07-01,M0,Historical Simulation Benchmark,-0.03587240680779181,-0.06598540495071306,-0.011467344617782422,0
2022-07-05,2022-07-01,M1,Heavy-Tail Marginals,-0.038897336604023905,-0.04962915497160285,-0.011467344617782422,0
2022-07-05,2022-07-01,M2,Wavelet + Within-Scale,-0.015418963408574795,-0.018335528182154337,-0.011467344617782422,0
2022-07-05,2022-07-01,M3,Full Cross-Scale Multiscale,-0.017072834736693052,-0.01882173388216105,-0.011467344617782422,0
2022-07-06,2022-07-05,M0,Historical Simulation Benchmark,-0.03587240680779181,-0.06598540495071306,-0.00369970335969874,0
2022-07-06,2022-07-05,M1,Heavy-Tail Marginals,-0.043864343118194475,-0.059164194117331384,-0.00369970335969874,0
2022-07-06,2022-07-05,M2,Wavelet + Within-Scale,-0.016466997668478096,-0.020584030203877873,-0.00369970335969874,0
2022-07-06,2022-07-05,M3,Full Cross-Scale Multiscale,-0.01760088526446267,-0.021854442844370697,-0.00369970335969874,0
2022-07-07,2022-07-06,M0,Historical Simulation Benchmark,-0.03587240680779181,-0.06598540495071306,0.01985498526607772,0
2022-07-07,2022-07-06,M1,Heavy-Tail Marginals,-0.03863149142161883,-0.047766283486853585,0.01985498526607772,0
2022-07-07,2022-07-06,M2,Wavelet + Within-Scale,-0.015984020267084523,-0.018760503767923258,0.01985498526607772,0
2022-07-07,2022-07-06,M3,Full Cross-Scale Multiscale,-0.01861814203917724,-0.021321191566291465,0.01985498526607772,0
2022-07-08,2022-07-07,M0,Historical Simulation Benchmark,-0.03587240680779181,-0.06598540495071306,0.00469902775835772,0
2022-07-08,2022-07-07,M1,Heavy-Tail Marginals,-0.04067278991111525,-0.05625078038642737,0.00469902775835772,0
2022-07-08,2022-07-07,M2,Wavelet + Within-Scale,-0.01681457495844874,-0.020257355973419537,0.00469902775835772,0
2022-07-08,2022-07-07,M3,Full Cross-Scale Multiscale,-0.01830675917803574,-0.02189345169833249,0.00469902775835772,0
2022-07-11,2022-07-08,M0,Historical Simulation Benchmark,-0.03587240680779181,-0.06598540495071306,-0.01949081940993848,0
2022-07-11,2022-07-08,M1,Heavy-Tail Marginals,-0.043426543485933035,-0.0600340559603195,-0.01949081940993848,0
2022-07-11,2022-07-08,M2,Wavelet + Within-Scale,-0.017069776799963354,-0.020017698351018545,-0.01949081940993848,1
2022-07-11,2022-07-08,M3,Full Cross-Scale Multiscale,-0.017917320572667924,-0.02008369149960597,-0.01949081940993848,1
2022-07-12,2022-07-11,M0,Historical Simulation Benchmark,-0.03587240680779181,-0.06598540495071306,-0.02299673850526434,0
2022-07-12,2022-07-11,M1,Heavy-Tail Marginals,-0.04046032042495383,-0.05860750236253278,-0.02299673850526434,0
2022-07-12,2022-07-11,M2,Wavelet + Within-Scale,-0.01709642822306947,-0.02067241156989947,-0.02299673850526434,1
2022-07-12,2022-07-11,M3,Full Cross-Scale Multiscale,-0.017939296137812224,-0.021606647131517324,-0.02299673850526434,1
2022-07-13,2022-07-12,M0,Historical Simulation Benchmark,-0.03587240680779181,-0.06598540495071306,0.010787095009140641,0
2022-07-13,2022-07-12,M1,Heavy-Tail Marginals,-0.0405420517165927,-0.0586887862580334,0.010787095009140641,0
2022-07-13,2022-07-12,M2,Wavelet + Within-Scale,-0.016640859206233677,-0.020442927108644926,0.010787095009140641,0
2022-07-13,2022-07-12,M3,Full Cross-Scale Multiscale,-0.01722073533678751,-0.02056979150773356,0.010787095009140641,0
2022-07-14,2022-07-13,M0,Historical Simulation Benchmark,-0.03587240680779181,-0.06598540495071306,-0.0018471478732680013,0
2022-07-14,2022-07-13,M1,Heavy-Tail Marginals,-0.0393082779794801,-0.04871596294930186,-0.0018471478732680013,0
2022-07-14,2022-07-13,M2,Wavelet + Within-Scale,-0.016392239522895313,-0.019289356525913584,-0.0018471478732680013,0
2022-07-14,2022-07-13,M3,Full Cross-Scale Multiscale,-0.01789969756518791,-0.021075052821515793,-0.0018471478732680013,0
2022-07-15,2022-07-14,M0,Historical Simulation Benchmark,-0.03587240680779181,-0.06598540495071306,0.00906753070229534,0
2022-07-15,2022-07-14,M1,Heavy-Tail Marginals,-0.03496106503914246,-0.047092087104523284,0.00906753070229534,0
2022-07-15,2022-07-14,M2,Wavelet + Within-Scale,-0.018098229635098426,-0.020472647281646873,0.00906753070229534,0
2022-07-15,2022-07-14,M3,Full Cross-Scale Multiscale,-0.01767262926099292,-0.020372472153627988,0.00906753070229534,0
2022-07-18,2022-07-15,M0,Historical Simulation Benchmark,-0.03587240680779181,-0.06598540495071306,0.02133963757657258,0
2022-07-18,2022-07-15,M1,Heavy-Tail Marginals,-0.043955929770194656,-0.050216206985728505,0.02133963757657258,0
2022-07-18,2022-07-15,M2,Wavelet + Within-Scale,-0.017594220528701333,-0.021213254957780505,0.02133963757657258,0
2022-07-18,2022-07-15,M3,Full Cross-Scale Multiscale,-0.018943702814623466,-0.021846962826119042,0.02133963757657258,0
2022-07-19,2022-07-18,M0,Historical Simulation Benchmark,-0.03587240680779181,-0.06598540495071306,0.0159734821773586,0
2022-07-19,2022-07-18,M1,Heavy-Tail Marginals,-0.04132470444955691,-0.055597872344939105,0.0159734821773586,0
2022-07-19,2022-07-18,M2,Wavelet + Within-Scale,-0.017083406838244008,-0.01954068382198956,0.0159734821773586,0
2022-07-19,2022-07-18,M3,Full Cross-Scale Multiscale,-0.017704050596745537,-0.020518029910628156,0.0159734821773586,0
2022-07-20,2022-07-19,M0,Historical Simulation Benchmark,-0.03587240680779181,-0.06598540495071306,-0.00322139239433964,0
2022-07-20,2022-07-19,M1,Heavy-Tail Marginals,-0.039059900834885204,-0.056688623780576354,-0.00322139239433964,0
2022-07-20,2022-07-19,M2,Wavelet + Within-Scale,-0.01798711874185315,-0.020679458700992408,-0.00322139239433964,0
2022-07-20,2022-07-19,M3,Full Cross-Scale Multiscale,-0.01695285399154618,-0.019973304338327107,-0.00322139239433964,0
2022-07-21,2022-07-20,M0,Historical Simulation Benchmark,-0.03587240680779181,-0.06598540495071306,0.0008980285677679603,0
2022-07-21,2022-07-20,M1,Heavy-Tail Marginals,-0.04452130981072442,-0.05842642255827592,0.0008980285677679603,0
2022-07-21,2022-07-20,M2,Wavelet + Within-Scale,-0.01685818003524979,-0.02075224286295988,0.0008980285677679603,0
2022-07-21,2022-07-20,M3,Full Cross-Scale Multiscale,-0.017889428401723667,-0.020146871497801998,0.0008980285677679603,0
2022-07-22,2022-07-21,M0,Historical Simulation Benchmark,-0.03587240680779181,-0.06598540495071306,-0.00556848239003278,0
2022-07-22,2022-07-21,M1,Heavy-Tail Marginals,-0.041995529838508,-0.0541865853749257,-0.00556848239003278,0
2022-07-22,2022-07-21,M2,Wavelet + Within-Scale,-0.01553298853492211,-0.017703562133959936,-0.00556848239003278,0
2022-07-22,2022-07-21,M3,Full Cross-Scale Multiscale,-0.017535831129418884,-0.020275746284524443,-0.00556848239003278,0
2022-07-25,2022-07-22,M0,Historical Simulation Benchmark,-0.03587240680779181,-0.06598540495071306,-0.008817480198093582,0
2022-07-25,2022-07-22,M1,Heavy-Tail Marginals,-0.039282144994406576,-0.05988984260546952,-0.008817480198093582,0
2022-07-25,2022-07-22,M2,Wavelet + Within-Scale,-0.016874140600091292,-0.0191743555390486,-0.008817480198093582,0
2022-07-25,2022-07-22,M3,Full Cross-Scale Multiscale,-0.017620220922542666,-0.020608085725041744,-0.008817480198093582,0
2022-07-26,2022-07-25,M0,Historical Simulation Benchmark,-0.03587240680779181,-0.06598540495071306,-0.006486588174420661,0
2022-07-26,2022-07-25,M1,Heavy-Tail Marginals,-0.03862320860819422,-0.04928840039614132,-0.006486588174420661,0
2022-07-26,2022-07-25,M2,Wavelet + Within-Scale,-0.016815447807334863,-0.019078492169992706,-0.006486588174420661,0
2022-07-26,2022-07-25,M3,Full Cross-Scale Multiscale,-0.017969374289543774,-0.020141113313870553,-0.006486588174420661,0
2022-07-27,2022-07-26,M0,Historical Simulation Benchmark,-0.03587240680779181,-0.06598540495071306,0.0299609700275906,0
2022-07-27,2022-07-26,M1,Heavy-Tail Marginals,-0.029456661864513525,-0.0394728597894239,0.0299609700275906,0
2022-07-27,2022-07-26,M2,Wavelet + Within-Scale,-0.014539190008736705,-0.016400244352592727,0.0299609700275906,0
2022-07-27,2022-07-26,M3,Full Cross-Scale Multiscale,-0.01612533533462421,-0.017949626434582346,0.0299609700275906,0
2022-07-28,2022-07-27,M0,Historical Simulation Benchmark,-0.03587240680779181,-0.06598540495071306,0.01278619632258916,0
2022-07-28,2022-07-27,M1,Heavy-Tail Marginals,-0.032202379119122514,-0.04396249734882287,0.01278619632258916,0
2022-07-28,2022-07-27,M2,Wavelet + Within-Scale,-0.014260789916696095,-0.016422561842327536,0.01278619632258916,0
2022-07-28,2022-07-27,M3,Full Cross-Scale Multiscale,-0.014145088511891548,-0.016727294980462146,0.01278619632258916,0
2022-07-29,2022-07-28,M0,Historical Simulation Benchmark,-0.03587240680779181,-0.06598540495071306,0.0055741508190343,0
2022-07-29,2022-07-28,M1,Heavy-Tail Marginals,-0.03381237744670895,-0.04102232120484594,0.0055741508190343,0
2022-07-29,2022-07-28,M2,Wavelet + Within-Scale,-0.013711272362174936,-0.015494035107183321,0.0055741508190343,0
2022-07-29,2022-07-28,M3,Full Cross-Scale Multiscale,-0.014047580772134591,-0.016724515600381705,0.0055741508190343,0
2022-08-01,2022-07-29,M0,Historical Simulation Benchmark,-0.03587240680779181,-0.06598540495071306,-0.0100860854441509,0
2022-08-01,2022-07-29,M1,Heavy-Tail Marginals,-0.032873180189914156,-0.04221699330934451,-0.0100860854441509,0
2022-08-01,2022-07-29,M2,Wavelet + Within-Scale,-0.013896582896051583,-0.0160876958095499,-0.0100860854441509,0
2022-08-01,2022-07-29,M3,Full Cross-Scale Multiscale,-0.014034121162366376,-0.016467051220336586,-0.0100860854441509,0
2022-08-02,2022-08-01,M0,Historical Simulation Benchmark,-0.03587240680779181,-0.06598540495071306,-0.006085133576867002,0
2022-08-02,2022-08-01,M1,Heavy-Tail Marginals,-0.031201226408238355,-0.042026644536552624,-0.006085133576867002,0
2022-08-02,2022-08-01,M2,Wavelet + Within-Scale,-0.01416090488136064,-0.016332716430388132,-0.006085133576867002,0
2022-08-02,2022-08-01,M3,Full Cross-Scale Multiscale,-0.015381805893472046,-0.018337475898467466,-0.006085133576867002,0
2022-08-03,2022-08-02,M0,Historical Simulation Benchmark,-0.03587240680779181,-0.06598540495071306,-0.0031536786086472602,0
2022-08-03,2022-08-02,M1,Heavy-Tail Marginals,-0.03894200452622193,-0.04785474722326346,-0.0031536786086472602,0
2022-08-03,2022-08-02,M2,Wavelet + Within-Scale,-0.014436472462536123,-0.016749981750022284,-0.0031536786086472602,0
2022-08-03,2022-08-02,M3,Full Cross-Scale Multiscale,-0.014458259169528241,-0.01634745352171533,-0.0031536786086472602,0
2022-08-04,2022-08-03,M0,Historical Simulation Benchmark,-0.03587240680779181,-0.06598540495071306,-0.0032543819947723194,0
2022-08-04,2022-08-03,M1,Heavy-Tail Marginals,-0.03153387880639066,-0.043013034975173337,-0.0032543819947723194,0
2022-08-04,2022-08-03,M2,Wavelet + Within-Scale,-0.014215779165662358,-0.01586354221088056,-0.0032543819947723194,0
2022-08-04,2022-08-03,M3,Full Cross-Scale Multiscale,-0.01371637917612828,-0.015310709555364427,-0.0032543819947723194,0
2022-08-05,2022-08-04,M0,Historical Simulation Benchmark,-0.03587240680779181,-0.06598540495071306,0.0002492958284638601,0
2022-08-05,2022-08-04,M1,Heavy-Tail Marginals,-0.032105431280617956,-0.04100499996807895,0.0002492958284638601,0
2022-08-05,2022-08-04,M2,Wavelet + Within-Scale,-0.01408131159920062,-0.016008561484533477,0.0002492958284638601,0
2022-08-05,2022-08-04,M3,Full Cross-Scale Multiscale,-0.014332700760973753,-0.016838559442406493,0.0002492958284638601,0
2022-08-08,2022-08-05,M0,Historical Simulation Benchmark,-0.03587240680779181,-0.06598540495071306,0.012561360259427341,0
2022-08-08,2022-08-05,M1,Heavy-Tail Marginals,-0.033405440385320104,-0.042603721529433,0.012561360259427341,0
2022-08-08,2022-08-05,M2,Wavelet + Within-Scale,-0.014167487783641524,-0.016054607518384067,0.012561360259427341,0
2022-08-08,2022-08-05,M3,Full Cross-Scale Multiscale,-0.014612651567662472,-0.016936755319024784,0.012561360259427341,0
2022-08-09,2022-08-08,M0,Historical Simulation Benchmark,-0.03587240680779181,-0.06598540495071306,-0.00651975438583394,0
2022-08-09,2022-08-08,M1,Heavy-Tail Marginals,-0.036078348738591386,-0.04464309650821056,-0.00651975438583394,0
2022-08-09,2022-08-08,M2,Wavelet + Within-Scale,-0.013283679116422312,-0.01529006222716926,-0.00651975438583394,0
2022-08-09,2022-08-08,M3,Full Cross-Scale Multiscale,-0.01512058842580094,-0.01675436187521075,-0.00651975438583394,0
2022-08-10,2022-08-09,M0,Historical Simulation Benchmark,-0.03587240680779181,-0.06598540495071306,0.012776108498572341,0
2022-08-10,2022-08-09,M1,Heavy-Tail Marginals,-0.031048268492237952,-0.04002012870028239,0.012776108498572341,0
2022-08-10,2022-08-09,M2,Wavelet + Within-Scale,-0.013422600147631874,-0.016328672896038954,0.012776108498572341,0
2022-08-10,2022-08-09,M3,Full Cross-Scale Multiscale,-0.014400922248166016,-0.017082318455530234,0.012776108498572341,0
2022-08-11,2022-08-10,M0,Historical Simulation Benchmark,-0.03587240680779181,-0.06598540495071306,0.0034281437302000005,0
2022-08-11,2022-08-10,M1,Heavy-Tail Marginals,-0.03322748612069575,-0.046343554171128176,0.0034281437302000005,0
2022-08-11,2022-08-10,M2,Wavelet + Within-Scale,-0.013801829722560839,-0.015382484333769111,0.0034281437302000005,0
2022-08-11,2022-08-10,M3,Full Cross-Scale Multiscale,-0.013736220154876203,-0.016391076093566957,0.0034281437302000005,0
2022-08-12,2022-08-11,M0,Historical Simulation Benchmark,-0.03587240680779181,-0.06598540495071306,0.0062266862221717,0
2022-08-12,2022-08-11,M1,Heavy-Tail Marginals,-0.03074318181231698,-0.04305405957754799,0.0062266862221717,0
2022-08-12,2022-08-11,M2,Wavelet + Within-Scale,-0.013164130159895612,-0.015742934606848544,0.0062266862221717,0
2022-08-12,2022-08-11,M3,Full Cross-Scale Multiscale,-0.01404923330409179,-0.01607082184645162,0.0062266862221717,0
2022-08-15,2022-08-12,M0,Historical Simulation Benchmark,-0.03587240680779181,-0.06598540495071306,-0.00900414744573348,0
2022-08-15,2022-08-12,M1,Heavy-Tail Marginals,-0.030598241014628016,-0.03795928003781301,-0.00900414744573348,0
2022-08-15,2022-08-12,M2,Wavelet + Within-Scale,-0.013337543452335981,-0.014895720787836114,-0.00900414744573348,0
2022-08-15,2022-08-12,M3,Full Cross-Scale Multiscale,-0.013987227918790023,-0.015510177840537468,-0.00900414744573348,0
2022-08-16,2022-08-15,M0,Historical Simulation Benchmark,-0.03587240680779181,-0.06598540495071306,-0.006855082768612181,0
2022-08-16,2022-08-15,M1,Heavy-Tail Marginals,-0.0312684721706948,-0.040348997823527806,-0.006855082768612181,0
2022-08-16,2022-08-15,M2,Wavelet + Within-Scale,-0.013018739292219353,-0.014942156868886378,-0.006855082768612181,0
2022-08-16,2022-08-15,M3,Full Cross-Scale Multiscale,-0.013369247654786361,-0.017137323156588596,-0.006855082768612181,0
2022-08-17,2022-08-16,M0,Historical Simulation Benchmark,-0.03587240680779181,-0.06598540495071306,-0.006450140517339201,0
2022-08-17,2022-08-16,M1,Heavy-Tail Marginals,-0.03069356408576989,-0.03981391187028664,-0.006450140517339201,0
2022-08-17,2022-08-16,M2,Wavelet + Within-Scale,-0.013737678188038902,-0.015679974676950238,-0.006450140517339201,0
2022-08-17,2022-08-16,M3,Full Cross-Scale Multiscale,-0.01434143830707419,-0.015502578110474733,-0.006450140517339201,0
2022-08-18,2022-08-17,M0,Historical Simulation Benchmark,-0.03587240680779181,-0.06598540495071306,0.005292369699752181,0
2022-08-18,2022-08-17,M1,Heavy-Tail Marginals,-0.029913945264899343,-0.04046190470883212,0.005292369699752181,0
2022-08-18,2022-08-17,M2,Wavelet + Within-Scale,-0.013940459727528954,-0.01586716778068942,0.005292369699752181,0
2022-08-18,2022-08-17,M3,Full Cross-Scale Multiscale,-0.015316934821740695,-0.017090668862852175,0.005292369699752181,0
2022-08-19,2022-08-18,M0,Historical Simulation Benchmark,-0.03587240680779181,-0.06598540495071306,-0.02751479085500158,0
2022-08-19,2022-08-18,M1,Heavy-Tail Marginals,-0.029869150419170622,-0.046197762071644305,-0.02751479085500158,0
2022-08-19,2022-08-18,M2,Wavelet + Within-Scale,-0.014543546440265676,-0.01638968828652762,-0.02751479085500158,1
2022-08-19,2022-08-18,M3,Full Cross-Scale Multiscale,-0.015028760549195514,-0.017332662746336547,-0.02751479085500158,1
2022-08-22,2022-08-19,M0,Historical Simulation Benchmark,-0.03587240680779181,-0.06598540495071306,0.00017997193782222018,0
2022-08-22,2022-08-19,M1,Heavy-Tail Marginals,-0.030140354833812208,-0.04495848960603232,0.00017997193782222018,0
2022-08-22,2022-08-19,M2,Wavelet + Within-Scale,-0.01419337667961949,-0.016342473394008794,0.00017997193782222018,0
2022-08-22,2022-08-19,M3,Full Cross-Scale Multiscale,-0.013697119918627215,-0.016878790599261277,0.00017997193782222018,0
2022-08-23,2022-08-22,M0,Historical Simulation Benchmark,-0.03587240680779181,-0.06598540495071306,0.007298583004738641,0
2022-08-23,2022-08-22,M1,Heavy-Tail Marginals,-0.031922206840865934,-0.042451198476616304,0.007298583004738641,0
2022-08-23,2022-08-22,M2,Wavelet + Within-Scale,-0.013754604498959495,-0.01644230562736271,0.007298583004738641,0
2022-08-23,2022-08-22,M3,Full Cross-Scale Multiscale,-0.014392691962839406,-0.016115068511259677,0.007298583004738641,0
2022-08-24,2022-08-23,M0,Historical Simulation Benchmark,-0.03587240680779181,-0.06598540495071306,0.0024440586576411003,0
2022-08-24,2022-08-23,M1,Heavy-Tail Marginals,-0.03041119265046356,-0.039992707865381054,0.0024440586576411003,0
2022-08-24,2022-08-23,M2,Wavelet + Within-Scale,-0.013683264073059321,-0.015283103872716516,0.0024440586576411003,0
2022-08-24,2022-08-23,M3,Full Cross-Scale Multiscale,-0.015019419453999235,-0.017510413421746668,0.0024440586576411003,0
2022-08-25,2022-08-24,M0,Historical Simulation Benchmark,-0.03587240680779181,-0.06598540495071306,0.0026220815157878196,0
2022-08-25,2022-08-24,M1,Heavy-Tail Marginals,-0.031177417238347153,-0.044149262510460544,0.0026220815157878196,0
2022-08-25,2022-08-24,M2,Wavelet + Within-Scale,-0.014285997087517517,-0.015859060979052486,0.0026220815157878196,0
2022-08-25,2022-08-24,M3,Full Cross-Scale Multiscale,-0.014971023528054623,-0.01741979300294263,0.0026220815157878196,0
2022-08-26,2022-08-25,M0,Historical Simulation Benchmark,-0.03587240680779181,-0.06598540495071306,-0.024091414285819884,0
2022-08-26,2022-08-25,M1,Heavy-Tail Marginals,-0.029418022266761514,-0.03742861130392605,-0.024091414285819884,0
2022-08-26,2022-08-25,M2,Wavelet + Within-Scale,-0.015086026234239998,-0.017809582588408028,-0.024091414285819884,1
2022-08-26,2022-08-25,M3,Full Cross-Scale Multiscale,-0.015287649534786691,-0.016758616550769448,-0.024091414285819884,1
2022-08-29,2022-08-26,M0,Historical Simulation Benchmark,-0.03587240680779181,-0.06598540495071306,0.00538207683097024,0
2022-08-29,2022-08-26,M1,Heavy-Tail Marginals,-0.029623775680917577,-0.040220481869333836,0.00538207683097024,0
2022-08-29,2022-08-26,M2,Wavelet + Within-Scale,-0.014984276161431635,-0.01730383300288762,0.00538207683097024,0
2022-08-29,2022-08-26,M3,Full Cross-Scale Multiscale,-0.01542126271638901,-0.01858863860496081,0.00538207683097024,0
2022-08-30,2022-08-29,M0,Historical Simulation Benchmark,-0.03587240680779181,-0.06598540495071306,-0.017298347056102902,0
2022-08-30,2022-08-29,M1,Heavy-Tail Marginals,-0.034821806674312394,-0.04847477925158683,-0.017298347056102902,0
2022-08-30,2022-08-29,M2,Wavelet + Within-Scale,-0.015185124421935819,-0.01722008677927027,-0.017298347056102902,1
2022-08-30,2022-08-29,M3,Full Cross-Scale Multiscale,-0.014519996636634542,-0.017475465560849095,-0.017298347056102902,1
2022-08-31,2022-08-30,M0,Historical Simulation Benchmark,-0.03587240680779181,-0.06598540495071306,-0.007723933635469381,0
2022-08-31,2022-08-30,M1,Heavy-Tail Marginals,-0.031248795326817853,-0.0435845521445668,-0.007723933635469381,0
2022-08-31,2022-08-30,M2,Wavelet + Within-Scale,-0.013925475067296187,-0.015625235771036652,-0.007723933635469381,0
2022-08-31,2022-08-30,M3,Full Cross-Scale Multiscale,-0.014417412830594509,-0.01655826347083178,-0.007723933635469381,0
2022-09-01,2022-08-31,M0,Historical Simulation Benchmark,-0.03587240680779181,-0.06598540495071306,-0.00796308458712034,0
2022-09-01,2022-08-31,M1,Heavy-Tail Marginals,-0.02710885305285374,-0.03562450921278007,-0.00796308458712034,0
2022-09-01,2022-08-31,M2,Wavelet + Within-Scale,-0.014169898152621787,-0.01635004905102542,-0.00796308458712034,0
2022-09-01,2022-08-31,M3,Full Cross-Scale Multiscale,-0.01464877374155551,-0.017210872620723065,-0.00796308458712034,0
2022-09-02,2022-09-01,M0,Historical Simulation Benchmark,-0.03587240680779181,-0.06598540495071306,0.0005290334878095796,0
2022-09-02,2022-09-01,M1,Heavy-Tail Marginals,-0.030099172170559425,-0.04178338658077414,0.0005290334878095796,0
2022-09-02,2022-09-01,M2,Wavelet + Within-Scale,-0.014331659357962384,-0.017125774930190532,0.0005290334878095796,0
2022-09-02,2022-09-01,M3,Full Cross-Scale Multiscale,-0.0154160501850404,-0.0174266767026427,0.0005290334878095796,0
2022-09-06,2022-09-02,M0,Historical Simulation Benchmark,-0.03587240680779181,-0.06598540495071306,-0.01586847312306392,0
2022-09-06,2022-09-02,M1,Heavy-Tail Marginals,-0.03159972054257625,-0.04601950351073374,-0.01586847312306392,0
2022-09-06,2022-09-02,M2,Wavelet + Within-Scale,-0.015270341573463722,-0.017065992954381222,-0.01586847312306392,1
2022-09-06,2022-09-02,M3,Full Cross-Scale Multiscale,-0.015267615980865684,-0.01769455536610081,-0.01586847312306392,1
2022-09-07,2022-09-06,M0,Historical Simulation Benchmark,-0.03587240680779181,-0.06598540495071306,0.0007023642166329204,0
2022-09-07,2022-09-06,M1,Heavy-Tail Marginals,-0.032072863559088415,-0.045352306443106005,0.0007023642166329204,0
2022-09-07,2022-09-06,M2,Wavelet + Within-Scale,-0.013287297147497918,-0.015410755160533005,0.0007023642166329204,0
2022-09-07,2022-09-06,M3,Full Cross-Scale Multiscale,-0.014884725312437388,-0.01709215772627467,0.0007023642166329204,0
2022-09-08,2022-09-07,M0,Historical Simulation Benchmark,-0.03587240680779181,-0.06598540495071306,0.0011524394753328398,0
2022-09-08,2022-09-07,M1,Heavy-Tail Marginals,-0.03042730237104273,-0.04520285914270457,0.0011524394753328398,0
2022-09-08,2022-09-07,M2,Wavelet + Within-Scale,-0.014806357630129338,-0.017284390507877383,0.0011524394753328398,0
2022-09-08,2022-09-07,M3,Full Cross-Scale Multiscale,-0.015661975358495055,-0.018481284214048033,0.0011524394753328398,0
2022-09-09,2022-09-08,M0,Historical Simulation Benchmark,-0.03587240680779181,-0.06598540495071306,0.03298067563260164,0
2022-09-09,2022-09-08,M1,Heavy-Tail Marginals,-0.034365927429496915,-0.045956062880340987,0.03298067563260164,0
2022-09-09,2022-09-08,M2,Wavelet + Within-Scale,-0.013515869417671515,-0.016196414099575084,0.03298067563260164,0
2022-09-09,2022-09-08,M3,Full Cross-Scale Multiscale,-0.014874582190553303,-0.018027068632730497,0.03298067563260164,0
2022-09-12,2022-09-09,M0,Historical Simulation Benchmark,-0.03587240680779181,-0.06598540495071306,0.015254180813110061,0
2022-09-12,2022-09-09,M1,Heavy-Tail Marginals,-0.031051907463210043,-0.04257519056355566,0.015254180813110061,0
2022-09-12,2022-09-09,M2,Wavelet + Within-Scale,-0.014448046508474949,-0.016333138787055893,0.015254180813110061,0
2022-09-12,2022-09-09,M3,Full Cross-Scale Multiscale,-0.015509247517766523,-0.018049439331879753,0.015254180813110061,0
2022-09-13,2022-09-12,M0,Historical Simulation Benchmark,-0.03587240680779181,-0.06598540495071306,-0.033093894741271224,0
2022-09-13,2022-09-12,M1,Heavy-Tail Marginals,-0.029894410761634727,-0.04500143881099989,-0.033093894741271224,1
2022-09-13,2022-09-12,M2,Wavelet + Within-Scale,-0.014634271833361101,-0.016994396798431118,-0.033093894741271224,1
2022-09-13,2022-09-12,M3,Full Cross-Scale Multiscale,-0.015269081403602322,-0.017742072803393273,-0.033093894741271224,1
2022-09-14,2022-09-13,M0,Historical Simulation Benchmark,-0.03587240680779181,-0.06598540495071306,0.0015328647225665401,0
2022-09-14,2022-09-13,M1,Heavy-Tail Marginals,-0.030619411379830257,-0.03990631319993057,0.0015328647225665401,0
2022-09-14,2022-09-13,M2,Wavelet + Within-Scale,-0.014728923614746262,-0.01731128370055405,0.0015328647225665401,0
2022-09-14,2022-09-13,M3,Full Cross-Scale Multiscale,-0.01555968868160117,-0.017993455504192696,0.0015328647225665401,0
2022-09-15,2022-09-14,M0,Historical Simulation Benchmark,-0.03587240680779181,-0.06598540495071306,-0.02048880688685412,0
2022-09-15,2022-09-14,M1,Heavy-Tail Marginals,-0.031148259545129398,-0.037649150916787916,-0.02048880688685412,0
2022-09-15,2022-09-14,M2,Wavelet + Within-Scale,-0.015062137025975874,-0.016516393278974282,-0.02048880688685412,1
2022-09-15,2022-09-14,M3,Full Cross-Scale Multiscale,-0.015809238728672702,-0.01744457732026926,-0.02048880688685412,1
2022-09-16,2022-09-15,M0,Historical Simulation Benchmark,-0.03587240680779181,-0.06598540495071306,0.0008615587485239998,0
2022-09-16,2022-09-15,M1,Heavy-Tail Marginals,-0.030417586407129358,-0.041969488195973986,0.0008615587485239998,0
2022-09-16,2022-09-15,M2,Wavelet + Within-Scale,-0.014401561492748639,-0.016891548051741326,0.0008615587485239998,0
2022-09-16,2022-09-15,M3,Full Cross-Scale Multiscale,-0.01548548292285072,-0.018097801950276247,0.0008615587485239998,0
2022-09-19,2022-09-16,M0,Historical Simulation Benchmark,-0.03587240680779181,-0.06598540495071306,-0.0007649188157219603,0
2022-09-19,2022-09-16,M1,Heavy-Tail Marginals,-0.03426437445421283,-0.04215509375083004,-0.0007649188157219603,0
2022-09-19,2022-09-16,M2,Wavelet + Within-Scale,-0.014231081646731331,-0.017392241643333674,-0.0007649188157219603,0
2022-09-19,2022-09-16,M3,Full Cross-Scale Multiscale,-0.015273032152412108,-0.018715409936469724,-0.0007649188157219603,0
2022-09-20,2022-09-19,M0,Historical Simulation Benchmark,-0.03587240680779181,-0.06598540495071306,-0.01388125224671234,0
2022-09-20,2022-09-19,M1,Heavy-Tail Marginals,-0.03066222521571014,-0.042788734985738104,-0.01388125224671234,0
2022-09-20,2022-09-19,M2,Wavelet + Within-Scale,-0.015646572645681735,-0.017510628804494888,-0.01388125224671234,0
2022-09-20,2022-09-19,M3,Full Cross-Scale Multiscale,-0.01566097607776035,-0.01800170000067252,-0.01388125224671234,0
2022-09-21,2022-09-20,M0,Historical Simulation Benchmark,-0.03587240680779181,-0.06598540495071306,-0.007032367892545079,0
2022-09-21,2022-09-20,M1,Heavy-Tail Marginals,-0.03219234424116811,-0.04352523879591973,-0.007032367892545079,0
2022-09-21,2022-09-20,M2,Wavelet + Within-Scale,-0.013837285425127297,-0.015985862317114727,-0.007032367892545079,0
2022-09-21,2022-09-20,M3,Full Cross-Scale Multiscale,-0.015310680774441672,-0.017427901321573694,-0.007032367892545079,0
2022-09-22,2022-09-21,M0,Historical Simulation Benchmark,-0.03587240680779181,-0.06598540495071306,0.00513070157122368,0
2022-09-22,2022-09-21,M1,Heavy-Tail Marginals,-0.03120535648535165,-0.0420540994724748,0.00513070157122368,0
2022-09-22,2022-09-21,M2,Wavelet + Within-Scale,-0.014360266470731846,-0.016547871885764412,0.00513070157122368,0
2022-09-22,2022-09-21,M3,Full Cross-Scale Multiscale,-0.014684383816539755,-0.01757636822318162,0.00513070157122368,0
2022-09-23,2022-09-22,M0,Historical Simulation Benchmark,-0.03587240680779181,-0.06598540495071306,-0.018689355665438882,0
2022-09-23,2022-09-22,M1,Heavy-Tail Marginals,-0.03092333052104962,-0.040074188365506976,-0.018689355665438882,0
2022-09-23,2022-09-22,M2,Wavelet + Within-Scale,-0.013790158631975594,-0.01674732304632256,-0.018689355665438882,1
2022-09-23,2022-09-22,M3,Full Cross-Scale Multiscale,-0.015237688501497927,-0.017656251183732322,-0.018689355665438882,1
2022-09-26,2022-09-23,M0,Historical Simulation Benchmark,-0.03587240680779181,-0.06598540495071306,-0.015059682870677361,0
2022-09-26,2022-09-23,M1,Heavy-Tail Marginals,-0.035441254141791674,-0.041934314079076634,-0.015059682870677361,0
2022-09-26,2022-09-23,M2,Wavelet + Within-Scale,-0.014926535632524498,-0.01773107412068322,-0.015059682870677361,1
2022-09-26,2022-09-23,M3,Full Cross-Scale Multiscale,-0.01595218394209172,-0.019198085383733642,-0.015059682870677361,0
2022-09-27,2022-09-26,M0,Historical Simulation Benchmark,-0.03587240680779181,-0.06598540495071306,0.0011822308064281602,0
2022-09-27,2022-09-26,M1,Heavy-Tail Marginals,-0.034556596390047545,-0.0489820577750485,0.0011822308064281602,0
2022-09-27,2022-09-26,M2,Wavelet + Within-Scale,-0.0145658591131567,-0.01576438105260279,0.0011822308064281602,0
2022-09-27,2022-09-26,M3,Full Cross-Scale Multiscale,-0.015187031255455407,-0.018048740843236218,0.0011822308064281602,0
2022-09-28,2022-09-27,M0,Historical Simulation Benchmark,-0.03587240680779181,-0.06598540495071306,0.023990118087554264,0
2022-09-28,2022-09-27,M1,Heavy-Tail Marginals,-0.032781327435009756,-0.04110731057236937,0.023990118087554264,0
2022-09-28,2022-09-27,M2,Wavelet + Within-Scale,-0.012807529828614788,-0.015545497510028866,0.023990118087554264,0
2022-09-28,2022-09-27,M3,Full Cross-Scale Multiscale,-0.014331848517221137,-0.017298064097829483,0.023990118087554264,0
2022-09-29,2022-09-28,M0,Historical Simulation Benchmark,-0.03587240680779181,-0.06598540495071306,-0.0047685263630045,0
2022-09-29,2022-09-28,M1,Heavy-Tail Marginals,-0.030026485527540545,-0.03558494094339635,-0.0047685263630045,0
2022-09-29,2022-09-28,M2,Wavelet + Within-Scale,-0.015127138454111249,-0.017751811911235323,-0.0047685263630045,0
2022-09-29,2022-09-28,M3,Full Cross-Scale Multiscale,-0.01580046942917263,-0.01805477611593633,-0.0047685263630045,0
2022-09-30,2022-09-29,M0,Historical Simulation Benchmark,-0.03587240680779181,-0.06598540495071306,-0.00958647695709175,0
2022-09-30,2022-09-29,M1,Heavy-Tail Marginals,-0.03564373301500625,-0.04342640958712479,-0.00958647695709175,0
2022-09-30,2022-09-29,M2,Wavelet + Within-Scale,-0.014403136762339074,-0.01661649821927864,-0.00958647695709175,0
2022-09-30,2022-09-29,M3,Full Cross-Scale Multiscale,-0.016263683558626434,-0.018772815987786528,-0.00958647695709175,0
2022-10-03,2022-09-30,M0,Historical Simulation Benchmark,-0.03587240680779181,-0.06598540495071306,0.022180189914790063,0
2022-10-03,2022-09-30,M1,Heavy-Tail Marginals,-0.03272868534807564,-0.04164645060616182,0.022180189914790063,0
2022-10-03,2022-09-30,M2,Wavelet + Within-Scale,-0.015536749056191112,-0.01759002716895595,0.022180189914790063,0
2022-10-03,2022-09-30,M3,Full Cross-Scale Multiscale,-0.016211742356613424,-0.019050765722362382,0.022180189914790063,0
2022-10-04,2022-10-03,M0,Historical Simulation Benchmark,-0.03587240680779181,-0.06598540495071306,0.02342087506256176,0
2022-10-04,2022-10-03,M1,Heavy-Tail Marginals,-0.03630642790856731,-0.04742885680723297,0.02342087506256176,0
2022-10-04,2022-10-03,M2,Wavelet + Within-Scale,-0.015326546795798325,-0.01735282912766426,0.02342087506256176,0
2022-10-04,2022-10-03,M3,Full Cross-Scale Multiscale,-0.01583240444671709,-0.018475752962600293,0.02342087506256176,0
2022-10-05,2022-10-04,M0,Historical Simulation Benchmark,-0.03587240680779181,-0.06598540495071306,-0.0005507102003886406,0
2022-10-05,2022-10-04,M1,Heavy-Tail Marginals,-0.03364595909430416,-0.04374974316161974,-0.0005507102003886406,0
2022-10-05,2022-10-04,M2,Wavelet + Within-Scale,-0.015591183274638801,-0.017606317506353948,-0.0005507102003886406,0
2022-10-05,2022-10-04,M3,Full Cross-Scale Multiscale,-0.015689343375456983,-0.018742446492004225,-0.0005507102003886406,0
2022-10-06,2022-10-05,M0,Historical Simulation Benchmark,-0.03587240680779181,-0.06598540495071306,-0.00255272756293246,0
2022-10-06,2022-10-05,M1,Heavy-Tail Marginals,-0.03486762060965707,-0.05035027022168358,-0.00255272756293246,0
2022-10-06,2022-10-05,M2,Wavelet + Within-Scale,-0.014764585439900517,-0.017334081471199646,-0.00255272756293246,0
2022-10-06,2022-10-05,M3,Full Cross-Scale Multiscale,-0.015522856736733445,-0.017822858720736058,-0.00255272756293246,0
2022-10-07,2022-10-06,M0,Historical Simulation Benchmark,-0.03587240680779181,-0.06598540495071306,-0.007285503552835801,0
2022-10-07,2022-10-06,M1,Heavy-Tail Marginals,-0.03363528146915858,-0.04094629762456768,-0.007285503552835801,0
2022-10-07,2022-10-06,M2,Wavelet + Within-Scale,-0.014583150746134133,-0.01702233592693524,-0.007285503552835801,0
2022-10-07,2022-10-06,M3,Full Cross-Scale Multiscale,-0.016340321996267677,-0.01908890905136401,-0.007285503552835801,0
2022-10-10,2022-10-07,M0,Historical Simulation Benchmark,-0.03587240680779181,-0.06598540495071306,-0.013514054403151482,0
2022-10-10,2022-10-07,M1,Heavy-Tail Marginals,-0.03735136955824322,-0.05132843597114556,-0.013514054403151482,0
2022-10-10,2022-10-07,M2,Wavelet + Within-Scale,-0.014084018973799883,-0.016916334942180304,-0.013514054403151482,0
2022-10-10,2022-10-07,M3,Full Cross-Scale Multiscale,-0.01610233988272227,-0.01838332524380355,-0.013514054403151482,0
2022-10-11,2022-10-10,M0,Historical Simulation Benchmark,-0.03587240680779181,-0.06598540495071306,-0.0076994321351839395,0
2022-10-11,2022-10-10,M1,Heavy-Tail Marginals,-0.03117428418883918,-0.038348690579943924,-0.0076994321351839395,0
2022-10-11,2022-10-10,M2,Wavelet + Within-Scale,-0.015448905227576372,-0.017441148096771216,-0.0076994321351839395,0
2022-10-11,2022-10-10,M3,Full Cross-Scale Multiscale,-0.015553654736358268,-0.018134614530556807,-0.0076994321351839395,0
2022-10-12,2022-10-11,M0,Historical Simulation Benchmark,-0.03587240680779181,-0.06598540495071306,-0.00013042397151372034,0
2022-10-12,2022-10-11,M1,Heavy-Tail Marginals,-0.03568068891095104,-0.044824712208491685,-0.00013042397151372034,0
2022-10-12,2022-10-11,M2,Wavelet + Within-Scale,-0.014949710933182012,-0.017276834914732173,-0.00013042397151372034,0
2022-10-12,2022-10-11,M3,Full Cross-Scale Multiscale,-0.01678386768813064,-0.01990466813544156,-0.00013042397151372034,0
2022-10-13,2022-10-12,M0,Historical Simulation Benchmark,-0.03587240680779181,-0.06598540495071306,0.00975199562949052,0
2022-10-13,2022-10-12,M1,Heavy-Tail Marginals,-0.0339260881747254,-0.042776190751861974,0.00975199562949052,0
2022-10-13,2022-10-12,M2,Wavelet + Within-Scale,-0.015089605368768747,-0.017025308206192847,0.00975199562949052,0
2022-10-13,2022-10-12,M3,Full Cross-Scale Multiscale,-0.016060645893965785,-0.01888412752094215,0.00975199562949052,0
2022-10-14,2022-10-13,M0,Historical Simulation Benchmark,-0.03587240680779181,-0.06598540495071306,-0.01687306602332998,0
2022-10-14,2022-10-13,M1,Heavy-Tail Marginals,-0.031729371946385795,-0.04580501279081685,-0.01687306602332998,0
2022-10-14,2022-10-13,M2,Wavelet + Within-Scale,-0.015632226577200828,-0.018082789487937612,-0.01687306602332998,1
2022-10-14,2022-10-13,M3,Full Cross-Scale Multiscale,-0.015677032065128205,-0.018064800718801254,-0.01687306602332998,1
2022-10-17,2022-10-14,M0,Historical Simulation Benchmark,-0.03587240680779181,-0.06598540495071306,0.009517030461084241,0
2022-10-17,2022-10-14,M1,Heavy-Tail Marginals,-0.03747119099652072,-0.049366479224870766,0.009517030461084241,0
2022-10-17,2022-10-14,M2,Wavelet + Within-Scale,-0.016181108937718902,-0.018944550830043864,0.009517030461084241,0
2022-10-17,2022-10-14,M3,Full Cross-Scale Multiscale,-0.016300744678870608,-0.018775683130204456,0.009517030461084241,0
2022-10-18,2022-10-17,M0,Historical Simulation Benchmark,-0.03587240680779181,-0.06598540495071306,-0.0030718104302522404,0
2022-10-18,2022-10-17,M1,Heavy-Tail Marginals,-0.032118250310064884,-0.042420105137185776,-0.0030718104302522404,0
2022-10-18,2022-10-17,M2,Wavelet + Within-Scale,-0.014414842204942779,-0.016654676854553428,-0.0030718104302522404,0
2022-10-18,2022-10-17,M3,Full Cross-Scale Multiscale,-0.016479657991916762,-0.018710570930953966,-0.0030718104302522404,0
2022-10-19,2022-10-18,M0,Historical Simulation Benchmark,-0.03587240680779181,-0.06598540495071306,-0.004386307937441221,0
2022-10-19,2022-10-18,M1,Heavy-Tail Marginals,-0.03562941517628535,-0.043293201451033825,-0.004386307937441221,0
2022-10-19,2022-10-18,M2,Wavelet + Within-Scale,-0.014963712042811517,-0.017048430160767358,-0.004386307937441221,0
2022-10-19,2022-10-18,M3,Full Cross-Scale Multiscale,-0.01586736870328965,-0.017464152381816204,-0.004386307937441221,0
2022-10-20,2022-10-19,M0,Historical Simulation Benchmark,-0.03587240680779181,-0.06598540495071306,-0.0040009757918549405,0
2022-10-20,2022-10-19,M1,Heavy-Tail Marginals,-0.0354245444516952,-0.04654101273242046,-0.0040009757918549405,0
2022-10-20,2022-10-19,M2,Wavelet + Within-Scale,-0.01562124489108572,-0.01772553572279615,-0.0040009757918549405,0
2022-10-20,2022-10-19,M3,Full Cross-Scale Multiscale,-0.016021916296514598,-0.017947114447266238,-0.0040009757918549405,0
2022-10-21,2022-10-20,M0,Historical Simulation Benchmark,-0.03587240680779181,-0.06598540495071306,0.011138415831808302,0
2022-10-21,2022-10-20,M1,Heavy-Tail Marginals,-0.0374664342505448,-0.04613395996281009,0.011138415831808302,0
2022-10-21,2022-10-20,M2,Wavelet + Within-Scale,-0.01563468197427596,-0.018448410042320295,0.011138415831808302,0
2022-10-21,2022-10-20,M3,Full Cross-Scale Multiscale,-0.015261004842426127,-0.01796627662057089,0.011138415831808302,0
2022-10-24,2022-10-21,M0,Historical Simulation Benchmark,-0.03587240680779181,-0.06598540495071306,0.0027833475757337,0
2022-10-24,2022-10-21,M1,Heavy-Tail Marginals,-0.032023285626972,-0.04315933232759942,0.0027833475757337,0
2022-10-24,2022-10-21,M2,Wavelet + Within-Scale,-0.015763910250895363,-0.017401139903043168,0.0027833475757337,0
2022-10-24,2022-10-21,M3,Full Cross-Scale Multiscale,-0.015627245891650657,-0.0183021509063476,0.0027833475757337,0
2022-10-25,2022-10-24,M0,Historical Simulation Benchmark,-0.03587240680779181,-0.06598540495071306,0.014364798048659422,0
2022-10-25,2022-10-24,M1,Heavy-Tail Marginals,-0.02669573652172323,-0.03202883760535029,0.014364798048659422,0
2022-10-25,2022-10-24,M2,Wavelet + Within-Scale,-0.011119376001293323,-0.012647545614816813,0.014364798048659422,0
2022-10-25,2022-10-24,M3,Full Cross-Scale Multiscale,-0.01171675393543253,-0.012997208677824565,0.014364798048659422,0
2022-10-26,2022-10-25,M0,Historical Simulation Benchmark,-0.03587240680779181,-0.06598540495071306,0.01395160868608496,0
2022-10-26,2022-10-25,M1,Heavy-Tail Marginals,-0.02675666926695081,-0.036284719258211154,0.01395160868608496,0
2022-10-26,2022-10-25,M2,Wavelet + Within-Scale,-0.011353499723001195,-0.012795316961312104,0.01395160868608496,0
2022-10-26,2022-10-25,M3,Full Cross-Scale Multiscale,-0.011577333837187832,-0.013674001235628227,0.01395160868608496,0
2022-10-27,2022-10-26,M0,Historical Simulation Benchmark,-0.03587240680779181,-0.06598540495071306,-0.0029181473577477002,0
2022-10-27,2022-10-26,M1,Heavy-Tail Marginals,-0.030987993260205512,-0.039513322105124614,-0.0029181473577477002,0
2022-10-27,2022-10-26,M2,Wavelet + Within-Scale,-0.011098296671638017,-0.012476766057994316,-0.0029181473577477002,0
2022-10-27,2022-10-26,M3,Full Cross-Scale Multiscale,-0.011843582552606459,-0.013077954296935881,-0.0029181473577477002,0
2022-10-28,2022-10-27,M0,Historical Simulation Benchmark,-0.03587240680779181,-0.06598540495071306,0.002462512821233641,0
2022-10-28,2022-10-27,M1,Heavy-Tail Marginals,-0.02927436957671091,-0.03966759808526587,0.002462512821233641,0
2022-10-28,2022-10-27,M2,Wavelet + Within-Scale,-0.01148131320973564,-0.013361552546290257,0.002462512821233641,0
2022-10-28,2022-10-27,M3,Full Cross-Scale Multiscale,-0.012079280673936528,-0.0137650621143348,0.002462512821233641,0
2022-10-31,2022-10-28,M0,Historical Simulation Benchmark,-0.03587240680779181,-0.06598540495071306,-0.008541831473308321,0
2022-10-31,2022-10-28,M1,Heavy-Tail Marginals,-0.025592627782825783,-0.02993293904140907,-0.008541831473308321,0
2022-10-31,2022-10-28,M2,Wavelet + Within-Scale,-0.01142406061014678,-0.01362878074259794,-0.008541831473308321,0
2022-10-31,2022-10-28,M3,Full Cross-Scale Multiscale,-0.012055457793898532,-0.014124993466049987,-0.008541831473308321,0
2022-11-01,2022-10-31,M0,Historical Simulation Benchmark,-0.03587240680779181,-0.06598540495071306,0.00541162384573054,0
2022-11-01,2022-10-31,M1,Heavy-Tail Marginals,-0.02869815436358737,-0.03660713492430737,0.00541162384573054,0
2022-11-01,2022-10-31,M2,Wavelet + Within-Scale,-0.01127010376360386,-0.012639637817903568,0.00541162384573054,0
2022-11-01,2022-10-31,M3,Full Cross-Scale Multiscale,-0.01160200424833816,-0.01328208775088576,0.00541162384573054,0
2022-11-02,2022-11-01,M0,Historical Simulation Benchmark,-0.03587240680779181,-0.06598540495071306,-0.00742010825381342,0
2022-11-02,2022-11-01,M1,Heavy-Tail Marginals,-0.028755375046211385,-0.043288086756442336,-0.00742010825381342,0
2022-11-02,2022-11-01,M2,Wavelet + Within-Scale,-0.010903395463101597,-0.012826926715951236,-0.00742010825381342,0
2022-11-02,2022-11-01,M3,Full Cross-Scale Multiscale,-0.011048176746382579,-0.012508439674096322,-0.00742010825381342,0
2022-11-03,2022-11-02,M0,Historical Simulation Benchmark,-0.03587240680779181,-0.06598540495071306,-0.00535066399891076,0
2022-11-03,2022-11-02,M1,Heavy-Tail Marginals,-0.029544552041101013,-0.03669697504625998,-0.00535066399891076,0
2022-11-03,2022-11-02,M2,Wavelet + Within-Scale,-0.011002879445190988,-0.012982031212534583,-0.00535066399891076,0
2022-11-03,2022-11-02,M3,Full Cross-Scale Multiscale,-0.012029082112656627,-0.013706498261402056,-0.00535066399891076,0
2022-11-04,2022-11-03,M0,Historical Simulation Benchmark,-0.03587240680779181,-0.06598540495071306,0.02695189241484126,0
2022-11-04,2022-11-03,M1,Heavy-Tail Marginals,-0.028571586313690157,-0.0355041970351027,0.02695189241484126,0
2022-11-04,2022-11-03,M2,Wavelet + Within-Scale,-0.010496022979100414,-0.012693410164474908,0.02695189241484126,0
2022-11-04,2022-11-03,M3,Full Cross-Scale Multiscale,-0.012330458667335951,-0.014057488789785471,0.02695189241484126,0
2022-11-07,2022-11-04,M0,Historical Simulation Benchmark,-0.03587240680779181,-0.06598540495071306,-0.0054920987869511596,0
2022-11-07,2022-11-04,M1,Heavy-Tail Marginals,-0.02934275989323747,-0.034882681350288006,-0.0054920987869511596,0
2022-11-07,2022-11-04,M2,Wavelet + Within-Scale,-0.011700198192828602,-0.013374411970060309,-0.0054920987869511596,0
2022-11-07,2022-11-04,M3,Full Cross-Scale Multiscale,-0.012188094621345562,-0.01420837040317853,-0.0054920987869511596,0
2022-11-08,2022-11-07,M0,Historical Simulation Benchmark,-0.03587240680779181,-0.06598540495071306,-0.01965039073026438,0
2022-11-08,2022-11-07,M1,Heavy-Tail Marginals,-0.02823108761603809,-0.04054445590468779,-0.01965039073026438,0
2022-11-08,2022-11-07,M2,Wavelet + Within-Scale,-0.011067149728457945,-0.013363123844420894,-0.01965039073026438,1
2022-11-08,2022-11-07,M3,Full Cross-Scale Multiscale,-0.012125204152128255,-0.013379524877409463,-0.01965039073026438,1
2022-11-09,2022-11-08,M0,Historical Simulation Benchmark,-0.03587240680779181,-0.06598540495071306,-0.043130372986895565,1
2022-11-09,2022-11-08,M1,Heavy-Tail Marginals,-0.026865622743759865,-0.03497092870264677,-0.043130372986895565,1
2022-11-09,2022-11-08,M2,Wavelet + Within-Scale,-0.011676845810913616,-0.013112924042918906,-0.043130372986895565,1
2022-11-09,2022-11-08,M3,Full Cross-Scale Multiscale,-0.011774363856212621,-0.013274292269981789,-0.043130372986895565,1
2022-11-10,2022-11-09,M0,Historical Simulation Benchmark,-0.03587240680779181,-0.06598540495071306,0.04312773091565199,0
2022-11-10,2022-11-09,M1,Heavy-Tail Marginals,-0.03025122160756318,-0.03924359655331702,0.04312773091565199,0
2022-11-10,2022-11-09,M2,Wavelet + Within-Scale,-0.01209815282862241,-0.013634331452773523,0.04312773091565199,0
2022-11-10,2022-11-09,M3,Full Cross-Scale Multiscale,-0.011997514092205386,-0.014004623129017724,0.04312773091565199,0
2022-11-11,2022-11-10,M0,Historical Simulation Benchmark,-0.03587240680779181,-0.06598540495071306,0.0022817220448106794,0
2022-11-11,2022-11-10,M1,Heavy-Tail Marginals,-0.027399643415818957,-0.03771441742546025,0.0022817220448106794,0
2022-11-11,2022-11-10,M2,Wavelet + Within-Scale,-0.011577451665978887,-0.013008752763768509,0.0022817220448106794,0
2022-11-11,2022-11-10,M3,Full Cross-Scale Multiscale,-0.012757966455550036,-0.014316604112073143,0.0022817220448106794,0
2022-11-14,2022-11-11,M0,Historical Simulation Benchmark,-0.03587240680779181,-0.06598540495071306,-0.013451876655626301,0
2022-11-14,2022-11-11,M1,Heavy-Tail Marginals,-0.026797893662519404,-0.037856754545047916,-0.013451876655626301,0
2022-11-14,2022-11-11,M2,Wavelet + Within-Scale,-0.01144453978507268,-0.013330808231556366,-0.013451876655626301,1
2022-11-14,2022-11-11,M3,Full Cross-Scale Multiscale,-0.012332632790464454,-0.014683618291671363,-0.013451876655626301,1
2022-11-15,2022-11-14,M0,Historical Simulation Benchmark,-0.03587240680779181,-0.06598540495071306,0.010752259734717641,0
2022-11-15,2022-11-14,M1,Heavy-Tail Marginals,-0.030214711359409452,-0.041183871394484615,0.010752259734717641,0
2022-11-15,2022-11-14,M2,Wavelet + Within-Scale,-0.011133341183115044,-0.012505886661250298,0.010752259734717641,0
2022-11-15,2022-11-14,M3,Full Cross-Scale Multiscale,-0.011899384923520986,-0.013490134440033797,0.010752259734717641,0
2022-11-16,2022-11-15,M0,Historical Simulation Benchmark,-0.03587240680779181,-0.06598540495071306,-0.006420517260110741,0
2022-11-16,2022-11-15,M1,Heavy-Tail Marginals,-0.02695512998999648,-0.03622231411767325,-0.006420517260110741,0
2022-11-16,2022-11-15,M2,Wavelet + Within-Scale,-0.011276461374659843,-0.01319186988486284,-0.006420517260110741,0
2022-11-16,2022-11-15,M3,Full Cross-Scale Multiscale,-0.012317621892332771,-0.01415924824740183,-0.006420517260110741,0
2022-11-17,2022-11-16,M0,Historical Simulation Benchmark,-0.03587240680779181,-0.06598540495071306,-0.00856431106972286,0
2022-11-17,2022-11-16,M1,Heavy-Tail Marginals,-0.029988331830612863,-0.03678164555387088,-0.00856431106972286,0
2022-11-17,2022-11-16,M2,Wavelet + Within-Scale,-0.010998500790409706,-0.012626275202920239,-0.00856431106972286,0
2022-11-17,2022-11-16,M3,Full Cross-Scale Multiscale,-0.011619386645851474,-0.01313063950191502,-0.00856431106972286,0
2022-11-18,2022-11-17,M0,Historical Simulation Benchmark,-0.03587240680779181,-0.06598540495071306,-0.0042510063155221205,0
2022-11-18,2022-11-17,M1,Heavy-Tail Marginals,-0.029859809769505186,-0.03854345688565038,-0.0042510063155221205,0
2022-11-18,2022-11-17,M2,Wavelet + Within-Scale,-0.010977006426857918,-0.012645946703944455,-0.0042510063155221205,0
2022-11-18,2022-11-17,M3,Full Cross-Scale Multiscale,-0.012135931379248104,-0.01376544378570197,-0.0042510063155221205,0
2022-11-21,2022-11-18,M0,Historical Simulation Benchmark,-0.03587240680779181,-0.06598540495071306,-0.01318876245878452,0
2022-11-21,2022-11-18,M1,Heavy-Tail Marginals,-0.03076443763970544,-0.038938963685071146,-0.01318876245878452,0
2022-11-21,2022-11-18,M2,Wavelet + Within-Scale,-0.01072280728725134,-0.012411215061434977,-0.01318876245878452,1
2022-11-21,2022-11-18,M3,Full Cross-Scale Multiscale,-0.011319425630452339,-0.012536131167443213,-0.01318876245878452,1
2022-11-22,2022-11-21,M0,Historical Simulation Benchmark,-0.03587240680779181,-0.06598540495071306,0.011818436109450842,0
2022-11-22,2022-11-21,M1,Heavy-Tail Marginals,-0.026895442470938558,-0.03749572874167997,0.011818436109450842,0
2022-11-22,2022-11-21,M2,Wavelet + Within-Scale,-0.011364818452901257,-0.012962896910265276,0.011818436109450842,0
2022-11-22,2022-11-21,M3,Full Cross-Scale Multiscale,-0.010808953473490295,-0.013425785464893106,0.011818436109450842,0
2022-11-23,2022-11-22,M0,Historical Simulation Benchmark,-0.03587574320083351,-0.06663215103535834,0.0012227689678911205,0
2022-11-23,2022-11-22,M1,Heavy-Tail Marginals,-0.03108002449668257,-0.046804795355332496,0.0012227689678911205,0
2022-11-23,2022-11-22,M2,Wavelet + Within-Scale,-0.014931969290854798,-0.01723861570589698,0.0012227689678911205,0
2022-11-23,2022-11-22,M3,Full Cross-Scale Multiscale,-0.015559955353086324,-0.018410942597682244,0.0012227689678911205,0
2022-11-25,2022-11-23,M0,Historical Simulation Benchmark,-0.03587574320083351,-0.06663215103535834,-0.0023474003682400603,0
2022-11-25,2022-11-23,M1,Heavy-Tail Marginals,-0.03299662916092927,-0.043359255018049554,-0.0023474003682400603,0
2022-11-25,2022-11-23,M2,Wavelet + Within-Scale,-0.014374267752579642,-0.01690299234329556,-0.0023474003682400603,0
2022-11-25,2022-11-23,M3,Full Cross-Scale Multiscale,-0.014867123595290507,-0.01695410379131908,-0.0023474003682400603,0
2022-11-28,2022-11-25,M0,Historical Simulation Benchmark,-0.03587574320083351,-0.06663215103535834,-0.00868145543934204,0
2022-11-28,2022-11-25,M1,Heavy-Tail Marginals,-0.031118229621723708,-0.04048477505771818,-0.00868145543934204,0
2022-11-28,2022-11-25,M2,Wavelet + Within-Scale,-0.014164697989892753,-0.01614829567253303,-0.00868145543934204,0
2022-11-28,2022-11-25,M3,Full Cross-Scale Multiscale,-0.014816908000776587,-0.01692623143190989,-0.00868145543934204,0
2022-11-29,2022-11-28,M0,Historical Simulation Benchmark,-0.03587574320083351,-0.06663215103535834,0.00690325671139504,0
2022-11-29,2022-11-28,M1,Heavy-Tail Marginals,-0.03180660744733925,-0.049004547790715405,0.00690325671139504,0
2022-11-29,2022-11-28,M2,Wavelet + Within-Scale,-0.014479173239829154,-0.016418368863663834,0.00690325671139504,0
2022-11-29,2022-11-28,M3,Full Cross-Scale Multiscale,-0.016041797475647615,-0.019308075787035042,0.00690325671139504,0
2022-11-30,2022-11-29,M0,Historical Simulation Benchmark,-0.03587574320083351,-0.06663215103535834,0.024601655135295823,0
2022-11-30,2022-11-29,M1,Heavy-Tail Marginals,-0.03161381203188381,-0.04311156146302374,0.024601655135295823,0
2022-11-30,2022-11-29,M2,Wavelet + Within-Scale,-0.015400860338001114,-0.017727546821622135,0.024601655135295823,0
2022-11-30,2022-11-29,M3,Full Cross-Scale Multiscale,-0.014717144422312282,-0.016974047019194815,0.024601655135295823,0
2022-12-01,2022-11-30,M0,Historical Simulation Benchmark,-0.03587574320083351,-0.06663215103535834,0.00393411928648376,0
2022-12-01,2022-11-30,M1,Heavy-Tail Marginals,-0.030800541589093604,-0.04098661552552173,0.00393411928648376,0
2022-12-01,2022-11-30,M2,Wavelet + Within-Scale,-0.014705939283965717,-0.016988253790289655,0.00393411928648376,0
2022-12-01,2022-11-30,M3,Full Cross-Scale Multiscale,-0.015317525075711328,-0.017526937276320993,0.00393411928648376,0
2022-12-02,2022-12-01,M0,Historical Simulation Benchmark,-0.03587574320083351,-0.06663215103535834,-0.0008294153172631797,0
2022-12-02,2022-12-01,M1,Heavy-Tail Marginals,-0.03372837982047412,-0.04481001002387476,-0.0008294153172631797,0
2022-12-02,2022-12-01,M2,Wavelet + Within-Scale,-0.014278154106487986,-0.01612806680410698,-0.0008294153172631797,0
2022-12-02,2022-12-01,M3,Full Cross-Scale Multiscale,-0.01477236946149173,-0.016628403687902967,-0.0008294153172631797,0
2022-12-05,2022-12-02,M0,Historical Simulation Benchmark,-0.03587574320083351,-0.06663215103535834,-0.016630999831769702,0
2022-12-05,2022-12-02,M1,Heavy-Tail Marginals,-0.03257301379207907,-0.04325409761043689,-0.016630999831769702,0
2022-12-05,2022-12-02,M2,Wavelet + Within-Scale,-0.013573700965737552,-0.016095087485221267,-0.016630999831769702,1
2022-12-05,2022-12-02,M3,Full Cross-Scale Multiscale,-0.01563530526435204,-0.018219248050152535,-0.016630999831769702,1
2022-12-06,2022-12-05,M0,Historical Simulation Benchmark,-0.03587574320083351,-0.06663215103535834,-0.007278377105439441,0
2022-12-06,2022-12-05,M1,Heavy-Tail Marginals,-0.030922612937749484,-0.04169408625232106,-0.007278377105439441,0
2022-12-06,2022-12-05,M2,Wavelet + Within-Scale,-0.013473412137177228,-0.015758605686279466,-0.007278377105439441,0
2022-12-06,2022-12-05,M3,Full Cross-Scale Multiscale,-0.015505773148957597,-0.01756136211022983,-0.007278377105439441,0
2022-12-07,2022-12-06,M0,Historical Simulation Benchmark,-0.03587574320083351,-0.06663215103535834,-0.004547237007012761,0
2022-12-07,2022-12-06,M1,Heavy-Tail Marginals,-0.03279397284974364,-0.04032310515102705,-0.004547237007012761,0
2022-12-07,2022-12-06,M2,Wavelet + Within-Scale,-0.013786138675021434,-0.016172059532544622,-0.004547237007012761,0
2022-12-07,2022-12-06,M3,Full Cross-Scale Multiscale,-0.014683257016439761,-0.016952799795309937,-0.004547237007012761,0
2022-12-08,2022-12-07,M0,Historical Simulation Benchmark,-0.03587574320083351,-0.06663215103535834,0.00214311784350752,0
2022-12-08,2022-12-07,M1,Heavy-Tail Marginals,-0.033036946627436725,-0.042511309625321084,0.00214311784350752,0
2022-12-08,2022-12-07,M2,Wavelet + Within-Scale,-0.015827637936888937,-0.017695058195544476,0.00214311784350752,0
2022-12-08,2022-12-07,M3,Full Cross-Scale Multiscale,-0.01631337433997847,-0.01891544314178754,0.00214311784350752,0
2022-12-09,2022-12-08,M0,Historical Simulation Benchmark,-0.03587574320083351,-0.06663215103535834,-0.0030002523838817403,0
2022-12-09,2022-12-08,M1,Heavy-Tail Marginals,-0.03600264470921208,-0.04627791763073953,-0.0030002523838817403,0
2022-12-09,2022-12-08,M2,Wavelet + Within-Scale,-0.015437258456920082,-0.01799648597163484,-0.0030002523838817403,0
2022-12-09,2022-12-08,M3,Full Cross-Scale Multiscale,-0.015655168577846292,-0.018261988759799182,-0.0030002523838817403,0
2022-12-12,2022-12-09,M0,Historical Simulation Benchmark,-0.03587574320083351,-0.06663215103535834,0.006674777172947101,0
2022-12-12,2022-12-09,M1,Heavy-Tail Marginals,-0.03352208444204102,-0.04857038161496498,0.006674777172947101,0
2022-12-12,2022-12-09,M2,Wavelet + Within-Scale,-0.014333650183806904,-0.017642266113507436,0.006674777172947101,0
2022-12-12,2022-12-09,M3,Full Cross-Scale Multiscale,-0.01469234495893125,-0.017637977349243546,0.006674777172947101,0
2022-12-13,2022-12-12,M0,Historical Simulation Benchmark,-0.03587574320083351,-0.06663215103535834,0.01771418480539124,0
2022-12-13,2022-12-12,M1,Heavy-Tail Marginals,-0.03349930390929448,-0.04382005357719733,0.01771418480539124,0
2022-12-13,2022-12-12,M2,Wavelet + Within-Scale,-0.014180025381505411,-0.016251999405826032,0.01771418480539124,0
2022-12-13,2022-12-12,M3,Full Cross-Scale Multiscale,-0.015086685418669078,-0.017846904118805018,0.01771418480539124,0
2022-12-14,2022-12-13,M0,Historical Simulation Benchmark,-0.03587574320083351,-0.06663215103535834,0.003666876398362,0
2022-12-14,2022-12-13,M1,Heavy-Tail Marginals,-0.03197147829111351,-0.041961763781543135,0.003666876398362,0
2022-12-14,2022-12-13,M2,Wavelet + Within-Scale,-0.014014212703589539,-0.0168577346406395,0.003666876398362,0
2022-12-14,2022-12-13,M3,Full Cross-Scale Multiscale,-0.015489361771958258,-0.018287051159189237,0.003666876398362,0
2022-12-15,2022-12-14,M0,Historical Simulation Benchmark,-0.03587574320083351,-0.06663215103535834,-0.01661421477313826,0
2022-12-15,2022-12-14,M1,Heavy-Tail Marginals,-0.03177785564533336,-0.04663523014981664,-0.01661421477313826,0
2022-12-15,2022-12-14,M2,Wavelet + Within-Scale,-0.014206636667101457,-0.01704181454356731,-0.01661421477313826,1
2022-12-15,2022-12-14,M3,Full Cross-Scale Multiscale,-0.015067019534822418,-0.017482566094528314,-0.01661421477313826,1
2022-12-16,2022-12-15,M0,Historical Simulation Benchmark,-0.03587574320083351,-0.06663215103535834,-0.01340104082808106,0
2022-12-16,2022-12-15,M1,Heavy-Tail Marginals,-0.03242075131506535,-0.045117728750068184,-0.01340104082808106,0
2022-12-16,2022-12-15,M2,Wavelet + Within-Scale,-0.014702945946507753,-0.017071589950433844,-0.01340104082808106,0
2022-12-16,2022-12-15,M3,Full Cross-Scale Multiscale,-0.015048287915732636,-0.017372642302693527,-0.01340104082808106,0
2022-12-19,2022-12-16,M0,Historical Simulation Benchmark,-0.03587574320083351,-0.06663215103535834,-0.00283545713454856,0
2022-12-19,2022-12-16,M1,Heavy-Tail Marginals,-0.033484659377049975,-0.044124960291578905,-0.00283545713454856,0
2022-12-19,2022-12-16,M2,Wavelet + Within-Scale,-0.014383309848534255,-0.01550024525022239,-0.00283545713454856,0
2022-12-19,2022-12-16,M3,Full Cross-Scale Multiscale,-0.015508011472586462,-0.01712250524540947,-0.00283545713454856,0
2022-12-20,2022-12-19,M0,Historical Simulation Benchmark,-0.03587574320083351,-0.06663215103535834,0.008159325151599919,0
2022-12-20,2022-12-19,M1,Heavy-Tail Marginals,-0.03224049876658241,-0.043452021926826914,0.008159325151599919,0
2022-12-20,2022-12-19,M2,Wavelet + Within-Scale,-0.014332480956987775,-0.015998554951025278,0.008159325151599919,0
2022-12-20,2022-12-19,M3,Full Cross-Scale Multiscale,-0.014985224914892382,-0.01723898587077171,0.008159325151599919,0
2022-12-21,2022-12-20,M0,Historical Simulation Benchmark,-0.03587574320083351,-0.06663215103535834,0.007312470514067359,0
2022-12-21,2022-12-20,M1,Heavy-Tail Marginals,-0.03329139684862087,-0.03887093256511053,0.007312470514067359,0
2022-12-21,2022-12-20,M2,Wavelet + Within-Scale,-0.014344740672043,-0.016490515190207174,0.007312470514067359,0
2022-12-21,2022-12-20,M3,Full Cross-Scale Multiscale,-0.014875503103037698,-0.01733898119565419,0.007312470514067359,0
2022-12-22,2022-12-21,M0,Historical Simulation Benchmark,-0.03587574320083351,-0.06663215103535834,-0.006275734477597401,0
2022-12-22,2022-12-21,M1,Heavy-Tail Marginals,-0.0339171523620459,-0.04370461898968416,-0.006275734477597401,0
2022-12-22,2022-12-21,M2,Wavelet + Within-Scale,-0.01446036446733619,-0.016863861959187314,-0.006275734477597401,0
2022-12-22,2022-12-21,M3,Full Cross-Scale Multiscale,-0.015236089851552637,-0.01737244804557525,-0.006275734477597401,0
2022-12-23,2022-12-22,M0,Historical Simulation Benchmark,-0.03587574320083351,-0.06663215103535834,0.0051706565955768205,0
2022-12-23,2022-12-22,M1,Heavy-Tail Marginals,-0.032225003066672975,-0.04281858367776757,0.0051706565955768205,0
2022-12-23,2022-12-22,M2,Wavelet + Within-Scale,-0.013733107814303251,-0.015792584468299405,0.0051706565955768205,0
2022-12-23,2022-12-22,M3,Full Cross-Scale Multiscale,-0.015014231327940837,-0.016868496970992568,0.0051706565955768205,0
2022-12-27,2022-12-23,M0,Historical Simulation Benchmark,-0.03587574320083351,-0.06663215103535834,-0.0011400240463458,0
2022-12-27,2022-12-23,M1,Heavy-Tail Marginals,-0.03156796535902775,-0.04090926844011234,-0.0011400240463458,0
2022-12-27,2022-12-23,M2,Wavelet + Within-Scale,-0.014501014828260599,-0.01663720211245111,-0.0011400240463458,0
2022-12-27,2022-12-23,M3,Full Cross-Scale Multiscale,-0.014959932642340076,-0.016621693971479366,-0.0011400240463458,0
2022-12-28,2022-12-27,M0,Historical Simulation Benchmark,-0.03587574320083351,-0.06663215103535834,-0.008614787860810779,0
2022-12-28,2022-12-27,M1,Heavy-Tail Marginals,-0.02865284531972011,-0.03795456594024742,-0.008614787860810779,0
2022-12-28,2022-12-27,M2,Wavelet + Within-Scale,-0.013597533048953751,-0.015846339291039513,-0.008614787860810779,0
2022-12-28,2022-12-27,M3,Full Cross-Scale Multiscale,-0.014689822755739114,-0.01614073318169036,-0.008614787860810779,0
2022-12-29,2022-12-28,M0,Historical Simulation Benchmark,-0.03587574320083351,-0.06663215103535834,0.006600089541359061,0
2022-12-29,2022-12-28,M1,Heavy-Tail Marginals,-0.028892912825849444,-0.038998293571221046,0.006600089541359061,0
2022-12-29,2022-12-28,M2,Wavelet + Within-Scale,-0.014233706204273512,-0.015953796861523817,0.006600089541359061,0
2022-12-29,2022-12-28,M3,Full Cross-Scale Multiscale,-0.0136617072492077,-0.01635228781177405,0.006600089541359061,0
2022-12-30,2022-12-29,M0,Historical Simulation Benchmark,-0.03587574320083351,-0.06663215103535834,0.00365291544759028,0
2022-12-30,2022-12-29,M1,Heavy-Tail Marginals,-0.028230209283862124,-0.03860888022950827,0.00365291544759028,0
2022-12-30,2022-12-29,M2,Wavelet + Within-Scale,-0.014396724583841811,-0.016543284243134625,0.00365291544759028,0
2022-12-30,2022-12-29,M3,Full Cross-Scale Multiscale,-0.014510833988401304,-0.017173516171170376,0.00365291544759028,0
2023-01-03,2022-12-30,M0,Historical Simulation Benchmark,-0.03587574320083351,-0.06663215103535834,-0.0038609742704891403,0
2023-01-03,2022-12-30,M1,Heavy-Tail Marginals,-0.029710398207937735,-0.036504548515445726,-0.0038609742704891403,0
2023-01-03,2022-12-30,M2,Wavelet + Within-Scale,-0.013672134866236115,-0.016497896333873024,-0.0038609742704891403,0
2023-01-03,2022-12-30,M3,Full Cross-Scale Multiscale,-0.014685372086504014,-0.016601211157138224,-0.0038609742704891403,0
2023-01-04,2023-01-03,M0,Historical Simulation Benchmark,-0.03587574320083351,-0.06663215103535834,-0.0030022499465096005,0
2023-01-04,2023-01-03,M1,Heavy-Tail Marginals,-0.02790629754609188,-0.03523287029453712,-0.0030022499465096005,0
2023-01-04,2023-01-03,M2,Wavelet + Within-Scale,-0.01247834178780821,-0.014463184738899562,-0.0030022499465096005,0
2023-01-04,2023-01-03,M3,Full Cross-Scale Multiscale,-0.014290443438332204,-0.015924874589317677,-0.0030022499465096005,0
2023-01-05,2023-01-04,M0,Historical Simulation Benchmark,-0.03587574320083351,-0.06663215103535834,-0.0039168523341689,0
2023-01-05,2023-01-04,M1,Heavy-Tail Marginals,-0.030435435806621183,-0.03906317397213636,-0.0039168523341689,0
2023-01-05,2023-01-04,M2,Wavelet + Within-Scale,-0.014038982596987189,-0.015669082113041778,-0.0039168523341689,0
2023-01-05,2023-01-04,M3,Full Cross-Scale Multiscale,-0.01540468181679013,-0.017399607097892466,-0.0039168523341689,0
2023-01-06,2023-01-05,M0,Historical Simulation Benchmark,-0.03587574320083351,-0.06663215103535834,0.01231750447974546,0
2023-01-06,2023-01-05,M1,Heavy-Tail Marginals,-0.029947065873984616,-0.03705175437691325,0.01231750447974546,0
2023-01-06,2023-01-05,M2,Wavelet + Within-Scale,-0.0148701587229304,-0.0169858427634035,0.01231750447974546,0
2023-01-06,2023-01-05,M3,Full Cross-Scale Multiscale,-0.014507158438509752,-0.017569208948547327,0.01231750447974546,0
2023-01-09,2023-01-06,M0,Historical Simulation Benchmark,-0.03587574320083351,-0.06663215103535834,0.00692102869814702,0
2023-01-09,2023-01-06,M1,Heavy-Tail Marginals,-0.027742643641447906,-0.03845365277604405,0.00692102869814702,0
2023-01-09,2023-01-06,M2,Wavelet + Within-Scale,-0.013028383766146083,-0.015024708017507975,0.00692102869814702,0
2023-01-09,2023-01-06,M3,Full Cross-Scale Multiscale,-0.014973713276004623,-0.01651978332160637,0.00692102869814702,0
2023-01-10,2023-01-09,M0,Historical Simulation Benchmark,-0.03587574320083351,-0.06663215103535834,0.00381467319534238,0
2023-01-10,2023-01-09,M1,Heavy-Tail Marginals,-0.027659238383365585,-0.03757345502238232,0.00381467319534238,0
2023-01-10,2023-01-09,M2,Wavelet + Within-Scale,-0.013603034895173687,-0.015801336805339527,0.00381467319534238,0
2023-01-10,2023-01-09,M3,Full Cross-Scale Multiscale,-0.014778676075344378,-0.017917915700893627,0.00381467319534238,0
2023-01-11,2023-01-10,M0,Historical Simulation Benchmark,-0.03587574320083351,-0.06663215103535834,0.01560285479563948,0
2023-01-11,2023-01-10,M1,Heavy-Tail Marginals,-0.03077913433589961,-0.041440981008221245,0.01560285479563948,0
2023-01-11,2023-01-10,M2,Wavelet + Within-Scale,-0.013717000902530072,-0.015418621062272592,0.01560285479563948,0
2023-01-11,2023-01-10,M3,Full Cross-Scale Multiscale,-0.015121957494788977,-0.017032764888498957,0.01560285479563948,0
2023-01-12,2023-01-11,M0,Historical Simulation Benchmark,-0.03587574320083351,-0.06663215103535834,0.016603254279114,0
2023-01-12,2023-01-11,M1,Heavy-Tail Marginals,-0.030191002320898084,-0.04314549908134242,0.016603254279114,0
2023-01-12,2023-01-11,M2,Wavelet + Within-Scale,-0.013420859680501582,-0.0162615286598425,0.016603254279114,0
2023-01-12,2023-01-11,M3,Full Cross-Scale Multiscale,-0.015834258233641423,-0.018448717420758855,0.016603254279114,0
2023-01-13,2023-01-12,M0,Historical Simulation Benchmark,-0.03587574320083351,-0.06663215103535834,0.01697647905949072,0
2023-01-13,2023-01-12,M1,Heavy-Tail Marginals,-0.0310664464746877,-0.03876145844586824,0.01697647905949072,0
2023-01-13,2023-01-12,M2,Wavelet + Within-Scale,-0.013755111006309176,-0.01504453339968329,0.01697647905949072,0
2023-01-13,2023-01-12,M3,Full Cross-Scale Multiscale,-0.015137366106736376,-0.017313812030825094,0.01697647905949072,0
2023-01-17,2023-01-13,M0,Historical Simulation Benchmark,-0.03587574320083351,-0.06663215103535834,0.0121888479372141,0
2023-01-17,2023-01-13,M1,Heavy-Tail Marginals,-0.03056738797070579,-0.04050381152169075,0.0121888479372141,0
2023-01-17,2023-01-13,M2,Wavelet + Within-Scale,-0.014141322966993672,-0.01622831390291566,0.0121888479372141,0
2023-01-17,2023-01-13,M3,Full Cross-Scale Multiscale,-0.01487424697876622,-0.01674868969693971,0.0121888479372141,0
2023-01-18,2023-01-17,M0,Historical Simulation Benchmark,-0.03587574320083351,-0.06663215103535834,-0.00942608291758582,0
2023-01-18,2023-01-17,M1,Heavy-Tail Marginals,-0.03054341286141034,-0.03909275933327537,-0.00942608291758582,0
2023-01-18,2023-01-17,M2,Wavelet + Within-Scale,-0.013133953470624144,-0.015358140755770671,-0.00942608291758582,0
2023-01-18,2023-01-17,M3,Full Cross-Scale Multiscale,-0.014597742934382868,-0.016690813043537124,-0.00942608291758582,0
2023-01-19,2023-01-18,M0,Historical Simulation Benchmark,-0.03587574320083351,-0.06663215103535834,0.00820185052827912,0
2023-01-19,2023-01-18,M1,Heavy-Tail Marginals,-0.0298259290139867,-0.038075715289458946,0.00820185052827912,0
2023-01-19,2023-01-18,M2,Wavelet + Within-Scale,-0.01397147041580637,-0.016278526632968176,0.00820185052827912,0
2023-01-19,2023-01-18,M3,Full Cross-Scale Multiscale,-0.014500110316974055,-0.015990357554556404,0.00820185052827912,0
2023-01-20,2023-01-19,M0,Historical Simulation Benchmark,-0.03587574320083351,-0.06663215103535834,0.01893521452944014,0
2023-01-20,2023-01-19,M1,Heavy-Tail Marginals,-0.028043778673510645,-0.035199072305174696,0.01893521452944014,0
2023-01-20,2023-01-19,M2,Wavelet + Within-Scale,-0.013147970181900939,-0.015058973327531385,0.01893521452944014,0
2023-01-20,2023-01-19,M3,Full Cross-Scale Multiscale,-0.014851887844993722,-0.017109553447955447,0.01893521452944014,0
2023-01-23,2023-01-20,M0,Historical Simulation Benchmark,-0.03587574320083351,-0.06663215103535834,0.00423974635320154,0
2023-01-23,2023-01-20,M1,Heavy-Tail Marginals,-0.027012631900445144,-0.03734459548751484,0.00423974635320154,0
2023-01-23,2023-01-20,M2,Wavelet + Within-Scale,-0.013402239899890233,-0.015559240372169134,0.00423974635320154,0
2023-01-23,2023-01-20,M3,Full Cross-Scale Multiscale,-0.014570692722347607,-0.017577274127261948,0.00423974635320154,0
2023-01-24,2023-01-23,M0,Historical Simulation Benchmark,-0.03587574320083351,-0.06663215103535834,-0.0045707376978936605,0
2023-01-24,2023-01-23,M1,Heavy-Tail Marginals,-0.028661091435265632,-0.03717116021608673,-0.0045707376978936605,0
2023-01-24,2023-01-23,M2,Wavelet + Within-Scale,-0.014435314797847298,-0.016088577089054472,-0.0045707376978936605,0
2023-01-24,2023-01-23,M3,Full Cross-Scale Multiscale,-0.014473778190424499,-0.016235250367261318,-0.0045707376978936605,0
2023-01-25,2023-01-24,M0,Historical Simulation Benchmark,-0.03587574320083351,-0.06663215103535834,0.00624765746070752,0
2023-01-25,2023-01-24,M1,Heavy-Tail Marginals,-0.031131562026864436,-0.041644691280783575,0.00624765746070752,0
2023-01-25,2023-01-24,M2,Wavelet + Within-Scale,-0.01377791945219373,-0.015627980648909932,0.00624765746070752,0
2023-01-25,2023-01-24,M3,Full Cross-Scale Multiscale,-0.014894334363691107,-0.016565771338029854,0.00624765746070752,0
2023-01-26,2023-01-25,M0,Historical Simulation Benchmark,-0.03587574320083351,-0.06663215103535834,9.250174666023986e-05,0
2023-01-26,2023-01-25,M1,Heavy-Tail Marginals,-0.028177630978541247,-0.034904666115622096,9.250174666023986e-05,0
2023-01-26,2023-01-25,M2,Wavelet + Within-Scale,-0.013441283220321839,-0.015438105170444211,9.250174666023986e-05,0
2023-01-26,2023-01-25,M3,Full Cross-Scale Multiscale,-0.014125599353275162,-0.01685072088616636,9.250174666023986e-05,0
2023-01-27,2023-01-26,M0,Historical Simulation Benchmark,-0.03587574320083351,-0.06663215103535834,-0.0037973463756996195,0
2023-01-27,2023-01-26,M1,Heavy-Tail Marginals,-0.03131484737928825,-0.043268466754401755,-0.0037973463756996195,0
2023-01-27,2023-01-26,M2,Wavelet + Within-Scale,-0.013745331714477607,-0.01573193654912876,-0.0037973463756996195,0
2023-01-27,2023-01-26,M3,Full Cross-Scale Multiscale,-0.014197841826872917,-0.016761821634056265,-0.0037973463756996195,0
2023-01-30,2023-01-27,M0,Historical Simulation Benchmark,-0.03587574320083351,-0.06663215103535834,-0.009814635017948,0
2023-01-30,2023-01-27,M1,Heavy-Tail Marginals,-0.02832039362776523,-0.03475212418115535,-0.009814635017948,0
2023-01-30,2023-01-27,M2,Wavelet + Within-Scale,-0.01355013196679842,-0.015966542879997943,-0.009814635017948,0
2023-01-30,2023-01-27,M3,Full Cross-Scale Multiscale,-0.01387671991177883,-0.015942312811936945,-0.009814635017948,0
2023-01-31,2023-01-30,M0,Historical Simulation Benchmark,-0.03587574320083351,-0.06663215103535834,0.0108094191703605,0
2023-01-31,2023-01-30,M1,Heavy-Tail Marginals,-0.02787385945736007,-0.04001031494714379,0.0108094191703605,0
2023-01-31,2023-01-30,M2,Wavelet + Within-Scale,-0.01426896539249766,-0.01627723496570401,0.0108094191703605,0
2023-01-31,2023-01-30,M3,Full Cross-Scale Multiscale,-0.014578738731544461,-0.01779918961808929,0.0108094191703605,0
2023-02-01,2023-01-31,M0,Historical Simulation Benchmark,-0.03587574320083351,-0.06663215103535834,0.005303960879109761,0
2023-02-01,2023-01-31,M1,Heavy-Tail Marginals,-0.029543345602275336,-0.03976666545696777,0.005303960879109761,0
2023-02-01,2023-01-31,M2,Wavelet + Within-Scale,-0.013003417721093567,-0.015245042866557234,0.005303960879109761,0
2023-02-01,2023-01-31,M3,Full Cross-Scale Multiscale,-0.01419348039762371,-0.016687633657374884,0.005303960879109761,0
2023-02-02,2023-02-01,M0,Historical Simulation Benchmark,-0.03587574320083351,-0.06663215103535834,-0.005878237992538221,0
2023-02-02,2023-02-01,M1,Heavy-Tail Marginals,-0.028415192145628487,-0.03603335007478555,-0.005878237992538221,0
2023-02-02,2023-02-01,M2,Wavelet + Within-Scale,-0.013345873262179767,-0.016084778298599476,-0.005878237992538221,0
2023-02-02,2023-02-01,M3,Full Cross-Scale Multiscale,-0.012863648338893726,-0.016803842639108387,-0.005878237992538221,0
2023-02-03,2023-02-02,M0,Historical Simulation Benchmark,-0.03587574320083351,-0.06663215103535834,-0.01617117633084248,0
2023-02-03,2023-02-02,M1,Heavy-Tail Marginals,-0.028253932982602172,-0.042298080930730196,-0.01617117633084248,0
2023-02-03,2023-02-02,M2,Wavelet + Within-Scale,-0.012312145606019651,-0.014638850889787202,-0.01617117633084248,1
2023-02-03,2023-02-02,M3,Full Cross-Scale Multiscale,-0.014309050773286765,-0.01608305638531505,-0.01617117633084248,1
2023-02-06,2023-02-03,M0,Historical Simulation Benchmark,-0.03587574320083351,-0.06663215103535834,-0.0051221128119834005,0
2023-02-06,2023-02-03,M1,Heavy-Tail Marginals,-0.028907943226144307,-0.03824784911624089,-0.0051221128119834005,0
2023-02-06,2023-02-03,M2,Wavelet + Within-Scale,-0.01344151168095783,-0.01516462435395698,-0.0051221128119834005,0
2023-02-06,2023-02-03,M3,Full Cross-Scale Multiscale,-0.013821163518771058,-0.015636691797459752,-0.0051221128119834005,0
2023-02-07,2023-02-06,M0,Historical Simulation Benchmark,-0.03587574320083351,-0.06663215103535834,0.013457590020169118,0
2023-02-07,2023-02-06,M1,Heavy-Tail Marginals,-0.029538747653795105,-0.040401500460502594,0.013457590020169118,0
2023-02-07,2023-02-06,M2,Wavelet + Within-Scale,-0.013382280333511333,-0.016499833587111996,0.013457590020169118,0
2023-02-07,2023-02-06,M3,Full Cross-Scale Multiscale,-0.01457192690810819,-0.017948570559241192,0.013457590020169118,0
2023-02-08,2023-02-07,M0,Historical Simulation Benchmark,-0.03587574320083351,-0.06663215103535834,-0.00108384043679584,0
2023-02-08,2023-02-07,M1,Heavy-Tail Marginals,-0.02891357589652798,-0.0460771579673188,-0.00108384043679584,0
2023-02-08,2023-02-07,M2,Wavelet + Within-Scale,-0.013401053634422557,-0.015674180812941512,-0.00108384043679584,0
2023-02-08,2023-02-07,M3,Full Cross-Scale Multiscale,-0.013803103252752935,-0.016203809218859003,-0.00108384043679584,0
2023-02-09,2023-02-08,M0,Historical Simulation Benchmark,-0.03587574320083351,-0.06663215103535834,-0.01647140895326592,0
2023-02-09,2023-02-08,M1,Heavy-Tail Marginals,-0.030702276359187024,-0.03818645679793149,-0.01647140895326592,0
2023-02-09,2023-02-08,M2,Wavelet + Within-Scale,-0.013105454435614151,-0.015332269610945568,-0.01647140895326592,1
2023-02-09,2023-02-08,M3,Full Cross-Scale Multiscale,-0.01382401883752572,-0.017174691078951733,-0.01647140895326592,1
2023-02-10,2023-02-09,M0,Historical Simulation Benchmark,-0.03587574320083351,-0.06663215103535834,0.00399667892966498,0
2023-02-10,2023-02-09,M1,Heavy-Tail Marginals,-0.027649537729535805,-0.04216992199863749,0.00399667892966498,0
2023-02-10,2023-02-09,M2,Wavelet + Within-Scale,-0.0140275990621931,-0.016428612916134316,0.00399667892966498,0
2023-02-10,2023-02-09,M3,Full Cross-Scale Multiscale,-0.0132130912945281,-0.016298724055378907,0.00399667892966498,0
2023-02-13,2023-02-10,M0,Historical Simulation Benchmark,-0.03587574320083351,-0.06663215103535834,0.0021725788795295604,0
2023-02-13,2023-02-10,M1,Heavy-Tail Marginals,-0.029693290352490864,-0.04116460043272258,0.0021725788795295604,0
2023-02-13,2023-02-10,M2,Wavelet + Within-Scale,-0.01362503948966456,-0.015307701919429012,0.0021725788795295604,0
2023-02-13,2023-02-10,M3,Full Cross-Scale Multiscale,-0.013487634425063458,-0.016007750739414343,0.0021725788795295604,0
2023-02-14,2023-02-13,M0,Historical Simulation Benchmark,-0.03587574320083351,-0.06663215103535834,0.0026126070989455604,0
2023-02-14,2023-02-13,M1,Heavy-Tail Marginals,-0.025464760328835198,-0.03215565261889472,0.0026126070989455604,0
2023-02-14,2023-02-13,M2,Wavelet + Within-Scale,-0.014061632221392128,-0.015651929026417887,0.0026126070989455604,0
2023-02-14,2023-02-13,M3,Full Cross-Scale Multiscale,-0.01394117979727684,-0.016465274393935837,0.0026126070989455604,0
2023-02-15,2023-02-14,M0,Historical Simulation Benchmark,-0.03587574320083351,-0.06663215103535834,0.014901026679160179,0
2023-02-15,2023-02-14,M1,Heavy-Tail Marginals,-0.030008826062617084,-0.03943573606957352,0.014901026679160179,0
2023-02-15,2023-02-14,M2,Wavelet + Within-Scale,-0.013487319519264754,-0.015240123172844414,0.014901026679160179,0
2023-02-15,2023-02-14,M3,Full Cross-Scale Multiscale,-0.014967512685596669,-0.016858625884486184,0.014901026679160179,0
2023-02-16,2023-02-15,M0,Historical Simulation Benchmark,-0.03587574320083351,-0.06663215103535834,-0.01097150179802588,0
2023-02-16,2023-02-15,M1,Heavy-Tail Marginals,-0.032935277448138615,-0.04285586958106242,-0.01097150179802588,0
2023-02-16,2023-02-15,M2,Wavelet + Within-Scale,-0.012945587416965797,-0.014793613524850407,-0.01097150179802588,0
2023-02-16,2023-02-15,M3,Full Cross-Scale Multiscale,-0.014271514133949241,-0.01619121234565239,-0.01097150179802588,0
2023-02-17,2023-02-16,M0,Historical Simulation Benchmark,-0.03587574320083351,-0.06663215103535834,0.004255756986133919,0
2023-02-17,2023-02-16,M1,Heavy-Tail Marginals,-0.030185069237643157,-0.038938530680372375,0.004255756986133919,0
2023-02-17,2023-02-16,M2,Wavelet + Within-Scale,-0.0137755147645311,-0.015890602833854236,0.004255756986133919,0
2023-02-17,2023-02-16,M3,Full Cross-Scale Multiscale,-0.015779058172453685,-0.018950294276752627,0.004255756986133919,0
2023-02-21,2023-02-17,M0,Historical Simulation Benchmark,-0.03587574320083351,-0.06663215103535834,-0.009034128964502041,0
2023-02-21,2023-02-17,M1,Heavy-Tail Marginals,-0.030614561607907667,-0.037876686940355016,-0.009034128964502041,0
2023-02-21,2023-02-17,M2,Wavelet + Within-Scale,-0.013554519056027108,-0.015745874680838857,-0.009034128964502041,0
2023-02-21,2023-02-17,M3,Full Cross-Scale Multiscale,-0.014527515820522377,-0.01605888121599847,-0.009034128964502041,0
2023-02-22,2023-02-21,M0,Historical Simulation Benchmark,-0.03587574320083351,-0.06663215103535834,-0.00846399194551792,0
2023-02-22,2023-02-21,M1,Heavy-Tail Marginals,-0.03282910265870366,-0.0440141444247825,-0.00846399194551792,0
2023-02-22,2023-02-21,M2,Wavelet + Within-Scale,-0.01483561827816818,-0.01726019398689427,-0.00846399194551792,0
2023-02-22,2023-02-21,M3,Full Cross-Scale Multiscale,-0.014794033480948095,-0.018499982967697632,-0.00846399194551792,0
2023-02-23,2023-02-22,M0,Historical Simulation Benchmark,-0.03587574320083351,-0.06663215103535834,0.004170473873676781,0
2023-02-23,2023-02-22,M1,Heavy-Tail Marginals,-0.02961524724364167,-0.034260113030690174,0.004170473873676781,0
2023-02-23,2023-02-22,M2,Wavelet + Within-Scale,-0.013538122862933365,-0.01621582544559665,0.004170473873676781,0
2023-02-23,2023-02-22,M3,Full Cross-Scale Multiscale,-0.013221273446772569,-0.015335178719406442,0.004170473873676781,0
2023-02-24,2023-02-23,M0,Historical Simulation Benchmark,-0.03587574320083351,-0.06663215103535834,-0.00900620180828738,0
2023-02-24,2023-02-23,M1,Heavy-Tail Marginals,-0.02938299939966426,-0.03788095260361945,-0.00900620180828738,0
2023-02-24,2023-02-23,M2,Wavelet + Within-Scale,-0.013747424730488941,-0.017484711184540116,-0.00900620180828738,0
2023-02-24,2023-02-23,M3,Full Cross-Scale Multiscale,-0.015257522910996399,-0.018287356535418513,-0.00900620180828738,0
2023-02-27,2023-02-24,M0,Historical Simulation Benchmark,-0.03587574320083351,-0.06663215103535834,0.00230079252453284,0
2023-02-27,2023-02-24,M1,Heavy-Tail Marginals,-0.028800466111041326,-0.03563069439695132,0.00230079252453284,0
2023-02-27,2023-02-24,M2,Wavelet + Within-Scale,-0.011584996674435709,-0.012821823781049891,0.00230079252453284,0
2023-02-27,2023-02-24,M3,Full Cross-Scale Multiscale,-0.011842923652192843,-0.013048806506352293,0.00230079252453284,0
2023-02-28,2023-02-27,M0,Historical Simulation Benchmark,-0.03587574320083351,-0.06663215103535834,0.00014080763242812003,0
2023-02-28,2023-02-27,M1,Heavy-Tail Marginals,-0.0266270498685021,-0.03588904722094434,0.00014080763242812003,0
2023-02-28,2023-02-27,M2,Wavelet + Within-Scale,-0.012079419123431844,-0.013773001713295093,0.00014080763242812003,0
2023-02-28,2023-02-27,M3,Full Cross-Scale Multiscale,-0.012361515267739678,-0.015207281851105403,0.00014080763242812003,0
2023-03-01,2023-02-28,M0,Historical Simulation Benchmark,-0.03587574320083351,-0.06663215103535834,0.0055873265923012195,0
2023-03-01,2023-02-28,M1,Heavy-Tail Marginals,-0.031401787966628694,-0.04815333702798942,0.0055873265923012195,0
2023-03-01,2023-02-28,M2,Wavelet + Within-Scale,-0.011950312171731278,-0.013057004922656101,0.0055873265923012195,0
2023-03-01,2023-02-28,M3,Full Cross-Scale Multiscale,-0.011908760605055422,-0.013643536005746984,0.0055873265923012195,0
2023-03-02,2023-03-01,M0,Historical Simulation Benchmark,-0.03587574320083351,-0.06663215103535834,-0.00016981881053323988,0
2023-03-02,2023-03-01,M1,Heavy-Tail Marginals,-0.025714330009013492,-0.03524875352578512,-0.00016981881053323988,0
2023-03-02,2023-03-01,M2,Wavelet + Within-Scale,-0.012573119162187299,-0.01408272631329037,-0.00016981881053323988,0
2023-03-02,2023-03-01,M3,Full Cross-Scale Multiscale,-0.012576190780589934,-0.01463973549054432,-0.00016981881053323988,0
2023-03-03,2023-03-02,M0,Historical Simulation Benchmark,-0.03587574320083351,-0.06663215103535834,0.0017230997001734197,0
2023-03-03,2023-03-02,M1,Heavy-Tail Marginals,-0.02789387539995948,-0.03464279780964687,0.0017230997001734197,0
2023-03-03,2023-03-02,M2,Wavelet + Within-Scale,-0.011999134861273146,-0.014116146789741643,0.0017230997001734197,0
2023-03-03,2023-03-02,M3,Full Cross-Scale Multiscale,-0.01256682025395914,-0.01487354791825575,0.0017230997001734197,0
2023-03-06,2023-03-03,M0,Historical Simulation Benchmark,-0.03587574320083351,-0.06663215103535834,0.0011641306343539602,0
2023-03-06,2023-03-03,M1,Heavy-Tail Marginals,-0.030811492440545887,-0.0431336281182511,0.0011641306343539602,0
2023-03-06,2023-03-03,M2,Wavelet + Within-Scale,-0.011730836099490355,-0.013085982336572396,0.0011641306343539602,0
2023-03-06,2023-03-03,M3,Full Cross-Scale Multiscale,-0.014217396484109928,-0.01591141514218693,0.0011641306343539602,0
2023-03-07,2023-03-06,M0,Historical Simulation Benchmark,-0.03587574320083351,-0.06663215103535834,-0.016110963634057302,0
2023-03-07,2023-03-06,M1,Heavy-Tail Marginals,-0.02938670515193358,-0.03929113726384588,-0.016110963634057302,0
2023-03-07,2023-03-06,M2,Wavelet + Within-Scale,-0.011820762063689013,-0.013707895632864092,-0.016110963634057302,1
2023-03-07,2023-03-06,M3,Full Cross-Scale Multiscale,-0.01218247577086023,-0.014125320580433342,-0.016110963634057302,1
2023-03-08,2023-03-07,M0,Historical Simulation Benchmark,-0.03587574320083351,-0.06663215103535834,-0.0066224259835055005,0
2023-03-08,2023-03-07,M1,Heavy-Tail Marginals,-0.031210942974641373,-0.043255638409606265,-0.0066224259835055005,0
2023-03-08,2023-03-07,M2,Wavelet + Within-Scale,-0.012624838038906273,-0.01409025807339825,-0.0066224259835055005,0
2023-03-08,2023-03-07,M3,Full Cross-Scale Multiscale,-0.013117340006396352,-0.014555606754812392,-0.0066224259835055005,0
2023-03-09,2023-03-08,M0,Historical Simulation Benchmark,-0.03587574320083351,-0.06663215103535834,-0.01599049246398598,0
2023-03-09,2023-03-08,M1,Heavy-Tail Marginals,-0.02822977345728408,-0.03748610297954839,-0.01599049246398598,0
2023-03-09,2023-03-08,M2,Wavelet + Within-Scale,-0.011813436646342455,-0.013505518406961986,-0.01599049246398598,1
2023-03-09,2023-03-08,M3,Full Cross-Scale Multiscale,-0.012570971938976789,-0.015012604900077331,-0.01599049246398598,1
2023-03-10,2023-03-09,M0,Historical Simulation Benchmark,-0.03587574320083351,-0.06663215103535834,0.00597467236204948,0
2023-03-10,2023-03-09,M1,Heavy-Tail Marginals,-0.028487606823297058,-0.0380598295333776,0.00597467236204948,0
2023-03-10,2023-03-09,M2,Wavelet + Within-Scale,-0.011584302732353715,-0.012807011458899675,0.00597467236204948,0
2023-03-10,2023-03-09,M3,Full Cross-Scale Multiscale,-0.012043037863344555,-0.01400618321841739,0.00597467236204948,0
2023-03-13,2023-03-10,M0,Historical Simulation Benchmark,-0.03587574320083351,-0.06663215103535834,0.03719177045139678,0
2023-03-13,2023-03-10,M1,Heavy-Tail Marginals,-0.02642377421834851,-0.03569704042339009,0.03719177045139678,0
2023-03-13,2023-03-10,M2,Wavelet + Within-Scale,-0.012513773291778585,-0.014170638397392337,0.03719177045139678,0
2023-03-13,2023-03-10,M3,Full Cross-Scale Multiscale,-0.012858221094303842,-0.014609838986701462,0.03719177045139678,0
2023-03-14,2023-03-13,M0,Historical Simulation Benchmark,-0.03587574320083351,-0.06663215103535834,-0.0025370020150287604,0
2023-03-14,2023-03-13,M1,Heavy-Tail Marginals,-0.03012704330599447,-0.03615484882264487,-0.0025370020150287604,0
2023-03-14,2023-03-13,M2,Wavelet + Within-Scale,-0.011735954192215568,-0.013503936991601448,-0.0025370020150287604,0
2023-03-14,2023-03-13,M3,Full Cross-Scale Multiscale,-0.012494632585270555,-0.01366657606819679,-0.0025370020150287604,0
2023-03-15,2023-03-14,M0,Historical Simulation Benchmark,-0.03587574320083351,-0.06663215103535834,-0.009313707763999,0
2023-03-15,2023-03-14,M1,Heavy-Tail Marginals,-0.03133034111227223,-0.041759085169354046,-0.009313707763999,0
2023-03-15,2023-03-14,M2,Wavelet + Within-Scale,-0.012127937712901604,-0.013305880979072916,-0.009313707763999,0
2023-03-15,2023-03-14,M3,Full Cross-Scale Multiscale,-0.012733535534243988,-0.014873049568365215,-0.009313707763999,0
2023-03-16,2023-03-15,M0,Historical Simulation Benchmark,-0.03587574320083351,-0.06663215103535834,0.007653412992578021,0
2023-03-16,2023-03-15,M1,Heavy-Tail Marginals,-0.0281393857794413,-0.0362485414612643,0.007653412992578021,0
2023-03-16,2023-03-15,M2,Wavelet + Within-Scale,-0.011372282527860584,-0.013203463847972222,0.007653412992578021,0
2023-03-16,2023-03-15,M3,Full Cross-Scale Multiscale,-0.012416858178967285,-0.01425973518358222,0.007653412992578021,0
2023-03-17,2023-03-16,M0,Historical Simulation Benchmark,-0.03587574320083351,-0.06663215103535834,0.01914185140620298,0
2023-03-17,2023-03-16,M1,Heavy-Tail Marginals,-0.028856760991489983,-0.03933414329023023,0.01914185140620298,0
2023-03-17,2023-03-16,M2,Wavelet + Within-Scale,-0.01221679610733034,-0.015231678608076024,0.01914185140620298,0
2023-03-17,2023-03-16,M3,Full Cross-Scale Multiscale,-0.012975462803476582,-0.015381657575925124,0.01914185140620298,0
2023-03-20,2023-03-17,M0,Historical Simulation Benchmark,-0.03587574320083351,-0.06663215103535834,0.007486782326158241,0
2023-03-20,2023-03-17,M1,Heavy-Tail Marginals,-0.03002804957575693,-0.035178976034872654,0.007486782326158241,0
2023-03-20,2023-03-17,M2,Wavelet + Within-Scale,-0.012332486383132786,-0.013866300560014828,0.007486782326158241,0
2023-03-20,2023-03-17,M3,Full Cross-Scale Multiscale,-0.013298388606513263,-0.015172116609373325,0.007486782326158241,0
2023-03-21,2023-03-20,M0,Historical Simulation Benchmark,-0.03587574320083351,-0.06663215103535834,0.004731716852671361,0
2023-03-21,2023-03-20,M1,Heavy-Tail Marginals,-0.0338014884277916,-0.04650433923834306,0.004731716852671361,0
2023-03-21,2023-03-20,M2,Wavelet + Within-Scale,-0.011994409357383875,-0.014170462900773506,0.004731716852671361,0
2023-03-21,2023-03-20,M3,Full Cross-Scale Multiscale,-0.0121425867895598,-0.014479397375345667,0.004731716852671361,0
2023-03-22,2023-03-21,M0,Historical Simulation Benchmark,-0.03587574320083351,-0.06663215103535834,-0.0024713964622119,0
2023-03-22,2023-03-21,M1,Heavy-Tail Marginals,-0.031315300441334994,-0.04584713385942408,-0.0024713964622119,0
2023-03-22,2023-03-21,M2,Wavelet + Within-Scale,-0.011484556109630978,-0.013565882947326866,-0.0024713964622119,0
2023-03-22,2023-03-21,M3,Full Cross-Scale Multiscale,-0.012972048049404111,-0.015168865679838429,-0.0024713964622119,0
2023-03-23,2023-03-22,M0,Historical Simulation Benchmark,-0.03587574320083351,-0.06663215103535834,0.009534468955002701,0
2023-03-23,2023-03-22,M1,Heavy-Tail Marginals,-0.027761328790888933,-0.033811479969311234,0.009534468955002701,0
2023-03-23,2023-03-22,M2,Wavelet + Within-Scale,-0.012330013599647123,-0.01387810715975921,0.009534468955002701,0
2023-03-23,2023-03-22,M3,Full Cross-Scale Multiscale,-0.012427524664302261,-0.014496459528335628,0.009534468955002701,0
2023-03-24,2023-03-23,M0,Historical Simulation Benchmark,-0.03587574320083351,-0.06663215103535834,-0.00701738858796022,0
2023-03-24,2023-03-23,M1,Heavy-Tail Marginals,-0.03044117486536813,-0.03928163588511071,-0.00701738858796022,0
2023-03-24,2023-03-23,M2,Wavelet + Within-Scale,-0.01146567522716669,-0.013779021902346405,-0.00701738858796022,0
2023-03-24,2023-03-23,M3,Full Cross-Scale Multiscale,-0.012426321425121132,-0.014045526406296787,-0.00701738858796022,0
2023-03-27,2023-03-24,M0,Historical Simulation Benchmark,-0.03587574320083351,-0.06663215103535834,0.0036494961495783605,0
2023-03-27,2023-03-24,M1,Heavy-Tail Marginals,-0.02850127541749207,-0.03924701710933688,0.0036494961495783605,0
2023-03-27,2023-03-24,M2,Wavelet + Within-Scale,-0.01207351823057443,-0.01401663096140916,0.0036494961495783605,0
2023-03-27,2023-03-24,M3,Full Cross-Scale Multiscale,-0.012875509474848454,-0.014395882737184664,0.0036494961495783605,0
2023-03-28,2023-03-27,M0,Historical Simulation Benchmark,-0.03587574320083351,-0.06663215103535834,0.00324601874374934,0
2023-03-28,2023-03-27,M1,Heavy-Tail Marginals,-0.03794567025489245,-0.06622232763664616,0.00324601874374934,0
2023-03-28,2023-03-27,M2,Wavelet + Within-Scale,-0.016157902554418208,-0.01965156624089405,0.00324601874374934,0
2023-03-28,2023-03-27,M3,Full Cross-Scale Multiscale,-0.016969690727920417,-0.02030738615353963,0.00324601874374934,0
2023-03-29,2023-03-28,M0,Historical Simulation Benchmark,-0.03587574320083351,-0.06663215103535834,0.00807382552511276,0
2023-03-29,2023-03-28,M1,Heavy-Tail Marginals,-0.03490861926813772,-0.04571805895519711,0.00807382552511276,0
2023-03-29,2023-03-28,M2,Wavelet + Within-Scale,-0.01507583102929625,-0.01777436592729139,0.00807382552511276,0
2023-03-29,2023-03-28,M3,Full Cross-Scale Multiscale,-0.01662586988805466,-0.019264857303865814,0.00807382552511276,0
2023-03-30,2023-03-29,M0,Historical Simulation Benchmark,-0.03587574320083351,-0.06663215103535834,0.00465283655121234,0
2023-03-30,2023-03-29,M1,Heavy-Tail Marginals,-0.037364432179826434,-0.050933334644067664,0.00465283655121234,0
2023-03-30,2023-03-29,M2,Wavelet + Within-Scale,-0.016978906522659685,-0.019381642412373477,0.00465283655121234,0
2023-03-30,2023-03-29,M3,Full Cross-Scale Multiscale,-0.016007212132432846,-0.020004174523016723,0.00465283655121234,0
2023-03-31,2023-03-30,M0,Historical Simulation Benchmark,-0.03587574320083351,-0.06663215103535834,0.0093961013566302,0
2023-03-31,2023-03-30,M1,Heavy-Tail Marginals,-0.03314849905997971,-0.040007209557163546,0.0093961013566302,0
2023-03-31,2023-03-30,M2,Wavelet + Within-Scale,-0.01606286239439127,-0.01905833520185319,0.0093961013566302,0
2023-03-31,2023-03-30,M3,Full Cross-Scale Multiscale,-0.017362000578279278,-0.020269123948688954,0.0093961013566302,0
2023-04-03,2023-03-31,M0,Historical Simulation Benchmark,-0.03587574320083351,-0.06663215103535834,0.00945254986677992,0
2023-04-03,2023-03-31,M1,Heavy-Tail Marginals,-0.033348202343376744,-0.046361470698361884,0.00945254986677992,0
2023-04-03,2023-03-31,M2,Wavelet + Within-Scale,-0.01563662401763417,-0.018383059812614618,0.00945254986677992,0
2023-04-03,2023-03-31,M3,Full Cross-Scale Multiscale,-0.017504107024711824,-0.01945423703617209,0.00945254986677992,0
2023-04-04,2023-04-03,M0,Historical Simulation Benchmark,-0.03587574320083351,-0.06663215103535834,0.00656600076431838,0
2023-04-04,2023-04-03,M1,Heavy-Tail Marginals,-0.032266525977690724,-0.04084571454401942,0.00656600076431838,0
2023-04-04,2023-04-03,M2,Wavelet + Within-Scale,-0.015204647015130076,-0.01798123590419147,0.00656600076431838,0
2023-04-04,2023-04-03,M3,Full Cross-Scale Multiscale,-0.017245646182030318,-0.01944294587651178,0.00656600076431838,0
2023-04-05,2023-04-04,M0,Historical Simulation Benchmark,-0.03587574320083351,-0.06663215103535834,0.00013888766958653997,0
2023-04-05,2023-04-04,M1,Heavy-Tail Marginals,-0.03256253244272672,-0.04745968659516681,0.00013888766958653997,0
2023-04-05,2023-04-04,M2,Wavelet + Within-Scale,-0.016504558609318494,-0.018859430587789446,0.00013888766958653997,0
2023-04-05,2023-04-04,M3,Full Cross-Scale Multiscale,-0.016596069222502615,-0.01844555883020889,0.00013888766958653997,0
2023-04-06,2023-04-05,M0,Historical Simulation Benchmark,-0.03587574320083351,-0.06663215103535834,-0.0014888799501845402,0
2023-04-06,2023-04-05,M1,Heavy-Tail Marginals,-0.03622270078652354,-0.050318006611769515,-0.0014888799501845402,0
2023-04-06,2023-04-05,M2,Wavelet + Within-Scale,-0.015318791089562694,-0.01669919326593125,-0.0014888799501845402,0
2023-04-06,2023-04-05,M3,Full Cross-Scale Multiscale,-0.016299437423545768,-0.01867226676456908,-0.0014888799501845402,0
2023-04-10,2023-04-06,M0,Historical Simulation Benchmark,-0.03587574320083351,-0.06663215103535834,0.0064675695517296804,0
2023-04-10,2023-04-06,M1,Heavy-Tail Marginals,-0.032489229681357604,-0.04340640798203832,0.0064675695517296804,0
2023-04-10,2023-04-06,M2,Wavelet + Within-Scale,-0.0153676043590165,-0.018267564727331844,0.0064675695517296804,0
2023-04-10,2023-04-06,M3,Full Cross-Scale Multiscale,-0.01675552590695987,-0.019026138264089856,0.0064675695517296804,0
2023-04-11,2023-04-10,M0,Historical Simulation Benchmark,-0.03587574320083351,-0.06663215103535834,0.00884219310270976,0
2023-04-11,2023-04-10,M1,Heavy-Tail Marginals,-0.03511351484482345,-0.04499736853755354,0.00884219310270976,0
2023-04-11,2023-04-10,M2,Wavelet + Within-Scale,-0.0170278001158063,-0.019012891609365375,0.00884219310270976,0
2023-04-11,2023-04-10,M3,Full Cross-Scale Multiscale,-0.01752431065928795,-0.02036796316044828,0.00884219310270976,0
2023-04-12,2023-04-11,M0,Historical Simulation Benchmark,-0.03587574320083351,-0.06663215103535834,0.0038951185122456404,0
2023-04-12,2023-04-11,M1,Heavy-Tail Marginals,-0.03619195196032801,-0.0499769555089787,0.0038951185122456404,0
2023-04-12,2023-04-11,M2,Wavelet + Within-Scale,-0.016308400002474025,-0.01859549569527648,0.0038951185122456404,0
2023-04-12,2023-04-11,M3,Full Cross-Scale Multiscale,-0.016356796010504923,-0.018980961466903624,0.0038951185122456404,0
2023-04-13,2023-04-12,M0,Historical Simulation Benchmark,-0.03587574320083351,-0.06663215103535834,0.0046321225366228605,0
2023-04-13,2023-04-12,M1,Heavy-Tail Marginals,-0.03152672099698583,-0.04142830884168822,0.0046321225366228605,0
2023-04-13,2023-04-12,M2,Wavelet + Within-Scale,-0.016075192707466268,-0.01958809966989516,0.0046321225366228605,0
2023-04-13,2023-04-12,M3,Full Cross-Scale Multiscale,-0.016816526276828725,-0.019473892922377264,0.0046321225366228605,0
2023-04-14,2023-04-13,M0,Historical Simulation Benchmark,-0.03587574320083351,-0.06663215103535834,-0.003675853128503699,0
2023-04-14,2023-04-13,M1,Heavy-Tail Marginals,-0.033110986211607435,-0.04773219967482952,-0.003675853128503699,0
2023-04-14,2023-04-13,M2,Wavelet + Within-Scale,-0.01630184996282034,-0.018384039423830163,-0.003675853128503699,0
2023-04-14,2023-04-13,M3,Full Cross-Scale Multiscale,-0.01702729403837109,-0.01913789598394866,-0.003675853128503699,0
2023-04-17,2023-04-14,M0,Historical Simulation Benchmark,-0.03587574320083351,-0.06663215103535834,-0.01189891902437546,0
2023-04-17,2023-04-14,M1,Heavy-Tail Marginals,-0.03557877109628456,-0.046649947451221814,-0.01189891902437546,0
2023-04-17,2023-04-14,M2,Wavelet + Within-Scale,-0.016740243127231453,-0.01892570668533279,-0.01189891902437546,0
2023-04-17,2023-04-14,M3,Full Cross-Scale Multiscale,-0.016651525724498843,-0.01956226532175092,-0.01189891902437546,0
2023-04-18,2023-04-17,M0,Historical Simulation Benchmark,-0.03587574320083351,-0.06663215103535834,0.007286798613416621,0
2023-04-18,2023-04-17,M1,Heavy-Tail Marginals,-0.03364109891088171,-0.04637730958386584,0.007286798613416621,0
2023-04-18,2023-04-17,M2,Wavelet + Within-Scale,-0.015363811016643334,-0.016935841769413637,0.007286798613416621,0
2023-04-18,2023-04-17,M3,Full Cross-Scale Multiscale,-0.016403312439569977,-0.018767430405098092,0.007286798613416621,0
2023-04-19,2023-04-18,M0,Historical Simulation Benchmark,-0.03587574320083351,-0.06663215103535834,-0.01614374952680124,0
2023-04-19,2023-04-18,M1,Heavy-Tail Marginals,-0.03583074863659799,-0.04441501241638442,-0.01614374952680124,0
2023-04-19,2023-04-18,M2,Wavelet + Within-Scale,-0.017370148026892497,-0.019554645589477997,-0.01614374952680124,0
2023-04-19,2023-04-18,M3,Full Cross-Scale Multiscale,-0.017039652083622733,-0.020732995955452173,-0.01614374952680124,0
2023-04-20,2023-04-19,M0,Historical Simulation Benchmark,-0.03587574320083351,-0.06663215103535834,-0.008160818278079381,0
2023-04-20,2023-04-19,M1,Heavy-Tail Marginals,-0.03174173023510856,-0.04184183204559522,-0.008160818278079381,0
2023-04-20,2023-04-19,M2,Wavelet + Within-Scale,-0.015372841581181258,-0.017387035978538724,-0.008160818278079381,0
2023-04-20,2023-04-19,M3,Full Cross-Scale Multiscale,-0.01766950581474086,-0.019781504703507535,-0.008160818278079381,0
2023-04-21,2023-04-20,M0,Historical Simulation Benchmark,-0.03587574320083351,-0.06663215103535834,-0.007503931189526801,0
2023-04-21,2023-04-20,M1,Heavy-Tail Marginals,-0.029344002876814445,-0.04065768427035741,-0.007503931189526801,0
2023-04-21,2023-04-20,M2,Wavelet + Within-Scale,-0.0160612362537691,-0.018807809208902425,-0.007503931189526801,0
2023-04-21,2023-04-20,M3,Full Cross-Scale Multiscale,-0.017104445146719424,-0.019473997179749493,-0.007503931189526801,0
2023-04-24,2023-04-21,M0,Historical Simulation Benchmark,-0.03587574320083351,-0.06663215103535834,0.0066266564517333,0
2023-04-24,2023-04-21,M1,Heavy-Tail Marginals,-0.03337018662809065,-0.044113646198097316,0.0066266564517333,0
2023-04-24,2023-04-21,M2,Wavelet + Within-Scale,-0.0155316383694777,-0.018522505336195084,0.0066266564517333,0
2023-04-24,2023-04-21,M3,Full Cross-Scale Multiscale,-0.017033779825116616,-0.02044278248916921,0.0066266564517333,0
2023-04-25,2023-04-24,M0,Historical Simulation Benchmark,-0.03587574320083351,-0.06663215103535834,0.0006243080548041201,0
2023-04-25,2023-04-24,M1,Heavy-Tail Marginals,-0.039379052137595946,-0.04807846775964542,0.0006243080548041201,0
2023-04-25,2023-04-24,M2,Wavelet + Within-Scale,-0.01707113647124888,-0.019545961213401013,0.0006243080548041201,0
2023-04-25,2023-04-24,M3,Full Cross-Scale Multiscale,-0.017569271923671987,-0.020280607827273027,0.0006243080548041201,0
2023-04-26,2023-04-25,M0,Historical Simulation Benchmark,-0.03587574320083351,-0.06663215103535834,-0.008707716161690901,0
2023-04-26,2023-04-25,M1,Heavy-Tail Marginals,-0.03482518885041219,-0.04522559313011174,-0.008707716161690901,0
2023-04-26,2023-04-25,M2,Wavelet + Within-Scale,-0.016108760412589122,-0.018371087197622746,-0.008707716161690901,0
2023-04-26,2023-04-25,M3,Full Cross-Scale Multiscale,-0.016313805484793425,-0.0191915403679498,-0.008707716161690901,0
2023-04-27,2023-04-26,M0,Historical Simulation Benchmark,-0.03587574320083351,-0.06663215103535834,0.011279139869917649,0
2023-04-27,2023-04-26,M1,Heavy-Tail Marginals,-0.032088084328055495,-0.04029147748190326,0.011279139869917649,0
2023-04-27,2023-04-26,M2,Wavelet + Within-Scale,-0.014317857351480733,-0.016137991578878148,0.011279139869917649,0
2023-04-27,2023-04-26,M3,Full Cross-Scale Multiscale,-0.01374018356611863,-0.015703242728033383,0.011279139869917649,0
2023-04-28,2023-04-27,M0,Historical Simulation Benchmark,-0.03587574320083351,-0.06663215103535834,0.007406514172522161,0
2023-04-28,2023-04-27,M1,Heavy-Tail Marginals,-0.027342666147368484,-0.03922376300923607,0.007406514172522161,0
2023-04-28,2023-04-27,M2,Wavelet + Within-Scale,-0.012856492597315382,-0.015176616316934113,0.007406514172522161,0
2023-04-28,2023-04-27,M3,Full Cross-Scale Multiscale,-0.014554198921823889,-0.01696285733582011,0.007406514172522161,0
2023-05-01,2023-04-28,M0,Historical Simulation Benchmark,-0.03587574320083351,-0.06663215103535834,-0.0150033117779026,0
2023-05-01,2023-04-28,M1,Heavy-Tail Marginals,-0.0285654267710788,-0.03723778565547804,-0.0150033117779026,0
2023-05-01,2023-04-28,M2,Wavelet + Within-Scale,-0.013000609549396254,-0.015325776323006838,-0.0150033117779026,1
2023-05-01,2023-04-28,M3,Full Cross-Scale Multiscale,-0.013789607262800192,-0.015550905188905844,-0.0150033117779026,1
2023-05-02,2023-05-01,M0,Historical Simulation Benchmark,-0.03587574320083351,-0.06663215103535834,-0.0025063016081897605,0
2023-05-02,2023-05-01,M1,Heavy-Tail Marginals,-0.029387615200500806,-0.043142608155219794,-0.0025063016081897605,0
2023-05-02,2023-05-01,M2,Wavelet + Within-Scale,-0.01397494756086082,-0.014924252099047042,-0.0025063016081897605,0
2023-05-02,2023-05-01,M3,Full Cross-Scale Multiscale,-0.014799999365678124,-0.016486112498473492,-0.0025063016081897605,0
2023-05-03,2023-05-02,M0,Historical Simulation Benchmark,-0.03587574320083351,-0.06663215103535834,-0.005014930414725061,0
2023-05-03,2023-05-02,M1,Heavy-Tail Marginals,-0.02768179378987584,-0.03538573567341248,-0.005014930414725061,0
2023-05-03,2023-05-02,M2,Wavelet + Within-Scale,-0.01314540394740868,-0.014929812060371467,-0.005014930414725061,0
2023-05-03,2023-05-02,M3,Full Cross-Scale Multiscale,-0.01452271309954811,-0.016889236629727435,-0.005014930414725061,0
2023-05-04,2023-05-03,M0,Historical Simulation Benchmark,-0.03587574320083351,-0.06663215103535834,0.00013274098246321983,0
2023-05-04,2023-05-03,M1,Heavy-Tail Marginals,-0.028917120840563363,-0.037040018357367144,0.00013274098246321983,0
2023-05-04,2023-05-03,M2,Wavelet + Within-Scale,-0.01307025009729257,-0.014969354748619948,0.00013274098246321983,0
2023-05-04,2023-05-03,M3,Full Cross-Scale Multiscale,-0.013398881827028603,-0.015404524540243719,0.00013274098246321983,0
2023-05-05,2023-05-04,M0,Historical Simulation Benchmark,-0.03587574320083351,-0.06663215103535834,0.011672176147551281,0
2023-05-05,2023-05-04,M1,Heavy-Tail Marginals,-0.033038243751933524,-0.04387381974424823,0.011672176147551281,0
2023-05-05,2023-05-04,M2,Wavelet + Within-Scale,-0.011751920900572187,-0.01391050413222028,0.011672176147551281,0
2023-05-05,2023-05-04,M3,Full Cross-Scale Multiscale,-0.013217748070726608,-0.01571553793500845,0.011672176147551281,0
2023-05-08,2023-05-05,M0,Historical Simulation Benchmark,-0.03587574320083351,-0.06663215103535834,-0.009929562677337682,0
2023-05-08,2023-05-05,M1,Heavy-Tail Marginals,-0.027240292997863808,-0.033742218184279124,-0.009929562677337682,0
2023-05-08,2023-05-05,M2,Wavelet + Within-Scale,-0.013366997187953523,-0.015076493445970049,-0.009929562677337682,0
2023-05-08,2023-05-05,M3,Full Cross-Scale Multiscale,-0.014460785835598592,-0.01754319732212764,-0.009929562677337682,0
2023-05-09,2023-05-08,M0,Historical Simulation Benchmark,-0.03587574320083351,-0.06663215103535834,0.0019239246822509405,0
2023-05-09,2023-05-08,M1,Heavy-Tail Marginals,-0.0277185780795812,-0.037338214335074386,0.0019239246822509405,0
2023-05-09,2023-05-08,M2,Wavelet + Within-Scale,-0.013442458664499321,-0.015782078269101628,0.0019239246822509405,0
2023-05-09,2023-05-08,M3,Full Cross-Scale Multiscale,-0.014021320686576369,-0.015887988931650658,0.0019239246822509405,0
2023-05-10,2023-05-09,M0,Historical Simulation Benchmark,-0.03587574320083351,-0.06663215103535834,0.00038311015892522024,0
2023-05-10,2023-05-09,M1,Heavy-Tail Marginals,-0.03185302649105315,-0.0386104107130368,0.00038311015892522024,0
2023-05-10,2023-05-09,M2,Wavelet + Within-Scale,-0.012889566135620475,-0.015198844405421819,0.00038311015892522024,0
2023-05-10,2023-05-09,M3,Full Cross-Scale Multiscale,-0.014415694511333496,-0.01684712565625219,0.00038311015892522024,0
2023-05-11,2023-05-10,M0,Historical Simulation Benchmark,-0.03587574320083351,-0.06663215103535834,-0.009452441809900819,0
2023-05-11,2023-05-10,M1,Heavy-Tail Marginals,-0.032115264810166175,-0.042181520233045444,-0.009452441809900819,0
2023-05-11,2023-05-10,M2,Wavelet + Within-Scale,-0.01298007190756791,-0.016043757217153502,-0.009452441809900819,0
2023-05-11,2023-05-10,M3,Full Cross-Scale Multiscale,-0.013598397121949381,-0.01720209818824101,-0.009452441809900819,0
2023-05-12,2023-05-11,M0,Historical Simulation Benchmark,-0.03587574320083351,-0.06663215103535834,-0.007029322488081059,0
2023-05-12,2023-05-11,M1,Heavy-Tail Marginals,-0.02914529995764114,-0.039826691357691714,-0.007029322488081059,0
2023-05-12,2023-05-11,M2,Wavelet + Within-Scale,-0.01280516929364046,-0.015356854891699367,-0.007029322488081059,0
2023-05-12,2023-05-11,M3,Full Cross-Scale Multiscale,-0.014273126225456451,-0.016807441562238446,-0.007029322488081059,0
2023-05-15,2023-05-12,M0,Historical Simulation Benchmark,-0.03587574320083351,-0.06663215103535834,0.00648842210512936,0
2023-05-15,2023-05-12,M1,Heavy-Tail Marginals,-0.032224435798146614,-0.04186547828793353,0.00648842210512936,0
2023-05-15,2023-05-12,M2,Wavelet + Within-Scale,-0.013398410295115112,-0.015195238468604474,0.00648842210512936,0
2023-05-15,2023-05-12,M3,Full Cross-Scale Multiscale,-0.014329277448846298,-0.01725100277342109,0.00648842210512936,0
2023-05-16,2023-05-15,M0,Historical Simulation Benchmark,-0.03587574320083351,-0.06663215103535834,-0.00708742033236486,0
2023-05-16,2023-05-15,M1,Heavy-Tail Marginals,-0.031421906279065874,-0.040221913608551624,-0.00708742033236486,0
2023-05-16,2023-05-15,M2,Wavelet + Within-Scale,-0.013072782326712655,-0.015068394809345418,-0.00708742033236486,0
2023-05-16,2023-05-15,M3,Full Cross-Scale Multiscale,-0.013740918241882944,-0.015719525224529136,-0.00708742033236486,0
2023-05-17,2023-05-16,M0,Historical Simulation Benchmark,-0.03587574320083351,-0.06663215103535834,0.010214419097007842,0
2023-05-17,2023-05-16,M1,Heavy-Tail Marginals,-0.031052132017399207,-0.04429102758086954,0.010214419097007842,0
2023-05-17,2023-05-16,M2,Wavelet + Within-Scale,-0.013498621120740564,-0.015175952080981308,0.010214419097007842,0
2023-05-17,2023-05-16,M3,Full Cross-Scale Multiscale,-0.01501550130626672,-0.017794896676566297,0.010214419097007842,0
2023-05-18,2023-05-17,M0,Historical Simulation Benchmark,-0.03587574320083351,-0.06663215103535834,-0.00785569739620978,0
2023-05-18,2023-05-17,M1,Heavy-Tail Marginals,-0.028533905628934406,-0.03851139245143878,-0.00785569739620978,0
2023-05-18,2023-05-17,M2,Wavelet + Within-Scale,-0.013098623116406827,-0.015551459311649063,-0.00785569739620978,0
2023-05-18,2023-05-17,M3,Full Cross-Scale Multiscale,-0.013919464544507591,-0.016597904755323082,-0.00785569739620978,0
2023-05-19,2023-05-18,M0,Historical Simulation Benchmark,-0.03587574320083351,-0.06663215103535834,0.00091575883560578,0
2023-05-19,2023-05-18,M1,Heavy-Tail Marginals,-0.026629452369570455,-0.03971665906827726,0.00091575883560578,0
2023-05-19,2023-05-18,M2,Wavelet + Within-Scale,-0.013330143204664266,-0.01553248437048296,0.00091575883560578,0
2023-05-19,2023-05-18,M3,Full Cross-Scale Multiscale,-0.01328178677801095,-0.016015005928965424,0.00091575883560578,0
2023-05-22,2023-05-19,M0,Historical Simulation Benchmark,-0.03587574320083351,-0.06663215103535834,-0.0010144915247895,0
2023-05-22,2023-05-19,M1,Heavy-Tail Marginals,-0.02717097157130362,-0.035169960812407475,-0.0010144915247895,0
2023-05-22,2023-05-19,M2,Wavelet + Within-Scale,-0.013267994045755582,-0.015572328380546605,-0.0010144915247895,0
2023-05-22,2023-05-19,M3,Full Cross-Scale Multiscale,-0.013745961278897136,-0.015508978601634341,-0.0010144915247895,0
2023-05-23,2023-05-22,M0,Historical Simulation Benchmark,-0.03587574320083351,-0.06663215103535834,0.004062528597415861,0
2023-05-23,2023-05-22,M1,Heavy-Tail Marginals,-0.03202390257959326,-0.04019359770738593,0.004062528597415861,0
2023-05-23,2023-05-22,M2,Wavelet + Within-Scale,-0.013039754346470332,-0.015352514130032932,0.004062528597415861,0
2023-05-23,2023-05-22,M3,Full Cross-Scale Multiscale,-0.01427430616601404,-0.01701269912125051,0.004062528597415861,0
2023-05-24,2023-05-23,M0,Historical Simulation Benchmark,-0.03587574320083351,-0.06663215103535834,-0.00782056131538696,0
2023-05-24,2023-05-23,M1,Heavy-Tail Marginals,-0.029990180671376935,-0.0400230223875908,-0.00782056131538696,0
2023-05-24,2023-05-23,M2,Wavelet + Within-Scale,-0.013207604174150242,-0.014727740273926867,-0.00782056131538696,0
2023-05-24,2023-05-23,M3,Full Cross-Scale Multiscale,-0.014581957118336616,-0.01632853639939014,-0.00782056131538696,0
2023-05-25,2023-05-24,M0,Historical Simulation Benchmark,-0.03587574320083351,-0.06663215103535834,-0.005234898431950061,0
2023-05-25,2023-05-24,M1,Heavy-Tail Marginals,-0.030773120560793676,-0.03867433190861736,-0.005234898431950061,0
2023-05-25,2023-05-24,M2,Wavelet + Within-Scale,-0.01257068114747657,-0.014684639180686632,-0.005234898431950061,0
2023-05-25,2023-05-24,M3,Full Cross-Scale Multiscale,-0.014030747475909596,-0.015551219131896433,-0.005234898431950061,0
2023-05-26,2023-05-25,M0,Historical Simulation Benchmark,-0.03587574320083351,-0.06663215103535834,0.007774189825820721,0
2023-05-26,2023-05-25,M1,Heavy-Tail Marginals,-0.027204869845179076,-0.03772084977167529,0.007774189825820721,0
2023-05-26,2023-05-25,M2,Wavelet + Within-Scale,-0.011472757754326587,-0.01303247044676513,0.007774189825820721,0
2023-05-26,2023-05-25,M3,Full Cross-Scale Multiscale,-0.012179613324014233,-0.014310253437237446,0.007774189825820721,0
2023-05-30,2023-05-26,M0,Historical Simulation Benchmark,-0.03587574320083351,-0.06663215103535834,0.0022298938720320995,0
2023-05-30,2023-05-26,M1,Heavy-Tail Marginals,-0.02954292567568976,-0.038639710109261025,0.0022298938720320995,0
2023-05-30,2023-05-26,M2,Wavelet + Within-Scale,-0.010968258457275526,-0.012175551696304517,0.0022298938720320995,0
2023-05-30,2023-05-26,M3,Full Cross-Scale Multiscale,-0.011422828107800908,-0.014003220855896642,0.0022298938720320995,0
2023-05-31,2023-05-30,M0,Historical Simulation Benchmark,-0.03587574320083351,-0.06663215103535834,-0.00899854628197316,0
2023-05-31,2023-05-30,M1,Heavy-Tail Marginals,-0.03006801803281847,-0.0371559450531754,-0.00899854628197316,0
2023-05-31,2023-05-30,M2,Wavelet + Within-Scale,-0.011551292161387927,-0.012992804807142678,-0.00899854628197316,0
2023-05-31,2023-05-30,M3,Full Cross-Scale Multiscale,-0.012465963834563611,-0.014817399584618468,-0.00899854628197316,0
2023-06-01,2023-05-31,M0,Historical Simulation Benchmark,-0.03587574320083351,-0.06663215103535834,0.00729674283341878,0
2023-06-01,2023-05-31,M1,Heavy-Tail Marginals,-0.024752141324203412,-0.03148081932256781,0.00729674283341878,0
2023-06-01,2023-05-31,M2,Wavelet + Within-Scale,-0.011323092239995542,-0.013623866435525423,0.00729674283341878,0
2023-06-01,2023-05-31,M3,Full Cross-Scale Multiscale,-0.012227705962804907,-0.014017338811356288,0.00729674283341878,0
2023-06-02,2023-06-01,M0,Historical Simulation Benchmark,-0.03587574320083351,-0.06663215103535834,0.006533445653806481,0
2023-06-02,2023-06-01,M1,Heavy-Tail Marginals,-0.027693993671873626,-0.03534871574570846,0.006533445653806481,0
2023-06-02,2023-06-01,M2,Wavelet + Within-Scale,-0.011748761231245372,-0.012984845064886,0.006533445653806481,0
2023-06-02,2023-06-01,M3,Full Cross-Scale Multiscale,-0.012320598256988318,-0.014519975393741474,0.006533445653806481,0
2023-06-05,2023-06-02,M0,Historical Simulation Benchmark,-0.03587574320083351,-0.06663215103535834,-0.010861689595716602,0
2023-06-05,2023-06-02,M1,Heavy-Tail Marginals,-0.027259970623277556,-0.03907842828067111,-0.010861689595716602,0
2023-06-05,2023-06-02,M2,Wavelet + Within-Scale,-0.011465124342830391,-0.014262514339251704,-0.010861689595716602,0
2023-06-05,2023-06-02,M3,Full Cross-Scale Multiscale,-0.012270517784370797,-0.014506917673479272,-0.010861689595716602,0
2023-06-06,2023-06-05,M0,Historical Simulation Benchmark,-0.03587574320083351,-0.06663215103535834,0.01118980161534954,0
2023-06-06,2023-06-05,M1,Heavy-Tail Marginals,-0.025720645513962033,-0.0337655058858384,0.01118980161534954,0
2023-06-06,2023-06-05,M2,Wavelet + Within-Scale,-0.012124965044437075,-0.014011171146950769,0.01118980161534954,0
2023-06-06,2023-06-05,M3,Full Cross-Scale Multiscale,-0.011915718386912319,-0.013507716912267657,0.01118980161534954,0
2023-06-07,2023-06-06,M0,Historical Simulation Benchmark,-0.03587574320083351,-0.06663215103535834,-0.00837461571294636,0
2023-06-07,2023-06-06,M1,Heavy-Tail Marginals,-0.025112126296526562,-0.03015219664492657,-0.00837461571294636,0
2023-06-07,2023-06-06,M2,Wavelet + Within-Scale,-0.011707593692449569,-0.014131821885155974,-0.00837461571294636,0
2023-06-07,2023-06-06,M3,Full Cross-Scale Multiscale,-0.012705258571541124,-0.01514199189932497,-0.00837461571294636,0
2023-06-08,2023-06-07,M0,Historical Simulation Benchmark,-0.03587574320083351,-0.06663215103535834,0.0024981231447326405,0
2023-06-08,2023-06-07,M1,Heavy-Tail Marginals,-0.025996495311722705,-0.03597647396264382,0.0024981231447326405,0
2023-06-08,2023-06-07,M2,Wavelet + Within-Scale,-0.012185612801808276,-0.013824015752247901,0.0024981231447326405,0
2023-06-08,2023-06-07,M3,Full Cross-Scale Multiscale,-0.012253790323007665,-0.014070232067987904,0.0024981231447326405,0
2023-06-09,2023-06-08,M0,Historical Simulation Benchmark,-0.03587574320083351,-0.06663215103535834,-0.0027873604226931405,0
2023-06-09,2023-06-08,M1,Heavy-Tail Marginals,-0.027073818186084248,-0.04305806095732233,-0.0027873604226931405,0
2023-06-09,2023-06-08,M2,Wavelet + Within-Scale,-0.011813257019383959,-0.013355041012851131,-0.0027873604226931405,0
2023-06-09,2023-06-08,M3,Full Cross-Scale Multiscale,-0.012745860240326383,-0.014796500112321632,-0.0027873604226931405,0
2023-06-12,2023-06-09,M0,Historical Simulation Benchmark,-0.03587574320083351,-0.06663215103535834,-0.01118996920019866,0
2023-06-12,2023-06-09,M1,Heavy-Tail Marginals,-0.029349143040556823,-0.035054967846867055,-0.01118996920019866,0
2023-06-12,2023-06-09,M2,Wavelet + Within-Scale,-0.012132620374464076,-0.014495595997486076,-0.01118996920019866,0
2023-06-12,2023-06-09,M3,Full Cross-Scale Multiscale,-0.011634169182288667,-0.013193172149220913,-0.01118996920019866,0
2023-06-13,2023-06-12,M0,Historical Simulation Benchmark,-0.03587574320083351,-0.06663215103535834,0.0047448687297527,0
2023-06-13,2023-06-12,M1,Heavy-Tail Marginals,-0.02635828772892742,-0.035740189599955764,0.0047448687297527,0
2023-06-13,2023-06-12,M2,Wavelet + Within-Scale,-0.011549472345529062,-0.012918551193639891,0.0047448687297527,0
2023-06-13,2023-06-12,M3,Full Cross-Scale Multiscale,-0.012895369385517707,-0.014715373467335351,0.0047448687297527,0
2023-06-14,2023-06-13,M0,Historical Simulation Benchmark,-0.03587574320083351,-0.06663215103535834,-0.006605006097696681,0
2023-06-14,2023-06-13,M1,Heavy-Tail Marginals,-0.027717667668422426,-0.03548941736776504,-0.006605006097696681,0
2023-06-14,2023-06-13,M2,Wavelet + Within-Scale,-0.011578141444285544,-0.01404815165561547,-0.006605006097696681,0
2023-06-14,2023-06-13,M3,Full Cross-Scale Multiscale,-0.011192011426757114,-0.01367693120821303,-0.006605006097696681,0
2023-06-15,2023-06-14,M0,Historical Simulation Benchmark,-0.03587574320083351,-0.06663215103535834,0.014023680100780719,0
2023-06-15,2023-06-14,M1,Heavy-Tail Marginals,-0.027381722841270866,-0.03491295241906678,0.014023680100780719,0
2023-06-15,2023-06-14,M2,Wavelet + Within-Scale,-0.011613841211044473,-0.013837179478935785,0.014023680100780719,0
2023-06-15,2023-06-14,M3,Full Cross-Scale Multiscale,-0.011850291194617049,-0.013539660538342501,0.014023680100780719,0
2023-06-16,2023-06-15,M0,Historical Simulation Benchmark,-0.03587574320083351,-0.06663215103535834,0.00687590748643042,0
2023-06-16,2023-06-15,M1,Heavy-Tail Marginals,-0.026908504870734356,-0.03909768575806424,0.00687590748643042,0
2023-06-16,2023-06-15,M2,Wavelet + Within-Scale,-0.011099638794344032,-0.012723725362085155,0.00687590748643042,0
2023-06-16,2023-06-15,M3,Full Cross-Scale Multiscale,-0.012960078130017944,-0.014750081004984364,0.00687590748643042,0
2023-06-20,2023-06-16,M0,Historical Simulation Benchmark,-0.03587574320083351,-0.06663215103535834,0.010779690754766199,0
2023-06-20,2023-06-16,M1,Heavy-Tail Marginals,-0.02744516715579238,-0.041286329566451084,0.010779690754766199,0
2023-06-20,2023-06-16,M2,Wavelet + Within-Scale,-0.01222814421209063,-0.013931382723249055,0.010779690754766199,0
2023-06-20,2023-06-16,M3,Full Cross-Scale Multiscale,-0.012332765889868811,-0.014863813361276266,0.010779690754766199,0
2023-06-21,2023-06-20,M0,Historical Simulation Benchmark,-0.03587574320083351,-0.06663215103535834,0.013997127282359481,0
2023-06-21,2023-06-20,M1,Heavy-Tail Marginals,-0.027017354791384472,-0.03650176342014992,0.013997127282359481,0
2023-06-21,2023-06-20,M2,Wavelet + Within-Scale,-0.011101336069888298,-0.013339148272197107,0.013997127282359481,0
2023-06-21,2023-06-20,M3,Full Cross-Scale Multiscale,-0.012299189947964051,-0.014221343365329365,0.013997127282359481,0
2023-06-22,2023-06-21,M0,Historical Simulation Benchmark,-0.03587574320083351,-0.06663215103535834,-0.011077696456917441,0
2023-06-22,2023-06-21,M1,Heavy-Tail Marginals,-0.027255764600986224,-0.034189418214559016,-0.011077696456917441,0
2023-06-22,2023-06-21,M2,Wavelet + Within-Scale,-0.011918625867524285,-0.013558995084152859,-0.011077696456917441,0
2023-06-22,2023-06-21,M3,Full Cross-Scale Multiscale,-0.012099672063864312,-0.0144847026942744,-0.011077696456917441,0
2023-06-23,2023-06-22,M0,Historical Simulation Benchmark,-0.03587574320083351,-0.06663215103535834,0.0047075658445481,0
2023-06-23,2023-06-22,M1,Heavy-Tail Marginals,-0.028969717918001785,-0.034710254657899724,0.0047075658445481,0
2023-06-23,2023-06-22,M2,Wavelet + Within-Scale,-0.012329937089068944,-0.013440008442516568,0.0047075658445481,0
2023-06-23,2023-06-22,M3,Full Cross-Scale Multiscale,-0.012532607783448845,-0.014770854840977985,0.0047075658445481,0
2023-06-26,2023-06-23,M0,Historical Simulation Benchmark,-0.03587574320083351,-0.06663215103535834,-0.0017708254349563801,0
2023-06-26,2023-06-23,M1,Heavy-Tail Marginals,-0.02675036170805967,-0.03503804418217223,-0.0017708254349563801,0
2023-06-26,2023-06-23,M2,Wavelet + Within-Scale,-0.011744204873686798,-0.012822283564331027,-0.0017708254349563801,0
2023-06-26,2023-06-23,M3,Full Cross-Scale Multiscale,-0.012643147621079773,-0.014622847212504295,-0.0017708254349563801,0
2023-06-27,2023-06-26,M0,Historical Simulation Benchmark,-0.03587574320083351,-0.06663215103535834,-0.0013153410855679592,0
2023-06-27,2023-06-26,M1,Heavy-Tail Marginals,-0.029805966407421995,-0.039485774935209945,-0.0013153410855679592,0
2023-06-27,2023-06-26,M2,Wavelet + Within-Scale,-0.011616507232060985,-0.013204938162202992,-0.0013153410855679592,0
2023-06-27,2023-06-26,M3,Full Cross-Scale Multiscale,-0.012967338394851978,-0.014600063312674338,-0.0013153410855679592,0
2023-06-28,2023-06-27,M0,Historical Simulation Benchmark,-0.03587574320083351,-0.06663215103535834,0.00042095111661981984,0
2023-06-28,2023-06-27,M1,Heavy-Tail Marginals,-0.029083991761882755,-0.03887056085887291,0.00042095111661981984,0
2023-06-28,2023-06-27,M2,Wavelet + Within-Scale,-0.013408223248032371,-0.015319568159812802,0.00042095111661981984,0
2023-06-28,2023-06-27,M3,Full Cross-Scale Multiscale,-0.01444066432576021,-0.016202123080901746,0.00042095111661981984,0
2023-06-29,2023-06-28,M0,Historical Simulation Benchmark,-0.03587574320083351,-0.06663215103535834,0.00228368431842336,0
2023-06-29,2023-06-28,M1,Heavy-Tail Marginals,-0.03149702450822855,-0.0443783094358539,0.00228368431842336,0
2023-06-29,2023-06-28,M2,Wavelet + Within-Scale,-0.012542519880313912,-0.014913451491697347,0.00228368431842336,0
2023-06-29,2023-06-28,M3,Full Cross-Scale Multiscale,-0.01397334040335585,-0.017017036460911458,0.00228368431842336,0
2023-06-30,2023-06-29,M0,Historical Simulation Benchmark,-0.03587574320083351,-0.06663215103535834,0.006184731234213881,0
2023-06-30,2023-06-29,M1,Heavy-Tail Marginals,-0.026318264246066418,-0.03720853970521251,0.006184731234213881,0
2023-06-30,2023-06-29,M2,Wavelet + Within-Scale,-0.012564195302202825,-0.014766438878029645,0.006184731234213881,0
2023-06-30,2023-06-29,M3,Full Cross-Scale Multiscale,-0.014069751801663685,-0.015400349218393899,0.006184731234213881,0
2023-07-03,2023-06-30,M0,Historical Simulation Benchmark,-0.03587574320083351,-0.06663215103535834,0.0034886618078379603,0
2023-07-03,2023-06-30,M1,Heavy-Tail Marginals,-0.030319834786717046,-0.04126443494330304,0.0034886618078379603,0
2023-07-03,2023-06-30,M2,Wavelet + Within-Scale,-0.013404350990828382,-0.015645494101578533,0.0034886618078379603,0
2023-07-03,2023-06-30,M3,Full Cross-Scale Multiscale,-0.01340851564280273,-0.015627725742460193,0.0034886618078379603,0
2023-07-05,2023-07-03,M0,Historical Simulation Benchmark,-0.03587574320083351,-0.06663215103535834,-0.00225746626253336,0
2023-07-05,2023-07-03,M1,Heavy-Tail Marginals,-0.02790613468065209,-0.03812925169128869,-0.00225746626253336,0
2023-07-05,2023-07-03,M2,Wavelet + Within-Scale,-0.01291812491242661,-0.015563657895289722,-0.00225746626253336,0
2023-07-05,2023-07-03,M3,Full Cross-Scale Multiscale,-0.013361797019356667,-0.015334343287105787,-0.00225746626253336,0
2023-07-06,2023-07-05,M0,Historical Simulation Benchmark,-0.03587574320083351,-0.06663215103535834,-0.00840250272812262,0
2023-07-06,2023-07-05,M1,Heavy-Tail Marginals,-0.02930000229303526,-0.03833723578480534,-0.00840250272812262,0
2023-07-06,2023-07-05,M2,Wavelet + Within-Scale,-0.012741729773816437,-0.01412906251279947,-0.00840250272812262,0
2023-07-06,2023-07-05,M3,Full Cross-Scale Multiscale,-0.013056998096197505,-0.015505767702056583,-0.00840250272812262,0
2023-07-07,2023-07-06,M0,Historical Simulation Benchmark,-0.03587574320083351,-0.06663215103535834,0.00793850419402916,0
2023-07-07,2023-07-06,M1,Heavy-Tail Marginals,-0.02794309725202637,-0.03875769331879737,0.00793850419402916,0
2023-07-07,2023-07-06,M2,Wavelet + Within-Scale,-0.01248508916682105,-0.014905310873794635,0.00793850419402916,0
2023-07-07,2023-07-06,M3,Full Cross-Scale Multiscale,-0.013257057409919618,-0.016185822982897453,0.00793850419402916,0
2023-07-10,2023-07-07,M0,Historical Simulation Benchmark,-0.03587574320083351,-0.06663215103535834,0.0012273443391029003,0
2023-07-10,2023-07-07,M1,Heavy-Tail Marginals,-0.028808419265131942,-0.033466666344448295,0.0012273443391029003,0
2023-07-10,2023-07-07,M2,Wavelet + Within-Scale,-0.012207474373497612,-0.014633886679263111,0.0012273443391029003,0
2023-07-10,2023-07-07,M3,Full Cross-Scale Multiscale,-0.012734460330174535,-0.014339424205152922,0.0012273443391029003,0
2023-07-11,2023-07-10,M0,Historical Simulation Benchmark,-0.03587574320083351,-0.06663215103535834,0.008287204247343121,0
2023-07-11,2023-07-10,M1,Heavy-Tail Marginals,-0.02758349091810693,-0.034160686724903404,0.008287204247343121,0
2023-07-11,2023-07-10,M2,Wavelet + Within-Scale,-0.01209790158839839,-0.013527856156842863,0.008287204247343121,0
2023-07-11,2023-07-10,M3,Full Cross-Scale Multiscale,-0.013350282831752516,-0.015928482816538282,0.008287204247343121,0
2023-07-12,2023-07-11,M0,Historical Simulation Benchmark,-0.03587574320083351,-0.06663215103535834,0.007222876157117439,0
2023-07-12,2023-07-11,M1,Heavy-Tail Marginals,-0.026597199369462362,-0.038998131652212595,0.007222876157117439,0
2023-07-12,2023-07-11,M2,Wavelet + Within-Scale,-0.013483952295780699,-0.015015129738322832,0.007222876157117439,0
2023-07-12,2023-07-11,M3,Full Cross-Scale Multiscale,-0.014989304983621254,-0.016661025888164822,0.007222876157117439,0
2023-07-13,2023-07-12,M0,Historical Simulation Benchmark,-0.03587574320083351,-0.06663215103535834,0.01395520212663278,0
2023-07-13,2023-07-12,M1,Heavy-Tail Marginals,-0.033346671873383846,-0.045079576440566815,0.01395520212663278,0
2023-07-13,2023-07-12,M2,Wavelet + Within-Scale,-0.012381975845388993,-0.014605720735439082,0.01395520212663278,0
2023-07-13,2023-07-12,M3,Full Cross-Scale Multiscale,-0.013268646799328137,-0.01546538315844152,0.01395520212663278,0
2023-07-14,2023-07-13,M0,Historical Simulation Benchmark,-0.03587574320083351,-0.06663215103535834,-0.01389149513903674,0
2023-07-14,2023-07-13,M1,Heavy-Tail Marginals,-0.026936364848259252,-0.03606788019392668,-0.01389149513903674,0
2023-07-14,2023-07-13,M2,Wavelet + Within-Scale,-0.012979063314030384,-0.014601941778385311,-0.01389149513903674,1
2023-07-14,2023-07-13,M3,Full Cross-Scale Multiscale,-0.01395073172494245,-0.015923589587370193,-0.01389149513903674,0
2023-07-17,2023-07-14,M0,Historical Simulation Benchmark,-0.03587574320083351,-0.06663215103535834,-0.00273258471532168,0
2023-07-17,2023-07-14,M1,Heavy-Tail Marginals,-0.029836404448268326,-0.04099158425783523,-0.00273258471532168,0
2023-07-17,2023-07-14,M2,Wavelet + Within-Scale,-0.012723396839590407,-0.0153342930532105,-0.00273258471532168,0
2023-07-17,2023-07-14,M3,Full Cross-Scale Multiscale,-0.013340734931200537,-0.01588498473022614,-0.00273258471532168,0
2023-07-18,2023-07-17,M0,Historical Simulation Benchmark,-0.03587574320083351,-0.06663215103535834,0.00616051630863226,0
2023-07-18,2023-07-17,M1,Heavy-Tail Marginals,-0.02951569270475651,-0.03781848161452993,0.00616051630863226,0
2023-07-18,2023-07-17,M2,Wavelet + Within-Scale,-0.012134722523228373,-0.014533765071503266,0.00616051630863226,0
2023-07-18,2023-07-17,M3,Full Cross-Scale Multiscale,-0.012851517900923405,-0.015182648684314879,0.00616051630863226,0
2023-07-19,2023-07-18,M0,Historical Simulation Benchmark,-0.03587574320083351,-0.06663215103535834,0.0007452935920400801,0
2023-07-19,2023-07-18,M1,Heavy-Tail Marginals,-0.03001135179321256,-0.03532171869474169,0.0007452935920400801,0
2023-07-19,2023-07-18,M2,Wavelet + Within-Scale,-0.012952863921030086,-0.014123324712877949,0.0007452935920400801,0
2023-07-19,2023-07-18,M3,Full Cross-Scale Multiscale,-0.013366099051199952,-0.015400719523038984,0.0007452935920400801,0
2023-07-20,2023-07-19,M0,Historical Simulation Benchmark,-0.03587574320083351,-0.06663215103535834,-0.00369430284554336,0
2023-07-20,2023-07-19,M1,Heavy-Tail Marginals,-0.029740054341647306,-0.04674589653013704,-0.00369430284554336,0
2023-07-20,2023-07-19,M2,Wavelet + Within-Scale,-0.01222313701212969,-0.01453790887317541,-0.00369430284554336,0
2023-07-20,2023-07-19,M3,Full Cross-Scale Multiscale,-0.01365397094762025,-0.015694588975396263,-0.00369430284554336,0
2023-07-21,2023-07-20,M0,Historical Simulation Benchmark,-0.03587574320083351,-0.06663215103535834,0.0030779912221002206,0
2023-07-21,2023-07-20,M1,Heavy-Tail Marginals,-0.029525598670514217,-0.0407550356861671,0.0030779912221002206,0
2023-07-21,2023-07-20,M2,Wavelet + Within-Scale,-0.013213874205411145,-0.014491756830253366,0.0030779912221002206,0
2023-07-21,2023-07-20,M3,Full Cross-Scale Multiscale,-0.01403895691218408,-0.016106817729349847,0.0030779912221002206,0
2023-07-24,2023-07-21,M0,Historical Simulation Benchmark,-0.03587574320083351,-0.06663215103535834,-0.0005303684838487395,0
2023-07-24,2023-07-21,M1,Heavy-Tail Marginals,-0.02726845202391249,-0.039378391586523676,-0.0005303684838487395,0
2023-07-24,2023-07-21,M2,Wavelet + Within-Scale,-0.012078662934504238,-0.014014175007998389,-0.0005303684838487395,0
2023-07-24,2023-07-21,M3,Full Cross-Scale Multiscale,-0.013347642897865188,-0.016162388601612555,-0.0005303684838487395,0
2023-07-25,2023-07-24,M0,Historical Simulation Benchmark,-0.03587574320083351,-0.06663215103535834,0.0029523256911490802,0
2023-07-25,2023-07-24,M1,Heavy-Tail Marginals,-0.03255415581354431,-0.04580270781731223,0.0029523256911490802,0
2023-07-25,2023-07-24,M2,Wavelet + Within-Scale,-0.012090965449613057,-0.013660146139413154,0.0029523256911490802,0
2023-07-25,2023-07-24,M3,Full Cross-Scale Multiscale,-0.012949322212682583,-0.01465793316650362,0.0029523256911490802,0
2023-07-26,2023-07-25,M0,Historical Simulation Benchmark,-0.03587574320083351,-0.06663215103535834,0.0011511459978774802,0
2023-07-26,2023-07-25,M1,Heavy-Tail Marginals,-0.03165583669930239,-0.037595314684480165,0.0011511459978774802,0
2023-07-26,2023-07-25,M2,Wavelet + Within-Scale,-0.013245318544985738,-0.014387280170737848,0.0011511459978774802,0
2023-07-26,2023-07-25,M3,Full Cross-Scale Multiscale,-0.012407605291338629,-0.014266582465496055,0.0011511459978774802,0
2023-07-27,2023-07-26,M0,Historical Simulation Benchmark,-0.03587574320083351,-0.06663215103535834,-0.00550681004789152,0
2023-07-27,2023-07-26,M1,Heavy-Tail Marginals,-0.02828982147435074,-0.038596247186012296,-0.00550681004789152,0
2023-07-27,2023-07-26,M2,Wavelet + Within-Scale,-0.012495570836965935,-0.015001492288542684,-0.00550681004789152,0
2023-07-27,2023-07-26,M3,Full Cross-Scale Multiscale,-0.013151686617982179,-0.01463925147544328,-0.00550681004789152,0
2023-07-28,2023-07-27,M0,Historical Simulation Benchmark,-0.03587574320083351,-0.06663215103535834,0.00676938254679672,0
2023-07-28,2023-07-27,M1,Heavy-Tail Marginals,-0.023974683516660968,-0.03409882796004387,0.00676938254679672,0
2023-07-28,2023-07-27,M2,Wavelet + Within-Scale,-0.009543760915096667,-0.011200508145932004,0.00676938254679672,0
2023-07-28,2023-07-27,M3,Full Cross-Scale Multiscale,-0.009912740479579614,-0.011901558876984731,0.00676938254679672,0
2023-07-31,2023-07-28,M0,Historical Simulation Benchmark,-0.03587574320083351,-0.06663215103535834,0.00353440935047846,0
2023-07-31,2023-07-28,M1,Heavy-Tail Marginals,-0.024000409517447044,-0.029416778273460446,0.00353440935047846,0
2023-07-31,2023-07-28,M2,Wavelet + Within-Scale,-0.00984580607283539,-0.011342683042211713,0.00353440935047846,0
2023-07-31,2023-07-28,M3,Full Cross-Scale Multiscale,-0.010765443181497117,-0.012196795789596754,0.00353440935047846,0
2023-08-01,2023-07-31,M0,Historical Simulation Benchmark,-0.03587574320083351,-0.06663215103535834,-0.0013776650609872198,0
2023-08-01,2023-07-31,M1,Heavy-Tail Marginals,-0.022612616081253808,-0.03008254397022807,-0.0013776650609872198,0
2023-08-01,2023-07-31,M2,Wavelet + Within-Scale,-0.009944426776286694,-0.011162793030539481,-0.0013776650609872198,0
2023-08-01,2023-07-31,M3,Full Cross-Scale Multiscale,-0.01056975498750295,-0.012360959325114431,-0.0013776650609872198,0
2023-08-02,2023-08-01,M0,Historical Simulation Benchmark,-0.03587574320083351,-0.06663215103535834,-0.01181798024274574,0
2023-08-02,2023-08-01,M1,Heavy-Tail Marginals,-0.021479866374003006,-0.031771548175774496,-0.01181798024274574,0
2023-08-02,2023-08-01,M2,Wavelet + Within-Scale,-0.010152317965880436,-0.012279451562209238,-0.01181798024274574,1
2023-08-02,2023-08-01,M3,Full Cross-Scale Multiscale,-0.010149539121461805,-0.011382426706208582,-0.01181798024274574,1
2023-08-03,2023-08-02,M0,Historical Simulation Benchmark,-0.03587574320083351,-0.06663215103535834,0.002650855463447019,0
2023-08-03,2023-08-02,M1,Heavy-Tail Marginals,-0.02212446395448467,-0.0318642753205442,0.002650855463447019,0
2023-08-03,2023-08-02,M2,Wavelet + Within-Scale,-0.009624732870863373,-0.011390927236202327,0.002650855463447019,0
2023-08-03,2023-08-02,M3,Full Cross-Scale Multiscale,-0.010826417721040878,-0.012825194752323854,0.002650855463447019,0
2023-08-04,2023-08-03,M0,Historical Simulation Benchmark,-0.03587574320083351,-0.06663215103535834,0.0029829100125693796,0
2023-08-04,2023-08-03,M1,Heavy-Tail Marginals,-0.023835895941135703,-0.03183965523596359,0.0029829100125693796,0
2023-08-04,2023-08-03,M2,Wavelet + Within-Scale,-0.010258950407418976,-0.011633380051542781,0.0029829100125693796,0
2023-08-04,2023-08-03,M3,Full Cross-Scale Multiscale,-0.01038856250543589,-0.01151126809883043,0.0029829100125693796,0
2023-08-07,2023-08-04,M0,Historical Simulation Benchmark,-0.03587574320083351,-0.06663215103535834,0.0016103953215083602,0
2023-08-07,2023-08-04,M1,Heavy-Tail Marginals,-0.022449295558602634,-0.02821896663242928,0.0016103953215083602,0
2023-08-07,2023-08-04,M2,Wavelet + Within-Scale,-0.009808136857234535,-0.011431353857212286,0.0016103953215083602,0
2023-08-07,2023-08-04,M3,Full Cross-Scale Multiscale,-0.010884147950842504,-0.012310766784438869,0.0016103953215083602,0
2023-08-08,2023-08-07,M0,Historical Simulation Benchmark,-0.03587574320083351,-0.06663215103535834,0.0034844873121631405,0
2023-08-08,2023-08-07,M1,Heavy-Tail Marginals,-0.024547235313094343,-0.0344630615376388,0.0034844873121631405,0
2023-08-08,2023-08-07,M2,Wavelet + Within-Scale,-0.00944875923390847,-0.010394808902225914,0.0034844873121631405,0
2023-08-08,2023-08-07,M3,Full Cross-Scale Multiscale,-0.010438199403375665,-0.011536742040263306,0.0034844873121631405,0
2023-08-09,2023-08-08,M0,Historical Simulation Benchmark,-0.03587574320083351,-0.06663215103535834,-0.0007560383334822198,0
2023-08-09,2023-08-08,M1,Heavy-Tail Marginals,-0.021675547221207698,-0.030282630956556818,-0.0007560383334822198,0
2023-08-09,2023-08-08,M2,Wavelet + Within-Scale,-0.009777997787191005,-0.01103485475615018,-0.0007560383334822198,0
2023-08-09,2023-08-08,M3,Full Cross-Scale Multiscale,-0.010350599666140494,-0.013153648789044372,-0.0007560383334822198,0
2023-08-10,2023-08-09,M0,Historical Simulation Benchmark,-0.03587574320083351,-0.06663215103535834,-0.00498461541013814,0
2023-08-10,2023-08-09,M1,Heavy-Tail Marginals,-0.024761540584811566,-0.036442930424578183,-0.00498461541013814,0
2023-08-10,2023-08-09,M2,Wavelet + Within-Scale,-0.009206961173876128,-0.01033919564248578,-0.00498461541013814,0
2023-08-10,2023-08-09,M3,Full Cross-Scale Multiscale,-0.010171585386339733,-0.011734108946838418,-0.00498461541013814,0
2023-08-11,2023-08-10,M0,Historical Simulation Benchmark,-0.03587574320083351,-0.06663215103535834,-0.0012582088428161999,0
2023-08-11,2023-08-10,M1,Heavy-Tail Marginals,-0.022080399877861517,-0.028088301770840696,-0.0012582088428161999,0
2023-08-11,2023-08-10,M2,Wavelet + Within-Scale,-0.010351508391701084,-0.011832026306742242,-0.0012582088428161999,0
2023-08-11,2023-08-10,M3,Full Cross-Scale Multiscale,-0.010492712591373382,-0.012398606460206704,-0.0012582088428161999,0
2023-08-14,2023-08-11,M0,Historical Simulation Benchmark,-0.03587574320083351,-0.06663215103535834,-0.0009427825625774401,0
2023-08-14,2023-08-11,M1,Heavy-Tail Marginals,-0.023860060056332552,-0.030043423058506363,-0.0009427825625774401,0
2023-08-14,2023-08-11,M2,Wavelet + Within-Scale,-0.009509061721258828,-0.01172485906644499,-0.0009427825625774401,0
2023-08-14,2023-08-11,M3,Full Cross-Scale Multiscale,-0.01062071208020484,-0.012664038331755861,-0.0009427825625774401,0
2023-08-15,2023-08-14,M0,Historical Simulation Benchmark,-0.03587574320083351,-0.06663215103535834,-0.008135040064059062,0
2023-08-15,2023-08-14,M1,Heavy-Tail Marginals,-0.024237271645242222,-0.034701576918588065,-0.008135040064059062,0
2023-08-15,2023-08-14,M2,Wavelet + Within-Scale,-0.009659038278777784,-0.011421718914370863,-0.008135040064059062,0
2023-08-15,2023-08-14,M3,Full Cross-Scale Multiscale,-0.010030731728578251,-0.011170475726202545,-0.008135040064059062,0
2023-08-16,2023-08-15,M0,Historical Simulation Benchmark,-0.03587574320083351,-0.06663215103535834,-0.01011196515233332,0
2023-08-16,2023-08-15,M1,Heavy-Tail Marginals,-0.02111211748107055,-0.03065208329435589,-0.01011196515233332,0
2023-08-16,2023-08-15,M2,Wavelet + Within-Scale,-0.009655985853369055,-0.011209352144708326,-0.01011196515233332,1
2023-08-16,2023-08-15,M3,Full Cross-Scale Multiscale,-0.009980853220772882,-0.011504011204857747,-0.01011196515233332,1
2023-08-17,2023-08-16,M0,Historical Simulation Benchmark,-0.03587574320083351,-0.06663215103535834,-0.01511731087262334,0
2023-08-17,2023-08-16,M1,Heavy-Tail Marginals,-0.024231836806027796,-0.03183467813308543,-0.01511731087262334,0
2023-08-17,2023-08-16,M2,Wavelet + Within-Scale,-0.010101649865252933,-0.011791723761829664,-0.01511731087262334,1
2023-08-17,2023-08-16,M3,Full Cross-Scale Multiscale,-0.009811668002479162,-0.01111203339908727,-0.01511731087262334,1
2023-08-18,2023-08-17,M0,Historical Simulation Benchmark,-0.03587574320083351,-0.06663215103535834,-0.0016991921408525804,0
2023-08-18,2023-08-17,M1,Heavy-Tail Marginals,-0.022922071915026793,-0.030260564605835132,-0.0016991921408525804,0
2023-08-18,2023-08-17,M2,Wavelet + Within-Scale,-0.009627460579509549,-0.011266796536149672,-0.0016991921408525804,0
2023-08-18,2023-08-17,M3,Full Cross-Scale Multiscale,-0.01154613215161387,-0.01287083649061806,-0.0016991921408525804,0
2023-08-21,2023-08-18,M0,Historical Simulation Benchmark,-0.03587574320083351,-0.06663215103535834,0.0005946902044251802,0
2023-08-21,2023-08-18,M1,Heavy-Tail Marginals,-0.024878619278452585,-0.0326539678190841,0.0005946902044251802,0
2023-08-21,2023-08-18,M2,Wavelet + Within-Scale,-0.010416889143139051,-0.012255424458918683,0.0005946902044251802,0
2023-08-21,2023-08-18,M3,Full Cross-Scale Multiscale,-0.011268477139276206,-0.013659028858004246,0.0005946902044251802,0
2023-08-22,2023-08-21,M0,Historical Simulation Benchmark,-0.03587574320083351,-0.06663215103535834,-0.0016645646860174999,0
2023-08-22,2023-08-21,M1,Heavy-Tail Marginals,-0.02504683783011431,-0.033065044479308844,-0.0016645646860174999,0
2023-08-22,2023-08-21,M2,Wavelet + Within-Scale,-0.009970610487329834,-0.011740248694670056,-0.0016645646860174999,0
2023-08-22,2023-08-21,M3,Full Cross-Scale Multiscale,-0.010409808703223934,-0.01234447371032266,-0.0016645646860174999,0
2023-08-23,2023-08-22,M0,Historical Simulation Benchmark,-0.03587574320083351,-0.06663215103535834,0.006884557276708241,0
2023-08-23,2023-08-22,M1,Heavy-Tail Marginals,-0.023936746413850418,-0.03641930837031686,0.006884557276708241,0
2023-08-23,2023-08-22,M2,Wavelet + Within-Scale,-0.00999533398404524,-0.011051527743507612,0.006884557276708241,0
2023-08-23,2023-08-22,M3,Full Cross-Scale Multiscale,-0.011102772753327704,-0.0125089418264449,0.006884557276708241,0
2023-08-24,2023-08-23,M0,Historical Simulation Benchmark,-0.03587574320083351,-0.06663215103535834,-0.005489454286531341,0
2023-08-24,2023-08-23,M1,Heavy-Tail Marginals,-0.023527009680404335,-0.030233678076897703,-0.005489454286531341,0
2023-08-24,2023-08-23,M2,Wavelet + Within-Scale,-0.01032463457851741,-0.012004752652560765,-0.005489454286531341,0
2023-08-24,2023-08-23,M3,Full Cross-Scale Multiscale,-0.010823746400418716,-0.012342295226990551,-0.005489454286531341,0
2023-08-25,2023-08-24,M0,Historical Simulation Benchmark,-0.03587574320083351,-0.06663215103535834,0.0030951124813081406,0
2023-08-25,2023-08-24,M1,Heavy-Tail Marginals,-0.027717530369784596,-0.038225704964824046,0.0030951124813081406,0
2023-08-25,2023-08-24,M2,Wavelet + Within-Scale,-0.01041179994498838,-0.01203107043446627,0.0030951124813081406,0
2023-08-25,2023-08-24,M3,Full Cross-Scale Multiscale,-0.010493294519292774,-0.011856945493810316,0.0030951124813081406,0
2023-08-28,2023-08-25,M0,Historical Simulation Benchmark,-0.03587574320083351,-0.06663215103535834,0.00273001332080634,0
2023-08-28,2023-08-25,M1,Heavy-Tail Marginals,-0.024273421353865024,-0.03316541934437507,0.00273001332080634,0
2023-08-28,2023-08-25,M2,Wavelet + Within-Scale,-0.010395929154953031,-0.01184510015578416,0.00273001332080634,0
2023-08-28,2023-08-25,M3,Full Cross-Scale Multiscale,-0.011294935409822394,-0.013242695711111422,0.00273001332080634,0
2023-08-29,2023-08-28,M0,Historical Simulation Benchmark,-0.03587574320083351,-0.06663215103535834,0.02078344630526338,0
2023-08-29,2023-08-28,M1,Heavy-Tail Marginals,-0.022755753503797403,-0.03203488998709602,0.02078344630526338,0
2023-08-29,2023-08-28,M2,Wavelet + Within-Scale,-0.010640452408427273,-0.012277352887563955,0.02078344630526338,0
2023-08-29,2023-08-28,M3,Full Cross-Scale Multiscale,-0.012375432651326792,-0.014036190323243766,0.02078344630526338,0
2023-08-30,2023-08-29,M0,Historical Simulation Benchmark,-0.03587574320083351,-0.06663215103535834,-0.0009008948795738198,0
2023-08-30,2023-08-29,M1,Heavy-Tail Marginals,-0.02697343533665045,-0.039988889562410736,-0.0009008948795738198,0
2023-08-30,2023-08-29,M2,Wavelet + Within-Scale,-0.00984812511674001,-0.01105097245110621,-0.0009008948795738198,0
2023-08-30,2023-08-29,M3,Full Cross-Scale Multiscale,-0.01137324092097394,-0.01263655086690738,-0.0009008948795738198,0
2023-08-31,2023-08-30,M0,Historical Simulation Benchmark,-0.03587574320083351,-0.06663215103535834,-0.006724951994840042,0
2023-08-31,2023-08-30,M1,Heavy-Tail Marginals,-0.022697058802542306,-0.026850443531930668,-0.006724951994840042,0
2023-08-31,2023-08-30,M2,Wavelet + Within-Scale,-0.01113424551253953,-0.01321808877454376,-0.006724951994840042,0
2023-08-31,2023-08-30,M3,Full Cross-Scale Multiscale,-0.011497273126141277,-0.013593421018095783,-0.006724951994840042,0
2023-09-01,2023-08-31,M0,Historical Simulation Benchmark,-0.03587574320083351,-0.06663215103535834,0.0031310600133333394,0
2023-09-01,2023-08-31,M1,Heavy-Tail Marginals,-0.023983045192313222,-0.03416587578190561,0.0031310600133333394,0
2023-09-01,2023-08-31,M2,Wavelet + Within-Scale,-0.010727894650407343,-0.012265496777887578,0.0031310600133333394,0
2023-09-01,2023-08-31,M3,Full Cross-Scale Multiscale,-0.01043987054226649,-0.012833585656111698,0.0031310600133333394,0
2023-09-05,2023-09-01,M0,Historical Simulation Benchmark,-0.03587574320083351,-0.06663215103535834,-0.0017106322284897997,0
2023-09-05,2023-09-01,M1,Heavy-Tail Marginals,-0.02604240180912087,-0.03839059311834666,-0.0017106322284897997,0
2023-09-05,2023-09-01,M2,Wavelet + Within-Scale,-0.010042714945545528,-0.011721712052307131,-0.0017106322284897997,0
2023-09-05,2023-09-01,M3,Full Cross-Scale Multiscale,-0.011103951857280336,-0.013844254763175046,-0.0017106322284897997,0
2023-09-06,2023-09-05,M0,Historical Simulation Benchmark,-0.03587574320083351,-0.06663215103535834,-0.0010348035584121797,0
2023-09-06,2023-09-05,M1,Heavy-Tail Marginals,-0.02520512543540507,-0.03553949295387803,-0.0010348035584121797,0
2023-09-06,2023-09-05,M2,Wavelet + Within-Scale,-0.010553794505051782,-0.012886226536395687,-0.0010348035584121797,0
2023-09-06,2023-09-05,M3,Full Cross-Scale Multiscale,-0.011155525343795871,-0.013392132060522852,-0.0010348035584121797,0
2023-09-07,2023-09-06,M0,Historical Simulation Benchmark,-0.03587574320083351,-0.06663215103535834,0.0025735455464854003,0
2023-09-07,2023-09-06,M1,Heavy-Tail Marginals,-0.024530519072390032,-0.045933024425119824,0.0025735455464854003,0
2023-09-07,2023-09-06,M2,Wavelet + Within-Scale,-0.01100281376578121,-0.013098048222684778,0.0025735455464854003,0
2023-09-07,2023-09-06,M3,Full Cross-Scale Multiscale,-0.010840297669356444,-0.013949479275618668,0.0025735455464854003,0
2023-09-08,2023-09-07,M0,Historical Simulation Benchmark,-0.03587574320083351,-0.06663215103535834,-0.0012590507669804003,0
2023-09-08,2023-09-07,M1,Heavy-Tail Marginals,-0.026634497077344912,-0.045535154080183306,-0.0012590507669804003,0
2023-09-08,2023-09-07,M2,Wavelet + Within-Scale,-0.00999037577722172,-0.011110734961254037,-0.0012590507669804003,0
2023-09-08,2023-09-07,M3,Full Cross-Scale Multiscale,-0.010962105850432523,-0.012713908633868657,-0.0012590507669804003,0
2023-09-11,2023-09-08,M0,Historical Simulation Benchmark,-0.03587574320083351,-0.06663215103535834,-0.00430250959872238,0
2023-09-11,2023-09-08,M1,Heavy-Tail Marginals,-0.02240348584709557,-0.02620202540934157,-0.00430250959872238,0
2023-09-11,2023-09-08,M2,Wavelet + Within-Scale,-0.010135926085704334,-0.0122826107288572,-0.00430250959872238,0
2023-09-11,2023-09-08,M3,Full Cross-Scale Multiscale,-0.011617729816516268,-0.014445020535937502,-0.00430250959872238,0
2023-09-12,2023-09-11,M0,Historical Simulation Benchmark,-0.03587574320083351,-0.06663215103535834,0.0067708343088159,0
2023-09-12,2023-09-11,M1,Heavy-Tail Marginals,-0.02597075315420949,-0.0357699344748201,0.0067708343088159,0
2023-09-12,2023-09-11,M2,Wavelet + Within-Scale,-0.010417022604364912,-0.012577976054608872,0.0067708343088159,0
2023-09-12,2023-09-11,M3,Full Cross-Scale Multiscale,-0.011267616371842346,-0.013177148983149214,0.0067708343088159,0
2023-09-13,2023-09-12,M0,Historical Simulation Benchmark,-0.03587574320083351,-0.06663215103535834,0.00299031695048374,0
2023-09-13,2023-09-12,M1,Heavy-Tail Marginals,-0.02420352861643198,-0.034222381761486315,0.00299031695048374,0
2023-09-13,2023-09-12,M2,Wavelet + Within-Scale,-0.010951671199854126,-0.012630956022374452,0.00299031695048374,0
2023-09-13,2023-09-12,M3,Full Cross-Scale Multiscale,-0.011054196721224097,-0.012812230687594331,0.00299031695048374,0
2023-09-14,2023-09-13,M0,Historical Simulation Benchmark,-0.03587574320083351,-0.06663215103535834,0.007311832931053221,0
2023-09-14,2023-09-13,M1,Heavy-Tail Marginals,-0.024682298453987752,-0.037880032442044846,0.007311832931053221,0
2023-09-14,2023-09-13,M2,Wavelet + Within-Scale,-0.01023398002426209,-0.011792730866377063,0.007311832931053221,0
2023-09-14,2023-09-13,M3,Full Cross-Scale Multiscale,-0.01100125508462348,-0.013394065999028837,0.007311832931053221,0
2023-09-15,2023-09-14,M0,Historical Simulation Benchmark,-0.03587574320083351,-0.06663215103535834,-0.0007918951681101205,0
2023-09-15,2023-09-14,M1,Heavy-Tail Marginals,-0.025205868642494418,-0.03852209204197314,-0.0007918951681101205,0
2023-09-15,2023-09-14,M2,Wavelet + Within-Scale,-0.010544476841945916,-0.011716031732453398,-0.0007918951681101205,0
2023-09-15,2023-09-14,M3,Full Cross-Scale Multiscale,-0.011126343257474742,-0.012602170570952573,-0.0007918951681101205,0
2023-09-18,2023-09-15,M0,Historical Simulation Benchmark,-0.03587574320083351,-0.06663215103535834,0.0029691780596243405,0
2023-09-18,2023-09-15,M1,Heavy-Tail Marginals,-0.022927607426517737,-0.03652325451351723,0.0029691780596243405,0
2023-09-18,2023-09-15,M2,Wavelet + Within-Scale,-0.010692952208200527,-0.011804011831485956,0.0029691780596243405,0
2023-09-18,2023-09-15,M3,Full Cross-Scale Multiscale,-0.01161503304268836,-0.013604023474669834,0.0029691780596243405,0
2023-09-19,2023-09-18,M0,Historical Simulation Benchmark,-0.03587574320083351,-0.06663215103535834,0.0021730785052330396,0
2023-09-19,2023-09-18,M1,Heavy-Tail Marginals,-0.026134265030943713,-0.03801466152658647,0.0021730785052330396,0
2023-09-19,2023-09-18,M2,Wavelet + Within-Scale,-0.010300521617944496,-0.011859680831892226,0.0021730785052330396,0
2023-09-19,2023-09-18,M3,Full Cross-Scale Multiscale,-0.012070778880650179,-0.013532143996978774,0.0021730785052330396,0
2023-09-20,2023-09-19,M0,Historical Simulation Benchmark,-0.03587574320083351,-0.06663215103535834,-0.00580087966922506,0
2023-09-20,2023-09-19,M1,Heavy-Tail Marginals,-0.024231711893776535,-0.04165947677594499,-0.00580087966922506,0
2023-09-20,2023-09-19,M2,Wavelet + Within-Scale,-0.01034268970576097,-0.011538875949661421,-0.00580087966922506,0
2023-09-20,2023-09-19,M3,Full Cross-Scale Multiscale,-0.01133053000501613,-0.012566439970195253,-0.00580087966922506,0
2023-09-21,2023-09-20,M0,Historical Simulation Benchmark,-0.03587574320083351,-0.06663215103535834,-0.00981276355158514,0
2023-09-21,2023-09-20,M1,Heavy-Tail Marginals,-0.023907150891547553,-0.029282879734121182,-0.00981276355158514,0
2023-09-21,2023-09-20,M2,Wavelet + Within-Scale,-0.01048881922672888,-0.012185725567108261,-0.00981276355158514,0
2023-09-21,2023-09-20,M3,Full Cross-Scale Multiscale,-0.011413703315397004,-0.013366153065567866,-0.00981276355158514,0
2023-09-22,2023-09-21,M0,Historical Simulation Benchmark,-0.03587574320083351,-0.06663215103535834,0.0016057079808951401,0
2023-09-22,2023-09-21,M1,Heavy-Tail Marginals,-0.02504468807636498,-0.031657461326863416,0.0016057079808951401,0
2023-09-22,2023-09-21,M2,Wavelet + Within-Scale,-0.010683132952813377,-0.012332873723871193,0.0016057079808951401,0
2023-09-22,2023-09-21,M3,Full Cross-Scale Multiscale,-0.01109712453213465,-0.012978183594845708,0.0016057079808951401,0
2023-09-25,2023-09-22,M0,Historical Simulation Benchmark,-0.03587574320083351,-0.06663215103535834,-0.0043927069012619,0
2023-09-25,2023-09-22,M1,Heavy-Tail Marginals,-0.024379612613902837,-0.03323985276997968,-0.0043927069012619,0
2023-09-25,2023-09-22,M2,Wavelet + Within-Scale,-0.010879264047714806,-0.01280888148767564,-0.0043927069012619,0
2023-09-25,2023-09-22,M3,Full Cross-Scale Multiscale,-0.010952618338933476,-0.013357839301831913,-0.0043927069012619,0
2023-09-26,2023-09-25,M0,Historical Simulation Benchmark,-0.03587574320083351,-0.06663215103535834,-0.00403340975143358,0
2023-09-26,2023-09-25,M1,Heavy-Tail Marginals,-0.02592953802888206,-0.03542611053554205,-0.00403340975143358,0
2023-09-26,2023-09-25,M2,Wavelet + Within-Scale,-0.010688069267402674,-0.01215447464143488,-0.00403340975143358,0
2023-09-26,2023-09-25,M3,Full Cross-Scale Multiscale,-0.011808451824946898,-0.013359387844141687,-0.00403340975143358,0
2023-09-27,2023-09-26,M0,Historical Simulation Benchmark,-0.03587574320083351,-0.06663215103535834,0.0026595762159342994,0
2023-09-27,2023-09-26,M1,Heavy-Tail Marginals,-0.024842031834187688,-0.03883050200635042,0.0026595762159342994,0
2023-09-27,2023-09-26,M2,Wavelet + Within-Scale,-0.009003662573344192,-0.010720469571627013,0.0026595762159342994,0
2023-09-27,2023-09-26,M3,Full Cross-Scale Multiscale,-0.00935232849594117,-0.01165869843206083,0.0026595762159342994,0
2023-09-28,2023-09-27,M0,Historical Simulation Benchmark,-0.03587574320083351,-0.06663215103535834,0.0024788676425659606,0
2023-09-28,2023-09-27,M1,Heavy-Tail Marginals,-0.023858538234365238,-0.03371943987377142,0.0024788676425659606,0
2023-09-28,2023-09-27,M2,Wavelet + Within-Scale,-0.008740468460346415,-0.010261989906043666,0.0024788676425659606,0
2023-09-28,2023-09-27,M3,Full Cross-Scale Multiscale,-0.009870394389040936,-0.011049529769879446,0.0024788676425659606,0
2023-09-29,2023-09-28,M0,Historical Simulation Benchmark,-0.03587574320083351,-0.06663215103535834,-0.00507091797680196,0
2023-09-29,2023-09-28,M1,Heavy-Tail Marginals,-0.020938737860835614,-0.02789910127825552,-0.00507091797680196,0
2023-09-29,2023-09-28,M2,Wavelet + Within-Scale,-0.009426752082019015,-0.010647509022887823,-0.00507091797680196,0
2023-09-29,2023-09-28,M3,Full Cross-Scale Multiscale,-0.009933045290373053,-0.011599569561855514,-0.00507091797680196,0
2023-10-02,2023-09-29,M0,Historical Simulation Benchmark,-0.03587574320083351,-0.06663215103535834,-0.0029401577718756603,0
2023-10-02,2023-09-29,M1,Heavy-Tail Marginals,-0.02145795091330216,-0.03152580891807614,-0.0029401577718756603,0
2023-10-02,2023-09-29,M2,Wavelet + Within-Scale,-0.008762059293645798,-0.010722139709128569,-0.0029401577718756603,0
2023-10-02,2023-09-29,M3,Full Cross-Scale Multiscale,-0.009309684493644547,-0.01092924653408001,-0.0029401577718756603,0
2023-10-03,2023-10-02,M0,Historical Simulation Benchmark,-0.03587574320083351,-0.06663215103535834,-0.004314013155720119,0
2023-10-03,2023-10-02,M1,Heavy-Tail Marginals,-0.0211026166024419,-0.03338353521783594,-0.004314013155720119,0
2023-10-03,2023-10-02,M2,Wavelet + Within-Scale,-0.008820596970411697,-0.010724406119973235,-0.004314013155720119,0
2023-10-03,2023-10-02,M3,Full Cross-Scale Multiscale,-0.00933108422278308,-0.011173311771323665,-0.004314013155720119,0
2023-10-04,2023-10-03,M0,Historical Simulation Benchmark,-0.03587574320083351,-0.06663215103535834,-0.005797819815894119,0
2023-10-04,2023-10-03,M1,Heavy-Tail Marginals,-0.022588043995782372,-0.02799400285149935,-0.005797819815894119,0
2023-10-04,2023-10-03,M2,Wavelet + Within-Scale,-0.008742593564513393,-0.009866189305131275,-0.005797819815894119,0
2023-10-04,2023-10-03,M3,Full Cross-Scale Multiscale,-0.00983640945766863,-0.011350869002923088,-0.005797819815894119,0
2023-10-05,2023-10-04,M0,Historical Simulation Benchmark,-0.03587574320083351,-0.06663215103535834,-0.00712353122232684,0
2023-10-05,2023-10-04,M1,Heavy-Tail Marginals,-0.02196742776641019,-0.032540852065042015,-0.00712353122232684,0
2023-10-05,2023-10-04,M2,Wavelet + Within-Scale,-0.008953985163620379,-0.010392924291670129,-0.00712353122232684,0
2023-10-05,2023-10-04,M3,Full Cross-Scale Multiscale,-0.009315502296566146,-0.011969971469405358,-0.00712353122232684,0
2023-10-06,2023-10-05,M0,Historical Simulation Benchmark,-0.03587574320083351,-0.06663215103535834,0.00650851177788424,0
2023-10-06,2023-10-05,M1,Heavy-Tail Marginals,-0.024324257376699725,-0.03687279546039488,0.00650851177788424,0
2023-10-06,2023-10-05,M2,Wavelet + Within-Scale,-0.008657471822940457,-0.010175259565450952,0.00650851177788424,0
2023-10-06,2023-10-05,M3,Full Cross-Scale Multiscale,-0.00938172841604824,-0.010867144860882938,0.00650851177788424,0
2023-10-09,2023-10-06,M0,Historical Simulation Benchmark,-0.03587574320083351,-0.06663215103535834,0.01269662144438748,0
2023-10-09,2023-10-06,M1,Heavy-Tail Marginals,-0.021393997693819566,-0.029604927752337744,0.01269662144438748,0
2023-10-09,2023-10-06,M2,Wavelet + Within-Scale,-0.009275806563627918,-0.010504839657173002,0.01269662144438748,0
2023-10-09,2023-10-06,M3,Full Cross-Scale Multiscale,-0.010271402667946532,-0.011659987869791546,0.01269662144438748,0
2023-10-10,2023-10-09,M0,Historical Simulation Benchmark,-0.03587574320083351,-0.06663215103535834,-0.0021863739752195,0
2023-10-10,2023-10-09,M1,Heavy-Tail Marginals,-0.02206356221527571,-0.03021621110161655,-0.0021863739752195,0
2023-10-10,2023-10-09,M2,Wavelet + Within-Scale,-0.009515707728328476,-0.010825085244125458,-0.0021863739752195,0
2023-10-10,2023-10-09,M3,Full Cross-Scale Multiscale,-0.009554663649001871,-0.011000984010543974,-0.0021863739752195,0
2023-10-11,2023-10-10,M0,Historical Simulation Benchmark,-0.03587574320083351,-0.06663215103535834,-0.0031780497197592605,0
2023-10-11,2023-10-10,M1,Heavy-Tail Marginals,-0.024559458710063424,-0.03533121984425781,-0.0031780497197592605,0
2023-10-11,2023-10-10,M2,Wavelet + Within-Scale,-0.008425406693729029,-0.010385687587695243,-0.0031780497197592605,0
2023-10-11,2023-10-10,M3,Full Cross-Scale Multiscale,-0.009357869494651791,-0.010951453232132997,-0.0031780497197592605,0
2023-10-12,2023-10-11,M0,Historical Simulation Benchmark,-0.03587574320083351,-0.06663215103535834,-0.00529684673871408,0
2023-10-12,2023-10-11,M1,Heavy-Tail Marginals,-0.024232378502893188,-0.03184016865514886,-0.00529684673871408,0
2023-10-12,2023-10-11,M2,Wavelet + Within-Scale,-0.009723617954155994,-0.010858310821769515,-0.00529684673871408,0
2023-10-12,2023-10-11,M3,Full Cross-Scale Multiscale,-0.009432172001951645,-0.011097047294976368,-0.00529684673871408,0
2023-10-13,2023-10-12,M0,Historical Simulation Benchmark,-0.03587574320083351,-0.06663215103535834,0.01664256424421508,0
2023-10-13,2023-10-12,M1,Heavy-Tail Marginals,-0.020966204803124566,-0.029111362733971996,0.01664256424421508,0
2023-10-13,2023-10-12,M2,Wavelet + Within-Scale,-0.008872384560715915,-0.010305933768650877,0.01664256424421508,0
2023-10-13,2023-10-12,M3,Full Cross-Scale Multiscale,-0.009177410500709847,-0.011343083490087438,0.01664256424421508,0
2023-10-16,2023-10-13,M0,Historical Simulation Benchmark,-0.03587574320083351,-0.06663215103535834,0.0103778304095643,0
2023-10-16,2023-10-13,M1,Heavy-Tail Marginals,-0.023409407231503254,-0.03809095379788567,0.0103778304095643,0
2023-10-16,2023-10-13,M2,Wavelet + Within-Scale,-0.009211880237475717,-0.01065286719439587,0.0103778304095643,0
2023-10-16,2023-10-13,M3,Full Cross-Scale Multiscale,-0.009939115406672791,-0.011573484331864258,0.0103778304095643,0
2023-10-17,2023-10-16,M0,Historical Simulation Benchmark,-0.03587574320083351,-0.06663215103535834,-0.0012962379798588343,0
2023-10-17,2023-10-16,M1,Heavy-Tail Marginals,-0.02219915998689657,-0.03005100986495627,-0.0012962379798588343,0
2023-10-17,2023-10-16,M2,Wavelet + Within-Scale,-0.009057760619874154,-0.010753011123072144,-0.0012962379798588343,0
2023-10-17,2023-10-16,M3,Full Cross-Scale Multiscale,-0.009682817504116854,-0.010734538050766526,-0.0012962379798588343,0
2023-10-18,2023-10-17,M0,Historical Simulation Benchmark,-0.03587574320083351,-0.06663215103535834,0.0012591705253847795,0
2023-10-18,2023-10-17,M1,Heavy-Tail Marginals,-0.02254643057480394,-0.029684733850557744,0.0012591705253847795,0
2023-10-18,2023-10-17,M2,Wavelet + Within-Scale,-0.009005520161958687,-0.00981726766632526,0.0012591705253847795,0
2023-10-18,2023-10-17,M3,Full Cross-Scale Multiscale,-0.009150400349979946,-0.010304791712428258,0.0012591705253847795,0
2023-10-19,2023-10-18,M0,Historical Simulation Benchmark,-0.03587574320083351,-0.06663215103535834,0.0069896757823302,0
2023-10-19,2023-10-18,M1,Heavy-Tail Marginals,-0.022690665949594544,-0.031017126932281276,0.0069896757823302,0
2023-10-19,2023-10-18,M2,Wavelet + Within-Scale,-0.009086564957940762,-0.010352469479509362,0.0069896757823302,0
2023-10-19,2023-10-18,M3,Full Cross-Scale Multiscale,-0.009183989649645004,-0.01058246370123227,0.0069896757823302,0
2023-10-20,2023-10-19,M0,Historical Simulation Benchmark,-0.03587574320083351,-0.06663215103535834,0.0034214506778156,0
2023-10-20,2023-10-19,M1,Heavy-Tail Marginals,-0.02161898928024767,-0.030826608099144902,0.0034214506778156,0
2023-10-20,2023-10-19,M2,Wavelet + Within-Scale,-0.00886233212216134,-0.010086543392180842,0.0034214506778156,0
2023-10-20,2023-10-19,M3,Full Cross-Scale Multiscale,-0.009712692078065306,-0.010695156111775997,0.0034214506778156,0
2023-10-23,2023-10-20,M0,Historical Simulation Benchmark,-0.03587574320083351,-0.06663215103535834,0.017085282093320064,0
2023-10-23,2023-10-20,M1,Heavy-Tail Marginals,-0.022869408168903916,-0.026849607663036547,0.017085282093320064,0
2023-10-23,2023-10-20,M2,Wavelet + Within-Scale,-0.008593850566604309,-0.009788841778136347,0.017085282093320064,0
2023-10-23,2023-10-20,M3,Full Cross-Scale Multiscale,-0.009563204743965378,-0.010886631207188415,0.017085282093320064,0
2023-10-24,2023-10-23,M0,Historical Simulation Benchmark,-0.03587574320083351,-0.06663215103535834,0.0016728464210132208,0
2023-10-24,2023-10-23,M1,Heavy-Tail Marginals,-0.022525564804431575,-0.02673365233774903,0.0016728464210132208,0
2023-10-24,2023-10-23,M2,Wavelet + Within-Scale,-0.008650173023600528,-0.010696033229385182,0.0016728464210132208,0
2023-10-24,2023-10-23,M3,Full Cross-Scale Multiscale,-0.0098256393422802,-0.011219223612255403,0.0016728464210132208,0
2023-10-25,2023-10-24,M0,Historical Simulation Benchmark,-0.03587574320083351,-0.06663215103535834,0.0036412567946901195,0
2023-10-25,2023-10-24,M1,Heavy-Tail Marginals,-0.022167153546096607,-0.032361050221732406,0.0036412567946901195,0
2023-10-25,2023-10-24,M2,Wavelet + Within-Scale,-0.009049783095092603,-0.011031614951321527,0.0036412567946901195,0
2023-10-25,2023-10-24,M3,Full Cross-Scale Multiscale,-0.009808109472414677,-0.011073426134929416,0.0036412567946901195,0
2023-10-26,2023-10-25,M0,Historical Simulation Benchmark,-0.03587574320083351,-0.06663215103535834,-0.006635444121033821,0
2023-10-26,2023-10-25,M1,Heavy-Tail Marginals,-0.035823618865269524,-0.055196187394542684,-0.006635444121033821,0
2023-10-26,2023-10-25,M2,Wavelet + Within-Scale,-0.01827020977762365,-0.02145512225869165,-0.006635444121033821,0
2023-10-26,2023-10-25,M3,Full Cross-Scale Multiscale,-0.02080435682116557,-0.022856962751747652,-0.006635444121033821,0
2023-10-27,2023-10-26,M0,Historical Simulation Benchmark,-0.03587574320083351,-0.06663215103535834,0.00405188403527376,0
2023-10-27,2023-10-26,M1,Heavy-Tail Marginals,-0.03359191980062593,-0.04770340464447407,0.00405188403527376,0
2023-10-27,2023-10-26,M2,Wavelet + Within-Scale,-0.018548505515262926,-0.02053151771117847,0.00405188403527376,0
2023-10-27,2023-10-26,M3,Full Cross-Scale Multiscale,-0.019584548153344324,-0.022156042512505556,0.00405188403527376,0
2023-10-30,2023-10-27,M0,Historical Simulation Benchmark,-0.03587574320083351,-0.06663215103535834,-0.0019412432627728404,0
2023-10-30,2023-10-27,M1,Heavy-Tail Marginals,-0.029656551476535654,-0.03817901098809072,-0.0019412432627728404,0
2023-10-30,2023-10-27,M2,Wavelet + Within-Scale,-0.019866746785863205,-0.022376344881252223,-0.0019412432627728404,0
2023-10-30,2023-10-27,M3,Full Cross-Scale Multiscale,-0.02050678263194992,-0.02343213294148579,-0.0019412432627728404,0
2023-10-31,2023-10-30,M0,Historical Simulation Benchmark,-0.03587574320083351,-0.06663215103535834,-0.0020365622971457403,0
2023-10-31,2023-10-30,M1,Heavy-Tail Marginals,-0.031013894190428954,-0.03851619832337204,-0.0020365622971457403,0
2023-10-31,2023-10-30,M2,Wavelet + Within-Scale,-0.020007031955741612,-0.022001819435324248,-0.0020365622971457403,0
2023-10-31,2023-10-30,M3,Full Cross-Scale Multiscale,-0.020674837904139924,-0.024058264639017352,-0.0020365622971457403,0
2023-11-01,2023-10-31,M0,Historical Simulation Benchmark,-0.03587574320083351,-0.06663215103535834,0.007450346358647341,0
2023-11-01,2023-10-31,M1,Heavy-Tail Marginals,-0.03588002749791473,-0.04697137918742322,0.007450346358647341,0
2023-11-01,2023-10-31,M2,Wavelet + Within-Scale,-0.019540211252672975,-0.021840440582256142,0.007450346358647341,0
2023-11-01,2023-10-31,M3,Full Cross-Scale Multiscale,-0.021320006071540727,-0.023998359638572477,0.007450346358647341,0
2023-11-02,2023-11-01,M0,Historical Simulation Benchmark,-0.03587574320083351,-0.06663215103535834,0.006649454107395441,0
2023-11-02,2023-11-01,M1,Heavy-Tail Marginals,-0.03297891005461747,-0.04510455547215337,0.006649454107395441,0
2023-11-02,2023-11-01,M2,Wavelet + Within-Scale,-0.020359109975327833,-0.023398158646242485,0.006649454107395441,0
2023-11-02,2023-11-01,M3,Full Cross-Scale Multiscale,-0.020533240817183353,-0.023389908263044344,0.006649454107395441,0
2023-11-03,2023-11-02,M0,Historical Simulation Benchmark,-0.03587574320083351,-0.06663215103535834,-0.00062819867978104,0
2023-11-03,2023-11-02,M1,Heavy-Tail Marginals,-0.03133178759379073,-0.04831334130219015,-0.00062819867978104,0
2023-11-03,2023-11-02,M2,Wavelet + Within-Scale,-0.019862266936190198,-0.02346803379845549,-0.00062819867978104,0
2023-11-03,2023-11-02,M3,Full Cross-Scale Multiscale,-0.021192707515355652,-0.02385240930108669,-0.00062819867978104,0
2023-11-06,2023-11-03,M0,Historical Simulation Benchmark,-0.03587574320083351,-0.06663215103535834,-0.00035603320449765987,0
2023-11-06,2023-11-03,M1,Heavy-Tail Marginals,-0.03480934084401102,-0.06669817564112349,-0.00035603320449765987,0
2023-11-06,2023-11-03,M2,Wavelet + Within-Scale,-0.018651380635071473,-0.021772752537283883,-0.00035603320449765987,0
2023-11-06,2023-11-03,M3,Full Cross-Scale Multiscale,-0.01891945326131746,-0.022570422592450352,-0.00035603320449765987,0
2023-11-07,2023-11-06,M0,Historical Simulation Benchmark,-0.03587574320083351,-0.06663215103535834,-0.005299310361013199,0
2023-11-07,2023-11-06,M1,Heavy-Tail Marginals,-0.03467164434555563,-0.050082744830253025,-0.005299310361013199,0
2023-11-07,2023-11-06,M2,Wavelet + Within-Scale,-0.020975252751100914,-0.023337101295995435,-0.005299310361013199,0
2023-11-07,2023-11-06,M3,Full Cross-Scale Multiscale,-0.020954675168026304,-0.02332010426902786,-0.005299310361013199,0
2023-11-08,2023-11-07,M0,Historical Simulation Benchmark,-0.03587574320083351,-0.06663215103535834,-0.0043956227911705805,0
2023-11-08,2023-11-07,M1,Heavy-Tail Marginals,-0.030259088144490215,-0.04299964480239393,-0.0043956227911705805,0
2023-11-08,2023-11-07,M2,Wavelet + Within-Scale,-0.020435988485269674,-0.023181728148424736,-0.0043956227911705805,0
2023-11-08,2023-11-07,M3,Full Cross-Scale Multiscale,-0.02150418133454683,-0.02418429188897531,-0.0043956227911705805,0
2023-11-09,2023-11-08,M0,Historical Simulation Benchmark,-0.03587574320083351,-0.06663215103535834,0.00315014446553416,0
2023-11-09,2023-11-08,M1,Heavy-Tail Marginals,-0.03714354880557204,-0.05342494682138038,0.00315014446553416,0
2023-11-09,2023-11-08,M2,Wavelet + Within-Scale,-0.019243172734213224,-0.021044271577160087,0.00315014446553416,0
2023-11-09,2023-11-08,M3,Full Cross-Scale Multiscale,-0.021062544061000773,-0.02340541666132911,0.00315014446553416,0
2023-11-10,2023-11-09,M0,Historical Simulation Benchmark,-0.03587574320083351,-0.06663215103535834,0.008814965654040802,0
2023-11-10,2023-11-09,M1,Heavy-Tail Marginals,-0.03353867597992441,-0.0461537446325247,0.008814965654040802,0
2023-11-10,2023-11-09,M2,Wavelet + Within-Scale,-0.019309266071465894,-0.022271536182088075,0.008814965654040802,0
2023-11-10,2023-11-09,M3,Full Cross-Scale Multiscale,-0.021049084022145177,-0.024593044703363418,0.008814965654040802,0
2023-11-13,2023-11-10,M0,Historical Simulation Benchmark,-0.03587574320083351,-0.06663215103535834,-0.0004640093188840594,0
2023-11-13,2023-11-10,M1,Heavy-Tail Marginals,-0.0301038185478214,-0.04592094398571513,-0.0004640093188840594,0
2023-11-13,2023-11-10,M2,Wavelet + Within-Scale,-0.0190497860227456,-0.021808940300732004,-0.0004640093188840594,0
2023-11-13,2023-11-10,M3,Full Cross-Scale Multiscale,-0.018827475164266538,-0.0231032065757282,-0.0004640093188840594,0
2023-11-14,2023-11-13,M0,Historical Simulation Benchmark,-0.03587574320083351,-0.06663215103535834,0.0026145649747489202,0
2023-11-14,2023-11-13,M1,Heavy-Tail Marginals,-0.03278937431883605,-0.04667374281215185,0.0026145649747489202,0
2023-11-14,2023-11-13,M2,Wavelet + Within-Scale,-0.018567845592846726,-0.020757258542926788,0.0026145649747489202,0
2023-11-14,2023-11-13,M3,Full Cross-Scale Multiscale,-0.01976160648071844,-0.021463925911470016,0.0026145649747489202,0
2023-11-15,2023-11-14,M0,Historical Simulation Benchmark,-0.03587574320083351,-0.06663215103535834,0.0073521284773916794,0
2023-11-15,2023-11-14,M1,Heavy-Tail Marginals,-0.03019642700115259,-0.040468669239052964,0.0073521284773916794,0
2023-11-15,2023-11-14,M2,Wavelet + Within-Scale,-0.01862712874866323,-0.020808014940823214,0.0073521284773916794,0
2023-11-15,2023-11-14,M3,Full Cross-Scale Multiscale,-0.020320473386054555,-0.024220036356355654,0.0073521284773916794,0
2023-11-16,2023-11-15,M0,Historical Simulation Benchmark,-0.03587574320083351,-0.06663215103535834,-0.014781779923427999,0
2023-11-16,2023-11-15,M1,Heavy-Tail Marginals,-0.02951677038729813,-0.039811457140558205,-0.014781779923427999,0
2023-11-16,2023-11-15,M2,Wavelet + Within-Scale,-0.019294274130664313,-0.022212877209514443,-0.014781779923427999,0
2023-11-16,2023-11-15,M3,Full Cross-Scale Multiscale,-0.020549318035736508,-0.023257219471094645,-0.014781779923427999,0
2023-11-17,2023-11-16,M0,Historical Simulation Benchmark,-0.03587574320083351,-0.06663215103535834,0.010568292383234342,0
2023-11-17,2023-11-16,M1,Heavy-Tail Marginals,-0.03221714771657993,-0.04216989081942438,0.010568292383234342,0
2023-11-17,2023-11-16,M2,Wavelet + Within-Scale,-0.020491609896246897,-0.022229180437381514,0.010568292383234342,0
2023-11-17,2023-11-16,M3,Full Cross-Scale Multiscale,-0.02055454826101859,-0.023631047867432656,0.010568292383234342,0
2023-11-20,2023-11-17,M0,Historical Simulation Benchmark,-0.03587574320083351,-0.06663215103535834,0.010575546399284902,0
2023-11-20,2023-11-17,M1,Heavy-Tail Marginals,-0.033054014949502525,-0.05140949743241664,0.010575546399284902,0
2023-11-20,2023-11-17,M2,Wavelet + Within-Scale,-0.020049263649232946,-0.02335814636171291,0.010575546399284902,0
2023-11-20,2023-11-17,M3,Full Cross-Scale Multiscale,-0.020419456607425925,-0.023969326385354428,0.010575546399284902,0
2023-11-21,2023-11-20,M0,Historical Simulation Benchmark,-0.03587574320083351,-0.06663215103535834,-0.00647282482268292,0
2023-11-21,2023-11-20,M1,Heavy-Tail Marginals,-0.03588197706324472,-0.05041422296809946,-0.00647282482268292,0
2023-11-21,2023-11-20,M2,Wavelet + Within-Scale,-0.019084835891536037,-0.022877489451087342,-0.00647282482268292,0
2023-11-21,2023-11-20,M3,Full Cross-Scale Multiscale,-0.020356370278888328,-0.02315321329712299,-0.00647282482268292,0
2023-11-22,2023-11-21,M0,Historical Simulation Benchmark,-0.03587574320083351,-0.06663215103535834,0.00613890496125862,0
2023-11-22,2023-11-21,M1,Heavy-Tail Marginals,-0.033760917333534916,-0.049712464156426134,0.00613890496125862,0
2023-11-22,2023-11-21,M2,Wavelet + Within-Scale,-0.021652713765825178,-0.02454409861784638,0.00613890496125862,0
2023-11-22,2023-11-21,M3,Full Cross-Scale Multiscale,-0.021327330342290767,-0.02479918389619035,0.00613890496125862,0
2023-11-24,2023-11-22,M0,Historical Simulation Benchmark,-0.03587574320083351,-0.06663215103535834,-0.0005631129466788396,0
2023-11-24,2023-11-22,M1,Heavy-Tail Marginals,-0.03342687033620963,-0.05227612935207691,-0.0005631129466788396,0
2023-11-24,2023-11-22,M2,Wavelet + Within-Scale,-0.02047401984125445,-0.02274686267083965,-0.0005631129466788396,0
2023-11-24,2023-11-22,M3,Full Cross-Scale Multiscale,-0.020392858608694855,-0.025633833934089835,-0.0005631129466788396,0
2023-11-27,2023-11-24,M0,Historical Simulation Benchmark,-0.03587574320083351,-0.06663215103535834,-0.002436328423181,0
2023-11-27,2023-11-24,M1,Heavy-Tail Marginals,-0.03383757463277083,-0.05422383174679103,-0.002436328423181,0
2023-11-27,2023-11-24,M2,Wavelet + Within-Scale,-0.013506242738870317,-0.015604422890465531,-0.002436328423181,0
2023-11-27,2023-11-24,M3,Full Cross-Scale Multiscale,-0.013796099485705513,-0.016793119472505273,-0.002436328423181,0
2023-11-28,2023-11-27,M0,Historical Simulation Benchmark,-0.03587574320083351,-0.06663215103535834,0.010482486954931241,0
2023-11-28,2023-11-27,M1,Heavy-Tail Marginals,-0.02736983687640055,-0.04049612372884116,0.010482486954931241,0
2023-11-28,2023-11-27,M2,Wavelet + Within-Scale,-0.014375557237649217,-0.01707145562853405,0.010482486954931241,0
2023-11-28,2023-11-27,M3,Full Cross-Scale Multiscale,-0.014332683316722657,-0.017381762496209607,0.010482486954931241,0
2023-11-29,2023-11-28,M0,Historical Simulation Benchmark,-0.03587574320083351,-0.06663215103535834,0.0048519750280812,0
2023-11-29,2023-11-28,M1,Heavy-Tail Marginals,-0.03173616447454152,-0.046106089489584466,0.0048519750280812,0
2023-11-29,2023-11-28,M2,Wavelet + Within-Scale,-0.01287571006354589,-0.014820255875195535,0.0048519750280812,0
2023-11-29,2023-11-28,M3,Full Cross-Scale Multiscale,-0.013110626185929746,-0.015644734456807533,0.0048519750280812,0
2023-11-30,2023-11-29,M0,Historical Simulation Benchmark,-0.03587574320083351,-0.06663215103535834,-0.00847720103445708,0
2023-11-30,2023-11-29,M1,Heavy-Tail Marginals,-0.027882673136162182,-0.03831114596708622,-0.00847720103445708,0
2023-11-30,2023-11-29,M2,Wavelet + Within-Scale,-0.014042468823048741,-0.017134810692272427,-0.00847720103445708,0
2023-11-30,2023-11-29,M3,Full Cross-Scale Multiscale,-0.013388272962806194,-0.017752205638305894,-0.00847720103445708,0
2023-12-01,2023-11-30,M0,Historical Simulation Benchmark,-0.03587574320083351,-0.06663215103535834,0.009009913470121641,0
2023-12-01,2023-11-30,M1,Heavy-Tail Marginals,-0.03140234449651402,-0.05989318084265525,0.009009913470121641,0
2023-12-01,2023-11-30,M2,Wavelet + Within-Scale,-0.01362994551022784,-0.0160892094369652,0.009009913470121641,0
2023-12-01,2023-11-30,M3,Full Cross-Scale Multiscale,-0.015067695613408674,-0.01734288091859756,0.009009913470121641,0
2023-12-04,2023-12-01,M0,Historical Simulation Benchmark,-0.03587574320083351,-0.06663215103535834,0.00783897091439868,0
2023-12-04,2023-12-01,M1,Heavy-Tail Marginals,-0.029670980546862,-0.041412856059966904,0.00783897091439868,0
2023-12-04,2023-12-01,M2,Wavelet + Within-Scale,-0.012831917039195779,-0.015746154820896537,0.00783897091439868,0
2023-12-04,2023-12-01,M3,Full Cross-Scale Multiscale,-0.013931039484808708,-0.015828555689077428,0.00783897091439868,0
2023-12-05,2023-12-04,M0,Historical Simulation Benchmark,-0.03587574320083351,-0.06663215103535834,0.007756128982228181,0
2023-12-05,2023-12-04,M1,Heavy-Tail Marginals,-0.027512764850687932,-0.03418470362236613,0.007756128982228181,0
2023-12-05,2023-12-04,M2,Wavelet + Within-Scale,-0.013509670741299615,-0.015120046313715052,0.007756128982228181,0
2023-12-05,2023-12-04,M3,Full Cross-Scale Multiscale,-0.01403356066262876,-0.016472786869780452,0.007756128982228181,0
2023-12-06,2023-12-05,M0,Historical Simulation Benchmark,-0.03587574320083351,-0.06663215103535834,-0.009293130363695681,0
2023-12-06,2023-12-05,M1,Heavy-Tail Marginals,-0.0278881871310872,-0.03722432262241755,-0.009293130363695681,0
2023-12-06,2023-12-05,M2,Wavelet + Within-Scale,-0.01349385421919755,-0.01658368282981201,-0.009293130363695681,0
2023-12-06,2023-12-05,M3,Full Cross-Scale Multiscale,-0.01381977256899421,-0.017142986271623598,-0.009293130363695681,0
2023-12-07,2023-12-06,M0,Historical Simulation Benchmark,-0.03587574320083351,-0.06663215103535834,0.0005468295793985803,0
2023-12-07,2023-12-06,M1,Heavy-Tail Marginals,-0.028851167744859522,-0.04267028949804628,0.0005468295793985803,0
2023-12-07,2023-12-06,M2,Wavelet + Within-Scale,-0.013062300025029097,-0.01461779051049572,0.0005468295793985803,0
2023-12-07,2023-12-06,M3,Full Cross-Scale Multiscale,-0.013588854393558936,-0.015812123207953076,0.0005468295793985803,0
2023-12-08,2023-12-07,M0,Historical Simulation Benchmark,-0.03587574320083351,-0.06663215103535834,0.00518960269599824,0
2023-12-08,2023-12-07,M1,Heavy-Tail Marginals,-0.028258340728663463,-0.03625357239887003,0.00518960269599824,0
2023-12-08,2023-12-07,M2,Wavelet + Within-Scale,-0.013214371412057842,-0.014692240848253676,0.00518960269599824,0
2023-12-08,2023-12-07,M3,Full Cross-Scale Multiscale,-0.014274087299192138,-0.01553901623080269,0.00518960269599824,0
2023-12-11,2023-12-08,M0,Historical Simulation Benchmark,-0.03587574320083351,-0.06663215103535834,-0.014306570090414241,0
2023-12-11,2023-12-08,M1,Heavy-Tail Marginals,-0.028243328784344615,-0.03361414843497967,-0.014306570090414241,0
2023-12-11,2023-12-08,M2,Wavelet + Within-Scale,-0.013758545028655575,-0.015127945476642193,-0.014306570090414241,1
2023-12-11,2023-12-08,M3,Full Cross-Scale Multiscale,-0.013550601587768819,-0.01664031166188506,-0.014306570090414241,1
2023-12-12,2023-12-11,M0,Historical Simulation Benchmark,-0.03587574320083351,-0.06663215103535834,-0.005558230886859961,0
2023-12-12,2023-12-11,M1,Heavy-Tail Marginals,-0.030146574743257274,-0.03800498615062816,-0.005558230886859961,0
2023-12-12,2023-12-11,M2,Wavelet + Within-Scale,-0.012528879293995527,-0.014790866060140979,-0.005558230886859961,0
2023-12-12,2023-12-11,M3,Full Cross-Scale Multiscale,-0.014373580285770512,-0.01611904050663003,-0.005558230886859961,0
2023-12-13,2023-12-12,M0,Historical Simulation Benchmark,-0.03587574320083351,-0.06663215103535834,0.020319749347093997,0
2023-12-13,2023-12-12,M1,Heavy-Tail Marginals,-0.02735116231702318,-0.03714535133650542,0.020319749347093997,0
2023-12-13,2023-12-12,M2,Wavelet + Within-Scale,-0.013721907715155635,-0.01650292833270049,0.020319749347093997,0
2023-12-13,2023-12-12,M3,Full Cross-Scale Multiscale,-0.014431609573208083,-0.017245570032449326,0.020319749347093997,0
2023-12-14,2023-12-13,M0,Historical Simulation Benchmark,-0.03587574320083351,-0.06663215103535834,0.009611145438204122,0
2023-12-14,2023-12-13,M1,Heavy-Tail Marginals,-0.0312958574744698,-0.04385403506945929,0.009611145438204122,0
2023-12-14,2023-12-13,M2,Wavelet + Within-Scale,-0.014064347466160856,-0.016556909654215433,0.009611145438204122,0
2023-12-14,2023-12-13,M3,Full Cross-Scale Multiscale,-0.013885194060609873,-0.01660940228208646,0.009611145438204122,0
2023-12-15,2023-12-14,M0,Historical Simulation Benchmark,-0.03587574320083351,-0.06663215103535834,-0.007520058463147581,0
2023-12-15,2023-12-14,M1,Heavy-Tail Marginals,-0.029443409660028463,-0.037957302353911426,-0.007520058463147581,0
2023-12-15,2023-12-14,M2,Wavelet + Within-Scale,-0.014127871959519887,-0.017119316067839178,-0.007520058463147581,0
2023-12-15,2023-12-14,M3,Full Cross-Scale Multiscale,-0.014356708072177163,-0.01685672843485777,-0.007520058463147581,0
2023-12-18,2023-12-15,M0,Historical Simulation Benchmark,-0.03587574320083351,-0.06663215103535834,0.007653277170254861,0
2023-12-18,2023-12-15,M1,Heavy-Tail Marginals,-0.029155973923331528,-0.0414075013060264,0.007653277170254861,0
2023-12-18,2023-12-15,M2,Wavelet + Within-Scale,-0.014164706617918198,-0.016289712586255466,0.007653277170254861,0
2023-12-18,2023-12-15,M3,Full Cross-Scale Multiscale,-0.013686626072931864,-0.01669558982904489,0.007653277170254861,0
2023-12-19,2023-12-18,M0,Historical Simulation Benchmark,-0.03587574320083351,-0.06663215103535834,0.004978892884712661,0
2023-12-19,2023-12-18,M1,Heavy-Tail Marginals,-0.029856738944329827,-0.039992441743020135,0.004978892884712661,0
2023-12-19,2023-12-18,M2,Wavelet + Within-Scale,-0.013728645403643843,-0.01605231102449493,0.004978892884712661,0
2023-12-19,2023-12-18,M3,Full Cross-Scale Multiscale,-0.01425856282091629,-0.016729958035036054,0.004978892884712661,0
2023-12-20,2023-12-19,M0,Historical Simulation Benchmark,-0.03587574320083351,-0.06663215103535834,0.0018766619493589803,0
2023-12-20,2023-12-19,M1,Heavy-Tail Marginals,-0.0290326797287954,-0.040993293174865046,0.0018766619493589803,0
2023-12-20,2023-12-19,M2,Wavelet + Within-Scale,-0.013114750276906749,-0.015764353759410033,0.0018766619493589803,0
2023-12-20,2023-12-19,M3,Full Cross-Scale Multiscale,-0.014386524412521447,-0.01584079151681282,0.0018766619493589803,0
2023-12-21,2023-12-20,M0,Historical Simulation Benchmark,-0.03587574320083351,-0.06663215103535834,0.00467320740914058,0
2023-12-21,2023-12-20,M1,Heavy-Tail Marginals,-0.030709932067738064,-0.03927937722752758,0.00467320740914058,0
2023-12-21,2023-12-20,M2,Wavelet + Within-Scale,-0.01323851895969706,-0.01450180456498754,0.00467320740914058,0
2023-12-21,2023-12-20,M3,Full Cross-Scale Multiscale,-0.014378469215771501,-0.016426033540636854,0.00467320740914058,0
2023-12-22,2023-12-21,M0,Historical Simulation Benchmark,-0.03587574320083351,-0.06663215103535834,0.0006979884189540198,0
2023-12-22,2023-12-21,M1,Heavy-Tail Marginals,-0.029222856784514757,-0.04049668278187653,0.0006979884189540198,0
2023-12-22,2023-12-21,M2,Wavelet + Within-Scale,-0.013891163903862924,-0.015908722203173447,0.0006979884189540198,0
2023-12-22,2023-12-21,M3,Full Cross-Scale Multiscale,-0.013759615642540317,-0.015492210422434816,0.0006979884189540198,0
2023-12-26,2023-12-22,M0,Historical Simulation Benchmark,-0.03587574320083351,-0.06663215103535834,3.1658625358380044e-05,0
2023-12-26,2023-12-22,M1,Heavy-Tail Marginals,-0.02727465389359303,-0.03541393972077198,3.1658625358380044e-05,0
2023-12-26,2023-12-22,M2,Wavelet + Within-Scale,-0.013800799656580922,-0.01688119369659102,3.1658625358380044e-05,0
2023-12-26,2023-12-22,M3,Full Cross-Scale Multiscale,-0.014278752270236544,-0.01747256505541532,3.1658625358380044e-05,0
2023-12-27,2023-12-26,M0,Historical Simulation Benchmark,-0.03587574320083351,-0.06663215103535834,0.0034028390762737204,0
2023-12-27,2023-12-26,M1,Heavy-Tail Marginals,-0.02843071397830943,-0.038863865043921336,0.0034028390762737204,0
2023-12-27,2023-12-26,M2,Wavelet + Within-Scale,-0.011708172259260784,-0.013447742424436837,0.0034028390762737204,0
2023-12-27,2023-12-26,M3,Full Cross-Scale Multiscale,-0.012449879519872966,-0.014586589965920656,0.0034028390762737204,0
2023-12-28,2023-12-27,M0,Historical Simulation Benchmark,-0.03587574320083351,-0.06663215103535834,-0.01075722680522638,0
2023-12-28,2023-12-27,M1,Heavy-Tail Marginals,-0.02519370731386219,-0.03087205126694868,-0.01075722680522638,0
2023-12-28,2023-12-27,M2,Wavelet + Within-Scale,-0.01252923182086854,-0.01443244231904912,-0.01075722680522638,0
2023-12-28,2023-12-27,M3,Full Cross-Scale Multiscale,-0.013706615146375925,-0.01582381104425881,-0.01075722680522638,0
2023-12-29,2023-12-28,M0,Historical Simulation Benchmark,-0.03587574320083351,-0.06663215103535834,-0.005469710080388001,0
2023-12-29,2023-12-28,M1,Heavy-Tail Marginals,-0.025888824330796794,-0.03500122665234683,-0.005469710080388001,0
2023-12-29,2023-12-28,M2,Wavelet + Within-Scale,-0.01216604484900729,-0.013867654515063069,-0.005469710080388001,0
2023-12-29,2023-12-28,M3,Full Cross-Scale Multiscale,-0.012545602735588194,-0.01446971431843021,-0.005469710080388001,0
2024-01-02,2023-12-29,M0,Historical Simulation Benchmark,-0.03587574320083351,-0.06663215103535834,0.00813847948906968,0
2024-01-02,2023-12-29,M1,Heavy-Tail Marginals,-0.02469393546333176,-0.03501494723227867,0.00813847948906968,0
2024-01-02,2023-12-29,M2,Wavelet + Within-Scale,-0.011928159562347879,-0.013833437859726783,0.00813847948906968,0
2024-01-02,2023-12-29,M3,Full Cross-Scale Multiscale,-0.012753642443332512,-0.014451375633377058,0.00813847948906968,0
2024-01-03,2024-01-02,M0,Historical Simulation Benchmark,-0.03587574320083351,-0.06663215103535834,-0.005222052022413081,0
2024-01-03,2024-01-02,M1,Heavy-Tail Marginals,-0.028266158836798765,-0.03966382523201479,-0.005222052022413081,0
2024-01-03,2024-01-02,M2,Wavelet + Within-Scale,-0.01200010280404747,-0.014070957874157384,-0.005222052022413081,0
2024-01-03,2024-01-02,M3,Full Cross-Scale Multiscale,-0.013517128752882746,-0.015038650260723605,-0.005222052022413081,0
2024-01-04,2024-01-03,M0,Historical Simulation Benchmark,-0.03587574320083351,-0.06663215103535834,0.0026414766311218,0
2024-01-04,2024-01-03,M1,Heavy-Tail Marginals,-0.02586089345568805,-0.03729997174895727,0.0026414766311218,0
2024-01-04,2024-01-03,M2,Wavelet + Within-Scale,-0.0115823300667155,-0.013718841003575922,0.0026414766311218,0
2024-01-04,2024-01-03,M3,Full Cross-Scale Multiscale,-0.01258326847654271,-0.014307632942699145,0.0026414766311218,0
2024-01-05,2024-01-04,M0,Historical Simulation Benchmark,-0.03587574320083351,-0.06663215103535834,0.0037699256119034996,0
2024-01-05,2024-01-04,M1,Heavy-Tail Marginals,-0.02747442417366167,-0.03928381113665933,0.0037699256119034996,0
2024-01-05,2024-01-04,M2,Wavelet + Within-Scale,-0.012135691444501724,-0.014826876350968974,0.0037699256119034996,0
2024-01-05,2024-01-04,M3,Full Cross-Scale Multiscale,-0.012932759174817133,-0.015133350964736229,0.0037699256119034996,0
2024-01-08,2024-01-05,M0,Historical Simulation Benchmark,-0.03587574320083351,-0.06663215103535834,0.006494894570481101,0
2024-01-08,2024-01-05,M1,Heavy-Tail Marginals,-0.027839895752863893,-0.04938337704229517,0.006494894570481101,0
2024-01-08,2024-01-05,M2,Wavelet + Within-Scale,-0.012015580909391742,-0.0137823339320178,0.006494894570481101,0
2024-01-08,2024-01-05,M3,Full Cross-Scale Multiscale,-0.013063241110988694,-0.014700888179237492,0.006494894570481101,0
2024-01-09,2024-01-08,M0,Historical Simulation Benchmark,-0.03587574320083351,-0.06663215103535834,-0.0009325892590149199,0
2024-01-09,2024-01-08,M1,Heavy-Tail Marginals,-0.027842974529824396,-0.040244077371886344,-0.0009325892590149199,0
2024-01-09,2024-01-08,M2,Wavelet + Within-Scale,-0.01283625278997718,-0.01425503755172817,-0.0009325892590149199,0
2024-01-09,2024-01-08,M3,Full Cross-Scale Multiscale,-0.01322316517713535,-0.015417325796170694,-0.0009325892590149199,0
2024-01-10,2024-01-09,M0,Historical Simulation Benchmark,-0.03587574320083351,-0.06663215103535834,-1.843536439011988e-05,0
2024-01-10,2024-01-09,M1,Heavy-Tail Marginals,-0.027302738101782714,-0.038962189998530024,-1.843536439011988e-05,0
2024-01-10,2024-01-09,M2,Wavelet + Within-Scale,-0.012472334595419883,-0.014030208421936446,-1.843536439011988e-05,0
2024-01-10,2024-01-09,M3,Full Cross-Scale Multiscale,-0.012374985523286688,-0.014538429840133048,-1.843536439011988e-05,0
2024-01-11,2024-01-10,M0,Historical Simulation Benchmark,-0.03587574320083351,-0.06663215103535834,0.0035056778305861992,0
2024-01-11,2024-01-10,M1,Heavy-Tail Marginals,-0.02632849457760131,-0.03181747798659226,0.0035056778305861992,0
2024-01-11,2024-01-10,M2,Wavelet + Within-Scale,-0.012174260420790195,-0.014010714940695456,0.0035056778305861992,0
2024-01-11,2024-01-10,M3,Full Cross-Scale Multiscale,-0.013350074570078448,-0.015301227646041407,0.0035056778305861992,0
2024-01-12,2024-01-11,M0,Historical Simulation Benchmark,-0.03587574320083351,-0.06663215103535834,-0.012048765084400781,0
2024-01-12,2024-01-11,M1,Heavy-Tail Marginals,-0.026252064966281144,-0.03876603350486417,-0.012048765084400781,0
2024-01-12,2024-01-11,M2,Wavelet + Within-Scale,-0.011876881565109377,-0.013415014375560964,-0.012048765084400781,1
2024-01-12,2024-01-11,M3,Full Cross-Scale Multiscale,-0.012210452974528047,-0.014266498737832095,-0.012048765084400781,0
2024-01-16,2024-01-12,M0,Historical Simulation Benchmark,-0.03587574320083351,-0.06663215103535834,-0.005143453679934401,0
2024-01-16,2024-01-12,M1,Heavy-Tail Marginals,-0.027633110816839997,-0.03899448932726558,-0.005143453679934401,0
2024-01-16,2024-01-12,M2,Wavelet + Within-Scale,-0.012009501277775522,-0.013428114643679897,-0.005143453679934401,0
2024-01-16,2024-01-12,M3,Full Cross-Scale Multiscale,-0.012706595512337547,-0.014921366013082965,-0.005143453679934401,0
2024-01-17,2024-01-16,M0,Historical Simulation Benchmark,-0.03587574320083351,-0.06663215103535834,-0.00385926626799762,0
2024-01-17,2024-01-16,M1,Heavy-Tail Marginals,-0.030425933629864652,-0.037894324595482254,-0.00385926626799762,0
2024-01-17,2024-01-16,M2,Wavelet + Within-Scale,-0.01213818441997402,-0.013642723820136954,-0.00385926626799762,0
2024-01-17,2024-01-16,M3,Full Cross-Scale Multiscale,-0.012808863638078594,-0.013882223785920356,-0.00385926626799762,0
2024-01-18,2024-01-17,M0,Historical Simulation Benchmark,-0.03587574320083351,-0.06663215103535834,-0.0008120789818870603,0
2024-01-18,2024-01-17,M1,Heavy-Tail Marginals,-0.02983925214417962,-0.03985188769985164,-0.0008120789818870603,0
2024-01-18,2024-01-17,M2,Wavelet + Within-Scale,-0.011565173682506109,-0.012848045507931425,-0.0008120789818870603,0
2024-01-18,2024-01-17,M3,Full Cross-Scale Multiscale,-0.011918580479679641,-0.013159700062654081,-0.0008120789818870603,0
2024-01-19,2024-01-18,M0,Historical Simulation Benchmark,-0.03587574320083351,-0.06663215103535834,0.0041193644764733,0
2024-01-19,2024-01-18,M1,Heavy-Tail Marginals,-0.027929069838606123,-0.034298760604005656,0.0041193644764733,0
2024-01-19,2024-01-18,M2,Wavelet + Within-Scale,-0.011529554995834945,-0.012831674913329805,0.0041193644764733,0
2024-01-19,2024-01-18,M3,Full Cross-Scale Multiscale,-0.013086707112814887,-0.014830542753572835,0.0041193644764733,0
2024-01-22,2024-01-19,M0,Historical Simulation Benchmark,-0.03587574320083351,-0.06663215103535834,-0.007623209595255382,0
2024-01-22,2024-01-19,M1,Heavy-Tail Marginals,-0.027202107635690635,-0.039403281050327456,-0.007623209595255382,0
2024-01-22,2024-01-19,M2,Wavelet + Within-Scale,-0.011429664996180164,-0.012853625842462985,-0.007623209595255382,0
2024-01-22,2024-01-19,M3,Full Cross-Scale Multiscale,-0.012421843650287418,-0.013533112308956772,-0.007623209595255382,0
2024-01-23,2024-01-22,M0,Historical Simulation Benchmark,-0.03587574320083351,-0.06663215103535834,0.00247468133076018,0
2024-01-23,2024-01-22,M1,Heavy-Tail Marginals,-0.026205693923147647,-0.0326575300413166,0.00247468133076018,0
2024-01-23,2024-01-22,M2,Wavelet + Within-Scale,-0.011832126335398449,-0.013210737827898129,0.00247468133076018,0
2024-01-23,2024-01-22,M3,Full Cross-Scale Multiscale,-0.012436807034624416,-0.01467632947863996,0.00247468133076018,0
2024-01-24,2024-01-23,M0,Historical Simulation Benchmark,-0.03587574320083351,-0.06663215103535834,0.00166247621593506,0
2024-01-24,2024-01-23,M1,Heavy-Tail Marginals,-0.023356157517636002,-0.033116556264221206,0.00166247621593506,0
2024-01-24,2024-01-23,M2,Wavelet + Within-Scale,-0.012291968666313317,-0.01383116176261703,0.00166247621593506,0
2024-01-24,2024-01-23,M3,Full Cross-Scale Multiscale,-0.012162133327324551,-0.014448658280881122,0.00166247621593506,0
2024-01-25,2024-01-24,M0,Historical Simulation Benchmark,-0.03587574320083351,-0.06663215103535834,0.006759961865211481,0
2024-01-25,2024-01-24,M1,Heavy-Tail Marginals,-0.02296363359324602,-0.03272178967883581,0.006759961865211481,0
2024-01-25,2024-01-24,M2,Wavelet + Within-Scale,-0.011694260608798,-0.013976259127919454,0.006759961865211481,0
2024-01-25,2024-01-24,M3,Full Cross-Scale Multiscale,-0.012265216807210596,-0.0140193424280804,0.006759961865211481,0
2024-01-26,2024-01-25,M0,Historical Simulation Benchmark,-0.03587574320083351,-0.06663215103535834,0.01085895146580226,0
2024-01-26,2024-01-25,M1,Heavy-Tail Marginals,-0.026284509174479106,-0.0335491095693229,0.01085895146580226,0
2024-01-26,2024-01-25,M2,Wavelet + Within-Scale,-0.012234143429686116,-0.015507543873890048,0.01085895146580226,0
2024-01-26,2024-01-25,M3,Full Cross-Scale Multiscale,-0.013080689096840098,-0.014956715796130754,0.01085895146580226,0
2024-01-29,2024-01-26,M0,Historical Simulation Benchmark,-0.03587574320083351,-0.06663215103535834,0.00820393190173242,0
2024-01-29,2024-01-26,M1,Heavy-Tail Marginals,-0.025220776040698296,-0.03652391625869457,0.00820393190173242,0
2024-01-29,2024-01-26,M2,Wavelet + Within-Scale,-0.00945971283197322,-0.01395844864515211,0.00820393190173242,0
2024-01-29,2024-01-26,M3,Full Cross-Scale Multiscale,-0.010998712089451851,-0.014653575820132287,0.00820393190173242,0
2024-01-30,2024-01-29,M0,Historical Simulation Benchmark,-0.03587574320083351,-0.06663215103535834,0.0009349840385199401,0
2024-01-30,2024-01-29,M1,Heavy-Tail Marginals,-0.024453043217826945,-0.0349206120779854,0.0009349840385199401,0
2024-01-30,2024-01-29,M2,Wavelet + Within-Scale,-0.009741342300105415,-0.013851364113672535,0.0009349840385199401,0
2024-01-30,2024-01-29,M3,Full Cross-Scale Multiscale,-0.010665625517943363,-0.01338483692571465,0.0009349840385199401,0
2024-01-31,2024-01-30,M0,Historical Simulation Benchmark,-0.03587574320083351,-0.06663215103535834,-0.008763712466554541,0
2024-01-31,2024-01-30,M1,Heavy-Tail Marginals,-0.02464421577429173,-0.034521838980804784,-0.008763712466554541,0
2024-01-31,2024-01-30,M2,Wavelet + Within-Scale,-0.01043903585332487,-0.015075660294335224,-0.008763712466554541,0
2024-01-31,2024-01-30,M3,Full Cross-Scale Multiscale,-0.009351404658332358,-0.012871354245030353,-0.008763712466554541,0
2024-02-01,2024-01-31,M0,Historical Simulation Benchmark,-0.03587574320083351,-0.06663215103535834,0.0029215614558377595,0
2024-02-01,2024-01-31,M1,Heavy-Tail Marginals,-0.024146137993753036,-0.03915161082481214,0.0029215614558377595,0
2024-02-01,2024-01-31,M2,Wavelet + Within-Scale,-0.009424211054137736,-0.012906978561069381,0.0029215614558377595,0
2024-02-01,2024-01-31,M3,Full Cross-Scale Multiscale,-0.009706902945311246,-0.013313833830331667,0.0029215614558377595,0
2024-02-02,2024-02-01,M0,Historical Simulation Benchmark,-0.03587574320083351,-0.06663215103535834,-0.006483513059156782,0
2024-02-02,2024-02-01,M1,Heavy-Tail Marginals,-0.02434001780898905,-0.03432678138979027,-0.006483513059156782,0
2024-02-02,2024-02-01,M2,Wavelet + Within-Scale,-0.00958356054003487,-0.012313346978352051,-0.006483513059156782,0
2024-02-02,2024-02-01,M3,Full Cross-Scale Multiscale,-0.010070799579003885,-0.013117569464865647,-0.006483513059156782,0
2024-02-05,2024-02-02,M0,Historical Simulation Benchmark,-0.03587574320083351,-0.06663215103535834,-0.0042728153570333206,0
2024-02-05,2024-02-02,M1,Heavy-Tail Marginals,-0.024442515996515694,-0.028412452016230112,-0.0042728153570333206,0
2024-02-05,2024-02-02,M2,Wavelet + Within-Scale,-0.008378913752221055,-0.011374788156368632,-0.0042728153570333206,0
2024-02-05,2024-02-02,M3,Full Cross-Scale Multiscale,-0.009468856812844427,-0.01278427430407339,-0.0042728153570333206,0
2024-02-06,2024-02-05,M0,Historical Simulation Benchmark,-0.03587574320083351,-0.06663215103535834,0.0065240347616729805,0
2024-02-06,2024-02-05,M1,Heavy-Tail Marginals,-0.027190011594966552,-0.0347155829457407,0.0065240347616729805,0
2024-02-06,2024-02-05,M2,Wavelet + Within-Scale,-0.009264147168527782,-0.011164711343078398,0.0065240347616729805,0
2024-02-06,2024-02-05,M3,Full Cross-Scale Multiscale,-0.010146369206166196,-0.01294610165557633,0.0065240347616729805,0
2024-02-07,2024-02-06,M0,Historical Simulation Benchmark,-0.03587574320083351,-0.06663215103535834,0.00866132061530246,0
2024-02-07,2024-02-06,M1,Heavy-Tail Marginals,-0.024824335177892995,-0.033807927024315024,0.00866132061530246,0
2024-02-07,2024-02-06,M2,Wavelet + Within-Scale,-0.009792222723252213,-0.013557724488432111,0.00866132061530246,0
2024-02-07,2024-02-06,M3,Full Cross-Scale Multiscale,-0.011114166388451592,-0.014456600179737013,0.00866132061530246,0
2024-02-08,2024-02-07,M0,Historical Simulation Benchmark,-0.03587574320083351,-0.06663215103535834,0.009603478971105781,0
2024-02-08,2024-02-07,M1,Heavy-Tail Marginals,-0.025175634824092425,-0.031747152525923264,0.009603478971105781,0
2024-02-08,2024-02-07,M2,Wavelet + Within-Scale,-0.011270333019565466,-0.016310569402570876,0.009603478971105781,0
2024-02-08,2024-02-07,M3,Full Cross-Scale Multiscale,-0.011233587812542507,-0.015616339638346929,0.009603478971105781,0
2024-02-09,2024-02-08,M0,Historical Simulation Benchmark,-0.03587574320083351,-0.06663215103535834,0.008421943535451261,0
2024-02-09,2024-02-08,M1,Heavy-Tail Marginals,-0.026784611244703285,-0.03921449159791749,0.008421943535451261,0
2024-02-09,2024-02-08,M2,Wavelet + Within-Scale,-0.009935151214827643,-0.012360579062682632,0.008421943535451261,0
2024-02-09,2024-02-08,M3,Full Cross-Scale Multiscale,-0.009860648173938117,-0.012747501906120774,0.008421943535451261,0
2024-02-12,2024-02-09,M0,Historical Simulation Benchmark,-0.03587574320083351,-0.06663215103535834,0.012386068041626461,0
2024-02-12,2024-02-09,M1,Heavy-Tail Marginals,-0.021784487735599115,-0.030534206878627717,0.012386068041626461,0
2024-02-12,2024-02-09,M2,Wavelet + Within-Scale,-0.009931505040938506,-0.014745952502017814,0.012386068041626461,0
2024-02-12,2024-02-09,M3,Full Cross-Scale Multiscale,-0.010277199177633567,-0.013194430750821978,0.012386068041626461,0
2024-02-13,2024-02-12,M0,Historical Simulation Benchmark,-0.03587574320083351,-0.06663215103535834,-0.00713562703061972,0
2024-02-13,2024-02-12,M1,Heavy-Tail Marginals,-0.023634463820732206,-0.0278645870275127,-0.00713562703061972,0
2024-02-13,2024-02-12,M2,Wavelet + Within-Scale,-0.008798046323878997,-0.010989000632221123,-0.00713562703061972,0
2024-02-13,2024-02-12,M3,Full Cross-Scale Multiscale,-0.009263692417879337,-0.013020285611553014,-0.00713562703061972,0
2024-02-14,2024-02-13,M0,Historical Simulation Benchmark,-0.03587574320083351,-0.06663215103535834,0.00759506363347242,0
2024-02-14,2024-02-13,M1,Heavy-Tail Marginals,-0.024787229146638907,-0.03356584128398969,0.00759506363347242,0
2024-02-14,2024-02-13,M2,Wavelet + Within-Scale,-0.007926190727659599,-0.01059599004328366,0.00759506363347242,0
2024-02-14,2024-02-13,M3,Full Cross-Scale Multiscale,-0.008436867044775134,-0.011707663860554496,0.00759506363347242,0
2024-02-15,2024-02-14,M0,Historical Simulation Benchmark,-0.03587574320083351,-0.06663215103535834,0.00727345801433564,0
2024-02-15,2024-02-14,M1,Heavy-Tail Marginals,-0.02195246968708827,-0.0267898190680809,0.00727345801433564,0
2024-02-15,2024-02-14,M2,Wavelet + Within-Scale,-0.009611266992507235,-0.012007550925655844,0.00727345801433564,0
2024-02-15,2024-02-14,M3,Full Cross-Scale Multiscale,-0.01041914486560873,-0.014070680113254162,0.00727345801433564,0
2024-02-16,2024-02-15,M0,Historical Simulation Benchmark,-0.03587574320083351,-0.06663215103535834,0.0012705527330171401,0
2024-02-16,2024-02-15,M1,Heavy-Tail Marginals,-0.023110415665173318,-0.033816706507604835,0.0012705527330171401,0
2024-02-16,2024-02-15,M2,Wavelet + Within-Scale,-0.011254454720288734,-0.014780972410426575,0.0012705527330171401,0
2024-02-16,2024-02-15,M3,Full Cross-Scale Multiscale,-0.010630873123096907,-0.014551256201347784,0.0012705527330171401,0
2024-02-20,2024-02-16,M0,Historical Simulation Benchmark,-0.03587574320083351,-0.06663215103535834,-0.0017919850003262402,0
2024-02-20,2024-02-16,M1,Heavy-Tail Marginals,-0.023207003026701038,-0.032883308149796266,-0.0017919850003262402,0
2024-02-20,2024-02-16,M2,Wavelet + Within-Scale,-0.00931265978616189,-0.01183768622800957,-0.0017919850003262402,0
2024-02-20,2024-02-16,M3,Full Cross-Scale Multiscale,-0.010166656780508446,-0.013128627121278774,-0.0017919850003262402,0
2024-02-21,2024-02-20,M0,Historical Simulation Benchmark,-0.03587574320083351,-0.06663215103535834,-1.7937303114362374e-05,0
2024-02-21,2024-02-20,M1,Heavy-Tail Marginals,-0.02589451124579129,-0.03609804850997095,-1.7937303114362374e-05,0
2024-02-21,2024-02-20,M2,Wavelet + Within-Scale,-0.00930400251556238,-0.013115544600405381,-1.7937303114362374e-05,0
2024-02-21,2024-02-20,M3,Full Cross-Scale Multiscale,-0.009381895219886157,-0.011926015092127382,-1.7937303114362374e-05,0
2024-02-22,2024-02-21,M0,Historical Simulation Benchmark,-0.03587574320083351,-0.06663215103535834,0.0032218115197956807,0
2024-02-22,2024-02-21,M1,Heavy-Tail Marginals,-0.025446409214556945,-0.039767225704300156,0.0032218115197956807,0
2024-02-22,2024-02-21,M2,Wavelet + Within-Scale,-0.010050179045247496,-0.012771371025379868,0.0032218115197956807,0
2024-02-22,2024-02-21,M3,Full Cross-Scale Multiscale,-0.010429152289838142,-0.012593498558232153,0.0032218115197956807,0
2024-02-23,2024-02-22,M0,Historical Simulation Benchmark,-0.03587574320083351,-0.06663215103535834,-0.0046828848842931405,0
2024-02-23,2024-02-22,M1,Heavy-Tail Marginals,-0.023718578573658437,-0.03382546033136261,-0.0046828848842931405,0
2024-02-23,2024-02-22,M2,Wavelet + Within-Scale,-0.009217918245437433,-0.012184897228181949,-0.0046828848842931405,0
2024-02-23,2024-02-22,M3,Full Cross-Scale Multiscale,-0.010099821371567756,-0.012774331387758108,-0.0046828848842931405,0
2024-02-26,2024-02-23,M0,Historical Simulation Benchmark,-0.03587574320083351,-0.06663215103535834,0.015338398713563439,0
2024-02-26,2024-02-23,M1,Heavy-Tail Marginals,-0.027347381264369596,-0.03581384881383872,0.015338398713563439,0
2024-02-26,2024-02-23,M2,Wavelet + Within-Scale,-0.010723428372252652,-0.013468348605584874,0.015338398713563439,0
2024-02-26,2024-02-23,M3,Full Cross-Scale Multiscale,-0.010522027599510002,-0.013802573766941901,0.015338398713563439,0
2024-02-27,2024-02-26,M0,Historical Simulation Benchmark,-0.03587574320083351,-0.06663215103535834,0.0117894958484653,0
2024-02-27,2024-02-26,M1,Heavy-Tail Marginals,-0.02746231999323056,-0.03489088400539042,0.0117894958484653,0
2024-02-27,2024-02-26,M2,Wavelet + Within-Scale,-0.00941874504197497,-0.013606858809242403,0.0117894958484653,0
2024-02-27,2024-02-26,M3,Full Cross-Scale Multiscale,-0.00916851016311759,-0.011954351580996777,0.0117894958484653,0
2024-02-28,2024-02-27,M0,Historical Simulation Benchmark,-0.03587574320083351,-0.06663215103535834,0.018336530810951303,0
2024-02-28,2024-02-27,M1,Heavy-Tail Marginals,-0.024197252894499487,-0.031099631436674262,0.018336530810951303,0
2024-02-28,2024-02-27,M2,Wavelet + Within-Scale,-0.013729521346173865,-0.015331293609397348,0.018336530810951303,0
2024-02-28,2024-02-27,M3,Full Cross-Scale Multiscale,-0.014787810566214424,-0.01717260618090103,0.018336530810951303,0
2024-02-29,2024-02-28,M0,Historical Simulation Benchmark,-0.03587574320083351,-0.06663215103535834,-0.0027831941586168004,0
2024-02-29,2024-02-28,M1,Heavy-Tail Marginals,-0.02468955090643966,-0.033536228438184004,-0.0027831941586168004,0
2024-02-29,2024-02-28,M2,Wavelet + Within-Scale,-0.014015528996665107,-0.016718035910770188,-0.0027831941586168004,0
2024-02-29,2024-02-28,M3,Full Cross-Scale Multiscale,-0.014625110912483346,-0.017791975140684098,-0.0027831941586168004,0
2024-03-01,2024-02-29,M0,Historical Simulation Benchmark,-0.03587574320083351,-0.06663215103535834,0.01486093624812064,0
2024-03-01,2024-02-29,M1,Heavy-Tail Marginals,-0.026009679312801532,-0.040431727589395325,0.01486093624812064,0
2024-03-01,2024-02-29,M2,Wavelet + Within-Scale,-0.013957755571190738,-0.01605058951047238,0.01486093624812064,0
2024-03-01,2024-02-29,M3,Full Cross-Scale Multiscale,-0.014007510932515982,-0.016488509106289843,0.01486093624812064,0
2024-03-04,2024-03-01,M0,Historical Simulation Benchmark,-0.03587574320083351,-0.06663215103535834,0.01802598508945656,0
2024-03-04,2024-03-01,M1,Heavy-Tail Marginals,-0.02759263713845388,-0.035185011659542346,0.01802598508945656,0
2024-03-04,2024-03-01,M2,Wavelet + Within-Scale,-0.014274027133998812,-0.016260485341013545,0.01802598508945656,0
2024-03-04,2024-03-01,M3,Full Cross-Scale Multiscale,-0.015108782460003517,-0.01709845665487298,0.01802598508945656,0
2024-03-05,2024-03-04,M0,Historical Simulation Benchmark,-0.03587574320083351,-0.06663215103535834,-0.01481633163764758,0
2024-03-05,2024-03-04,M1,Heavy-Tail Marginals,-0.026000745582223442,-0.033212753619857385,-0.01481633163764758,0
2024-03-05,2024-03-04,M2,Wavelet + Within-Scale,-0.01423799980528343,-0.0161212955128232,-0.01481633163764758,1
2024-03-05,2024-03-04,M3,Full Cross-Scale Multiscale,-0.015342696585843077,-0.017593116505288553,-0.01481633163764758,0
2024-03-06,2024-03-05,M0,Historical Simulation Benchmark,-0.03587574320083351,-0.06663215103535834,0.0126408521734198,0
2024-03-06,2024-03-05,M1,Heavy-Tail Marginals,-0.02627638676856968,-0.03446123668623365,0.0126408521734198,0
2024-03-06,2024-03-05,M2,Wavelet + Within-Scale,-0.013691350346648574,-0.015711848725936138,0.0126408521734198,0
2024-03-06,2024-03-05,M3,Full Cross-Scale Multiscale,-0.014268388647297594,-0.016923491044532505,0.0126408521734198,0
2024-03-07,2024-03-06,M0,Historical Simulation Benchmark,-0.03587574320083351,-0.06663215103535834,0.005611061976334021,0
2024-03-07,2024-03-06,M1,Heavy-Tail Marginals,-0.02737029427850773,-0.03308117580555155,0.005611061976334021,0
2024-03-07,2024-03-06,M2,Wavelet + Within-Scale,-0.014019775925360321,-0.015813640675926794,0.005611061976334021,0
2024-03-07,2024-03-06,M3,Full Cross-Scale Multiscale,-0.014995794442830092,-0.016696598810679187,0.005611061976334021,0
2024-03-08,2024-03-07,M0,Historical Simulation Benchmark,-0.03587574320083351,-0.06663215103535834,0.00233473839264198,0
2024-03-08,2024-03-07,M1,Heavy-Tail Marginals,-0.026446452180741892,-0.03733676531218937,0.00233473839264198,0
2024-03-08,2024-03-07,M2,Wavelet + Within-Scale,-0.014262995937343634,-0.015923480519665127,0.00233473839264198,0
2024-03-08,2024-03-07,M3,Full Cross-Scale Multiscale,-0.014980985517966075,-0.01665274847330222,0.00233473839264198,0
2024-03-11,2024-03-08,M0,Historical Simulation Benchmark,-0.03587574320083351,-0.06663215103535834,0.011544923701824202,0
2024-03-11,2024-03-08,M1,Heavy-Tail Marginals,-0.024655223842678497,-0.03162940753790412,0.011544923701824202,0
2024-03-11,2024-03-08,M2,Wavelet + Within-Scale,-0.014233327638841232,-0.016732514501752158,0.011544923701824202,0
2024-03-11,2024-03-08,M3,Full Cross-Scale Multiscale,-0.014865854540794726,-0.016260038021436225,0.011544923701824202,0
2024-03-12,2024-03-11,M0,Historical Simulation Benchmark,-0.03587574320083351,-0.06663215103535834,-0.0034067858369973003,0
2024-03-12,2024-03-11,M1,Heavy-Tail Marginals,-0.02412443979618001,-0.03115482000577907,-0.0034067858369973003,0
2024-03-12,2024-03-11,M2,Wavelet + Within-Scale,-0.013522929536250608,-0.015487100607998567,-0.0034067858369973003,0
2024-03-12,2024-03-11,M3,Full Cross-Scale Multiscale,-0.014237944630368484,-0.015833853455529064,-0.0034067858369973003,0
2024-03-13,2024-03-12,M0,Historical Simulation Benchmark,-0.03587574320083351,-0.06663215103535834,0.00976129233253788,0
2024-03-13,2024-03-12,M1,Heavy-Tail Marginals,-0.0229601953859846,-0.027634377081094574,0.00976129233253788,0
2024-03-13,2024-03-12,M2,Wavelet + Within-Scale,-0.013996037593274783,-0.0156444629651473,0.00976129233253788,0
2024-03-13,2024-03-12,M3,Full Cross-Scale Multiscale,-0.014005694825191102,-0.01529698173913641,0.00976129233253788,0
2024-03-14,2024-03-13,M0,Historical Simulation Benchmark,-0.03587574320083351,-0.06663215103535834,-0.00419277365660558,0
2024-03-14,2024-03-13,M1,Heavy-Tail Marginals,-0.025393269260751052,-0.03237227736830147,-0.00419277365660558,0
2024-03-14,2024-03-13,M2,Wavelet + Within-Scale,-0.01425596467332231,-0.015909282449310252,-0.00419277365660558,0
2024-03-14,2024-03-13,M3,Full Cross-Scale Multiscale,-0.013800636058778626,-0.015433547684319468,-0.00419277365660558,0
2024-03-15,2024-03-14,M0,Historical Simulation Benchmark,-0.03587574320083351,-0.06663215103535834,-0.007942471844449961,0
2024-03-15,2024-03-14,M1,Heavy-Tail Marginals,-0.02522581990982038,-0.03314075234767237,-0.007942471844449961,0
2024-03-15,2024-03-14,M2,Wavelet + Within-Scale,-0.013702764015305948,-0.01634384790077046,-0.007942471844449961,0
2024-03-15,2024-03-14,M3,Full Cross-Scale Multiscale,-0.01593986608545627,-0.01760389108374024,-0.007942471844449961,0
2024-03-18,2024-03-15,M0,Historical Simulation Benchmark,-0.03587574320083351,-0.06663215103535834,0.00012869876151337927,0
2024-03-18,2024-03-15,M1,Heavy-Tail Marginals,-0.024799133793828004,-0.031773501416981736,0.00012869876151337927,0
2024-03-18,2024-03-15,M2,Wavelet + Within-Scale,-0.014436907042584787,-0.016326383531090984,0.00012869876151337927,0
2024-03-18,2024-03-15,M3,Full Cross-Scale Multiscale,-0.015880614365428307,-0.01850545104489144,0.00012869876151337927,0
2024-03-19,2024-03-18,M0,Historical Simulation Benchmark,-0.03587574320083351,-0.06663215103535834,-0.01481865737039108,0
2024-03-19,2024-03-18,M1,Heavy-Tail Marginals,-0.028533502796139754,-0.038690941944612006,-0.01481865737039108,0
2024-03-19,2024-03-18,M2,Wavelet + Within-Scale,-0.013641330031716909,-0.015606491298966619,-0.01481865737039108,1
2024-03-19,2024-03-18,M3,Full Cross-Scale Multiscale,-0.015259527942843139,-0.017747570566521362,-0.01481865737039108,0
2024-03-20,2024-03-19,M0,Historical Simulation Benchmark,-0.03587574320083351,-0.06663215103535834,0.0201483764511897,0
2024-03-20,2024-03-19,M1,Heavy-Tail Marginals,-0.026405422970843678,-0.03622490634051022,0.0201483764511897,0
2024-03-20,2024-03-19,M2,Wavelet + Within-Scale,-0.013186219073353206,-0.014946360629271207,0.0201483764511897,0
2024-03-20,2024-03-19,M3,Full Cross-Scale Multiscale,-0.014282157755154914,-0.016522618027556495,0.0201483764511897,0
2024-03-21,2024-03-20,M0,Historical Simulation Benchmark,-0.03587574320083351,-0.06663215103535834,-0.0079067820542823,0
2024-03-21,2024-03-20,M1,Heavy-Tail Marginals,-0.025291393654253362,-0.032595199957684326,-0.0079067820542823,0
2024-03-21,2024-03-20,M2,Wavelet + Within-Scale,-0.013179015508238206,-0.014894740318802882,-0.0079067820542823,0
2024-03-21,2024-03-20,M3,Full Cross-Scale Multiscale,-0.015101077744851876,-0.01708699166406138,-0.0079067820542823,0
2024-03-22,2024-03-21,M0,Historical Simulation Benchmark,-0.03587574320083351,-0.06663215103535834,-0.00667869177131712,0
2024-03-22,2024-03-21,M1,Heavy-Tail Marginals,-0.02582619869518708,-0.03366551368014396,-0.00667869177131712,0
2024-03-22,2024-03-21,M2,Wavelet + Within-Scale,-0.014401058759324577,-0.016602959317233813,-0.00667869177131712,0
2024-03-22,2024-03-21,M3,Full Cross-Scale Multiscale,-0.014222748557505126,-0.016974262436096576,-0.00667869177131712,0
2024-03-25,2024-03-22,M0,Historical Simulation Benchmark,-0.03587574320083351,-0.06663215103535834,0.0208491988598788,0
2024-03-25,2024-03-22,M1,Heavy-Tail Marginals,-0.025668480226470513,-0.032398147729654436,0.0208491988598788,0
2024-03-25,2024-03-22,M2,Wavelet + Within-Scale,-0.014703271036361362,-0.017096260596831635,0.0208491988598788,0
2024-03-25,2024-03-22,M3,Full Cross-Scale Multiscale,-0.014749909078560887,-0.016364512241505556,0.0208491988598788,0
2024-03-26,2024-03-25,M0,Historical Simulation Benchmark,-0.03587574320083351,-0.06663215103535834,-0.0005567306663805202,0
2024-03-26,2024-03-25,M1,Heavy-Tail Marginals,-0.025233856958171628,-0.03190965745255277,-0.0005567306663805202,0
2024-03-26,2024-03-25,M2,Wavelet + Within-Scale,-0.014611556059689607,-0.016706955601237077,-0.0005567306663805202,0
2024-03-26,2024-03-25,M3,Full Cross-Scale Multiscale,-0.01490609308829828,-0.0172475268344933,-0.0005567306663805202,0
2024-03-27,2024-03-26,M0,Historical Simulation Benchmark,-0.03587574320083351,-0.06663215103535834,0.00291902393352148,0
2024-03-27,2024-03-26,M1,Heavy-Tail Marginals,-0.028299445337997223,-0.03924889009692424,0.00291902393352148,0
2024-03-27,2024-03-26,M2,Wavelet + Within-Scale,-0.013968582779075162,-0.01604810437707521,0.00291902393352148,0
2024-03-27,2024-03-26,M3,Full Cross-Scale Multiscale,-0.015069343669666143,-0.016371041933275102,0.00291902393352148,0
2024-03-28,2024-03-27,M0,Historical Simulation Benchmark,-0.031454175446783264,-0.044313109083815395,0.009138147010991981,0
2024-03-28,2024-03-27,M1,Heavy-Tail Marginals,-0.031434285896812554,-0.03784607642497366,0.009138147010991981,0
2024-03-28,2024-03-27,M2,Wavelet + Within-Scale,-0.01808239052572536,-0.021665062529825353,0.009138147010991981,0
2024-03-28,2024-03-27,M3,Full Cross-Scale Multiscale,-0.01922961797883897,-0.022864687515874775,0.009138147010991981,0
2024-04-01,2024-03-28,M0,Historical Simulation Benchmark,-0.031454175446783264,-0.044313109083815395,-0.0007311678858079799,0
2024-04-01,2024-03-28,M1,Heavy-Tail Marginals,-0.032590783723162715,-0.039304297031323696,-0.0007311678858079799,0
2024-04-01,2024-03-28,M2,Wavelet + Within-Scale,-0.01686286139928238,-0.019748994475825402,-0.0007311678858079799,0
2024-04-01,2024-03-28,M3,Full Cross-Scale Multiscale,-0.017837725352661354,-0.021426023137423245,-0.0007311678858079799,0
2024-04-02,2024-04-01,M0,Historical Simulation Benchmark,-0.031454175446783264,-0.044313109083815395,-0.00857706513575842,0
2024-04-02,2024-04-01,M1,Heavy-Tail Marginals,-0.028676254257612853,-0.03527010570011273,-0.00857706513575842,0
2024-04-02,2024-04-01,M2,Wavelet + Within-Scale,-0.016925112154757803,-0.01985155891724056,-0.00857706513575842,0
2024-04-02,2024-04-01,M3,Full Cross-Scale Multiscale,-0.017989199992081078,-0.021838944050758074,-0.00857706513575842,0
2024-04-03,2024-04-02,M0,Historical Simulation Benchmark,-0.031454175446783264,-0.044313109083815395,0.00496227062836494,0
2024-04-03,2024-04-02,M1,Heavy-Tail Marginals,-0.028767365354774206,-0.0353733343055127,0.00496227062836494,0
2024-04-03,2024-04-02,M2,Wavelet + Within-Scale,-0.01700907018817144,-0.020479247491184918,0.00496227062836494,0
2024-04-03,2024-04-02,M3,Full Cross-Scale Multiscale,-0.019736356828812182,-0.024395250840650286,0.00496227062836494,0
2024-04-04,2024-04-03,M0,Historical Simulation Benchmark,-0.031454175446783264,-0.044313109083815395,0.00709218561825206,0
2024-04-04,2024-04-03,M1,Heavy-Tail Marginals,-0.028875140335952842,-0.03595832452482213,0.00709218561825206,0
2024-04-04,2024-04-03,M2,Wavelet + Within-Scale,-0.017643214656578594,-0.02147473010216323,0.00709218561825206,0
2024-04-04,2024-04-03,M3,Full Cross-Scale Multiscale,-0.017895066285265403,-0.020705656061570103,0.00709218561825206,0
2024-04-05,2024-04-04,M0,Historical Simulation Benchmark,-0.031454175446783264,-0.044313109083815395,0.0024921211391296595,0
2024-04-05,2024-04-04,M1,Heavy-Tail Marginals,-0.029695910058136772,-0.03560665456438667,0.0024921211391296595,0
2024-04-05,2024-04-04,M2,Wavelet + Within-Scale,-0.01807243675359567,-0.021875825753382715,0.0024921211391296595,0
2024-04-05,2024-04-04,M3,Full Cross-Scale Multiscale,-0.019248682697094552,-0.022000311749997607,0.0024921211391296595,0
2024-04-08,2024-04-05,M0,Historical Simulation Benchmark,-0.031454175446783264,-0.044313109083815395,0.01129935190064054,0
2024-04-08,2024-04-05,M1,Heavy-Tail Marginals,-0.030907822654998342,-0.03921293208636175,0.01129935190064054,0
2024-04-08,2024-04-05,M2,Wavelet + Within-Scale,-0.016909768429604316,-0.020619127129988687,0.01129935190064054,0
2024-04-08,2024-04-05,M3,Full Cross-Scale Multiscale,-0.01721053335480833,-0.021055288749671074,0.01129935190064054,0
2024-04-09,2024-04-08,M0,Historical Simulation Benchmark,-0.031454175446783264,-0.044313109083815395,-0.007531613473546819,0
2024-04-09,2024-04-08,M1,Heavy-Tail Marginals,-0.029593936310442874,-0.03738871365922682,-0.007531613473546819,0
2024-04-09,2024-04-08,M2,Wavelet + Within-Scale,-0.0179737484562393,-0.02121062019894229,-0.007531613473546819,0
2024-04-09,2024-04-08,M3,Full Cross-Scale Multiscale,-0.019176791234903175,-0.02217756210767254,-0.007531613473546819,0
2024-04-10,2024-04-09,M0,Historical Simulation Benchmark,-0.031454175446783264,-0.044313109083815395,-0.00013913411674448123,0
2024-04-10,2024-04-09,M1,Heavy-Tail Marginals,-0.030011569683251194,-0.039897864245681224,-0.00013913411674448123,0
2024-04-10,2024-04-09,M2,Wavelet + Within-Scale,-0.016676110738587484,-0.02017066081084091,-0.00013913411674448123,0
2024-04-10,2024-04-09,M3,Full Cross-Scale Multiscale,-0.018357554521550176,-0.022679185709030297,-0.00013913411674448123,0
2024-04-11,2024-04-10,M0,Historical Simulation Benchmark,-0.031454175446783264,-0.044313109083815395,0.0022508973190771605,0
2024-04-11,2024-04-10,M1,Heavy-Tail Marginals,-0.02956536783669019,-0.03799256568907485,0.0022508973190771605,0
2024-04-11,2024-04-10,M2,Wavelet + Within-Scale,-0.017879596533773395,-0.021165316321411325,0.0022508973190771605,0
2024-04-11,2024-04-10,M3,Full Cross-Scale Multiscale,-0.019443296887249842,-0.023177087155301986,0.0022508973190771605,0
2024-04-12,2024-04-11,M0,Historical Simulation Benchmark,-0.031454175446783264,-0.044313109083815395,-0.01301928464949484,0
2024-04-12,2024-04-11,M1,Heavy-Tail Marginals,-0.030035800563496737,-0.04037278191385503,-0.01301928464949484,0
2024-04-12,2024-04-11,M2,Wavelet + Within-Scale,-0.017461828812859296,-0.021993253121819784,-0.01301928464949484,0
2024-04-12,2024-04-11,M3,Full Cross-Scale Multiscale,-0.019435874898366005,-0.02361982611877948,-0.01301928464949484,0
2024-04-15,2024-04-12,M0,Historical Simulation Benchmark,-0.031454175446783264,-0.044313109083815395,-0.011347319588991042,0
2024-04-15,2024-04-12,M1,Heavy-Tail Marginals,-0.026914928297722088,-0.037127636003151394,-0.011347319588991042,0
2024-04-15,2024-04-12,M2,Wavelet + Within-Scale,-0.018289687782532087,-0.021444460885524794,-0.011347319588991042,0
2024-04-15,2024-04-12,M3,Full Cross-Scale Multiscale,-0.017628034321338668,-0.022533892137671426,-0.011347319588991042,0
2024-04-16,2024-04-15,M0,Historical Simulation Benchmark,-0.031454175446783264,-0.044313109083815395,-0.0004803782548709202,0
2024-04-16,2024-04-15,M1,Heavy-Tail Marginals,-0.028350220072034422,-0.03665855223055117,-0.0004803782548709202,0
2024-04-16,2024-04-15,M2,Wavelet + Within-Scale,-0.01835707203022191,-0.02255375186116508,-0.0004803782548709202,0
2024-04-16,2024-04-15,M3,Full Cross-Scale Multiscale,-0.020194118075367775,-0.023391958401358517,-0.0004803782548709202,0
2024-04-17,2024-04-16,M0,Historical Simulation Benchmark,-0.031454175446783264,-0.044313109083815395,-0.015549912571510241,0
2024-04-17,2024-04-16,M1,Heavy-Tail Marginals,-0.030373814663879596,-0.03990483973843488,-0.015549912571510241,0
2024-04-17,2024-04-16,M2,Wavelet + Within-Scale,-0.016940426321306087,-0.021455747879727798,-0.015549912571510241,0
2024-04-17,2024-04-16,M3,Full Cross-Scale Multiscale,-0.018277036677886875,-0.021805466899136757,-0.015549912571510241,0
2024-04-18,2024-04-17,M0,Historical Simulation Benchmark,-0.031454175446783264,-0.044313109083815395,0.006411107577864381,0
2024-04-18,2024-04-17,M1,Heavy-Tail Marginals,-0.030851235764918085,-0.03748053642674976,0.006411107577864381,0
2024-04-18,2024-04-17,M2,Wavelet + Within-Scale,-0.018792797320633492,-0.022057940853589766,0.006411107577864381,0
2024-04-18,2024-04-17,M3,Full Cross-Scale Multiscale,-0.01977391914574054,-0.022881678999239614,0.006411107577864381,0
2024-04-19,2024-04-18,M0,Historical Simulation Benchmark,-0.031454175446783264,-0.044313109083815395,0.0003504264682286601,0
2024-04-19,2024-04-18,M1,Heavy-Tail Marginals,-0.03202219313512336,-0.04104810148176423,0.0003504264682286601,0
2024-04-19,2024-04-18,M2,Wavelet + Within-Scale,-0.018363769637393983,-0.021958816561603377,0.0003504264682286601,0
2024-04-19,2024-04-18,M3,Full Cross-Scale Multiscale,-0.019931301077708585,-0.023098784648332295,0.0003504264682286601,0
2024-04-22,2024-04-19,M0,Historical Simulation Benchmark,-0.031454175446783264,-0.044313109083815395,0.005841273394519002,0
2024-04-22,2024-04-19,M1,Heavy-Tail Marginals,-0.030305622532991502,-0.03863052152929302,0.005841273394519002,0
2024-04-22,2024-04-19,M2,Wavelet + Within-Scale,-0.018712786650359265,-0.02212427775494582,0.005841273394519002,0
2024-04-22,2024-04-19,M3,Full Cross-Scale Multiscale,-0.018984066244080066,-0.021719023968941882,0.005841273394519002,0
2024-04-23,2024-04-22,M0,Historical Simulation Benchmark,-0.031454175446783264,-0.044313109083815395,0.0038598715649557592,0
2024-04-23,2024-04-22,M1,Heavy-Tail Marginals,-0.029015838029327994,-0.0343996170442776,0.0038598715649557592,0
2024-04-23,2024-04-22,M2,Wavelet + Within-Scale,-0.01801951438302879,-0.02320260464321784,0.0038598715649557592,0
2024-04-23,2024-04-22,M3,Full Cross-Scale Multiscale,-0.01930606275129313,-0.024009532911454103,0.0038598715649557592,0
2024-04-24,2024-04-23,M0,Historical Simulation Benchmark,-0.031454175446783264,-0.044313109083815395,-0.008451140605503182,0
2024-04-24,2024-04-23,M1,Heavy-Tail Marginals,-0.030033339113425307,-0.04069277184607402,-0.008451140605503182,0
2024-04-24,2024-04-23,M2,Wavelet + Within-Scale,-0.019680073740752996,-0.02292474378884087,-0.008451140605503182,0
2024-04-24,2024-04-23,M3,Full Cross-Scale Multiscale,-0.018655855446889795,-0.02167396129838927,-0.008451140605503182,0
2024-04-25,2024-04-24,M0,Historical Simulation Benchmark,-0.031454175446783264,-0.044313109083815395,0.0022974664762414805,0
2024-04-25,2024-04-24,M1,Heavy-Tail Marginals,-0.030342657549946042,-0.03823484838692047,0.0022974664762414805,0
2024-04-25,2024-04-24,M2,Wavelet + Within-Scale,-0.016577410768363814,-0.02087288364279385,0.0022974664762414805,0
2024-04-25,2024-04-24,M3,Full Cross-Scale Multiscale,-0.01864401633901943,-0.021435831633737128,0.0022974664762414805,0
2024-04-26,2024-04-25,M0,Historical Simulation Benchmark,-0.031454175446783264,-0.044313109083815395,0.00069030528244916,0
2024-04-26,2024-04-25,M1,Heavy-Tail Marginals,-0.028032829027713903,-0.03527412670125395,0.00069030528244916,0
2024-04-26,2024-04-25,M2,Wavelet + Within-Scale,-0.01874638263683267,-0.02176775112793357,0.00069030528244916,0
2024-04-26,2024-04-25,M3,Full Cross-Scale Multiscale,-0.0186286233189872,-0.02076930873126014,0.00069030528244916,0
2024-04-29,2024-04-26,M0,Historical Simulation Benchmark,-0.030548910176419326,-0.04098423371098464,-0.0008499774281981598,0
2024-04-29,2024-04-26,M1,Heavy-Tail Marginals,-0.02426001439704484,-0.029812340554287893,-0.0008499774281981598,0
2024-04-29,2024-04-26,M2,Wavelet + Within-Scale,-0.011260683821448994,-0.013335300523706317,-0.0008499774281981598,0
2024-04-29,2024-04-26,M3,Full Cross-Scale Multiscale,-0.012120565969702925,-0.014297030379975007,-0.0008499774281981598,0
2024-04-30,2024-04-29,M0,Historical Simulation Benchmark,-0.030548910176419326,-0.04098423371098464,-0.021296357134147882,0
2024-04-30,2024-04-29,M1,Heavy-Tail Marginals,-0.02417879316618121,-0.03231401939828275,-0.021296357134147882,0
2024-04-30,2024-04-29,M2,Wavelet + Within-Scale,-0.011130590361031987,-0.01355843781798119,-0.021296357134147882,1
2024-04-30,2024-04-29,M3,Full Cross-Scale Multiscale,-0.012018079728875499,-0.013512889334023795,-0.021296357134147882,1
2024-05-01,2024-04-30,M0,Historical Simulation Benchmark,-0.030548910176419326,-0.04098423371098464,-0.012425090110168562,0
2024-05-01,2024-04-30,M1,Heavy-Tail Marginals,-0.02275450338104739,-0.02915327490668136,-0.012425090110168562,0
2024-05-01,2024-04-30,M2,Wavelet + Within-Scale,-0.011663516625397762,-0.013631591912045929,-0.012425090110168562,1
2024-05-01,2024-04-30,M3,Full Cross-Scale Multiscale,-0.011794075640730059,-0.013559663037554685,-0.012425090110168562,1
2024-05-02,2024-05-01,M0,Historical Simulation Benchmark,-0.030548910176419326,-0.04098423371098464,0.005143973749479081,0
2024-05-02,2024-05-01,M1,Heavy-Tail Marginals,-0.025552197843544164,-0.03163109934523185,0.005143973749479081,0
2024-05-02,2024-05-01,M2,Wavelet + Within-Scale,-0.011461215657209702,-0.013521945161614026,0.005143973749479081,0
2024-05-02,2024-05-01,M3,Full Cross-Scale Multiscale,-0.012699597982611976,-0.014641335454164559,0.005143973749479081,0
2024-05-03,2024-05-02,M0,Historical Simulation Benchmark,-0.030548910176419326,-0.04098423371098464,0.013643535836431261,0
2024-05-03,2024-05-02,M1,Heavy-Tail Marginals,-0.02453381611862951,-0.029781290848414133,0.013643535836431261,0
2024-05-03,2024-05-02,M2,Wavelet + Within-Scale,-0.012136973056842684,-0.013458762691191908,0.013643535836431261,0
2024-05-03,2024-05-02,M3,Full Cross-Scale Multiscale,-0.011813420130487801,-0.014255381444183177,0.013643535836431261,0
2024-05-06,2024-05-03,M0,Historical Simulation Benchmark,-0.030548910176419326,-0.04098423371098464,0.00658997356964638,0
2024-05-06,2024-05-03,M1,Heavy-Tail Marginals,-0.02970997804622408,-0.03447145786217793,0.00658997356964638,0
2024-05-06,2024-05-03,M2,Wavelet + Within-Scale,-0.011097004827313505,-0.012877556209210678,0.00658997356964638,0
2024-05-06,2024-05-03,M3,Full Cross-Scale Multiscale,-0.012600575512399778,-0.01412979278200047,0.00658997356964638,0
2024-05-07,2024-05-06,M0,Historical Simulation Benchmark,-0.030548910176419326,-0.04098423371098464,-0.0032434397027859205,0
2024-05-07,2024-05-06,M1,Heavy-Tail Marginals,-0.024821305620659234,-0.02883449958459821,-0.0032434397027859205,0
2024-05-07,2024-05-06,M2,Wavelet + Within-Scale,-0.01176788456864728,-0.013286757777600616,-0.0032434397027859205,0
2024-05-07,2024-05-06,M3,Full Cross-Scale Multiscale,-0.011934002109585312,-0.01317664061809962,-0.0032434397027859205,0
2024-05-08,2024-05-07,M0,Historical Simulation Benchmark,-0.030548910176419326,-0.04098423371098464,-0.0032356181859174325,0
2024-05-08,2024-05-07,M1,Heavy-Tail Marginals,-0.025954038843190974,-0.03145341869910824,-0.0032356181859174325,0
2024-05-08,2024-05-07,M2,Wavelet + Within-Scale,-0.011513876952243464,-0.01295655430451673,-0.0032356181859174325,0
2024-05-08,2024-05-07,M3,Full Cross-Scale Multiscale,-0.011593315768115437,-0.013410846796639592,-0.0032356181859174325,0
2024-05-09,2024-05-08,M0,Historical Simulation Benchmark,-0.030548910176419326,-0.04098423371098464,0.01195443449189242,0
2024-05-09,2024-05-08,M1,Heavy-Tail Marginals,-0.0233575082072935,-0.031810065129082764,0.01195443449189242,0
2024-05-09,2024-05-08,M2,Wavelet + Within-Scale,-0.011256358112625304,-0.01274963118132541,0.01195443449189242,0
2024-05-09,2024-05-08,M3,Full Cross-Scale Multiscale,-0.01313432710522465,-0.01468897341330623,0.01195443449189242,0
2024-05-10,2024-05-09,M0,Historical Simulation Benchmark,-0.030548910176419326,-0.04098423371098464,-0.00927982165059408,0
2024-05-10,2024-05-09,M1,Heavy-Tail Marginals,-0.02537058126748882,-0.03265314290591867,-0.00927982165059408,0
2024-05-10,2024-05-09,M2,Wavelet + Within-Scale,-0.01146176254609694,-0.013260750855062207,-0.00927982165059408,0
2024-05-10,2024-05-09,M3,Full Cross-Scale Multiscale,-0.012145410235501792,-0.014008496252118871,-0.00927982165059408,0
2024-05-13,2024-05-10,M0,Historical Simulation Benchmark,-0.030548910176419326,-0.04098423371098464,0.00702357311804914,0
2024-05-13,2024-05-10,M1,Heavy-Tail Marginals,-0.02487068114073149,-0.029289896310183104,0.00702357311804914,0
2024-05-13,2024-05-10,M2,Wavelet + Within-Scale,-0.011843674673239359,-0.013265953464999836,0.00702357311804914,0
2024-05-13,2024-05-10,M3,Full Cross-Scale Multiscale,-0.012188719704674385,-0.01363551182684552,0.00702357311804914,0
2024-05-14,2024-05-13,M0,Historical Simulation Benchmark,-0.030548910176419326,-0.04098423371098464,-0.003583459090917921,0
2024-05-14,2024-05-13,M1,Heavy-Tail Marginals,-0.024662601946275328,-0.030361181522830915,-0.003583459090917921,0
2024-05-14,2024-05-13,M2,Wavelet + Within-Scale,-0.011237240737308503,-0.012641801796923313,-0.003583459090917921,0
2024-05-14,2024-05-13,M3,Full Cross-Scale Multiscale,-0.011649014159671171,-0.013245078154865569,-0.003583459090917921,0
2024-05-15,2024-05-14,M0,Historical Simulation Benchmark,-0.030548910176419326,-0.04098423371098464,0.0230492045559951,0
2024-05-15,2024-05-14,M1,Heavy-Tail Marginals,-0.024816508777526586,-0.03350996889369064,0.0230492045559951,0
2024-05-15,2024-05-14,M2,Wavelet + Within-Scale,-0.011000737746855095,-0.012101179213985486,0.0230492045559951,0
2024-05-15,2024-05-14,M3,Full Cross-Scale Multiscale,-0.011533756372595691,-0.013388149468030786,0.0230492045559951,0
2024-05-16,2024-05-15,M0,Historical Simulation Benchmark,-0.030548910176419326,-0.04098423371098464,-0.0037554359979797003,0
2024-05-16,2024-05-15,M1,Heavy-Tail Marginals,-0.023993024967722935,-0.02859836324602491,-0.0037554359979797003,0
2024-05-16,2024-05-15,M2,Wavelet + Within-Scale,-0.011149204170245968,-0.013233472629767156,-0.0037554359979797003,0
2024-05-16,2024-05-15,M3,Full Cross-Scale Multiscale,-0.012199002987125406,-0.013852493892376541,-0.0037554359979797003,0
2024-05-17,2024-05-16,M0,Historical Simulation Benchmark,-0.030548910176419326,-0.04098423371098464,0.01032211686454794,0
2024-05-17,2024-05-16,M1,Heavy-Tail Marginals,-0.024769456001910106,-0.03240498811032452,0.01032211686454794,0
2024-05-17,2024-05-16,M2,Wavelet + Within-Scale,-0.011597602469211559,-0.013244736498374876,0.01032211686454794,0
2024-05-17,2024-05-16,M3,Full Cross-Scale Multiscale,-0.012407054539667449,-0.014075199720174129,0.01032211686454794,0
2024-05-20,2024-05-17,M0,Historical Simulation Benchmark,-0.030548910176419326,-0.04098423371098464,0.012809168968788339,0
2024-05-20,2024-05-17,M1,Heavy-Tail Marginals,-0.024436656831114865,-0.028826432241305305,0.012809168968788339,0
2024-05-20,2024-05-17,M2,Wavelet + Within-Scale,-0.01156275336462085,-0.013109695871601462,0.012809168968788339,0
2024-05-20,2024-05-17,M3,Full Cross-Scale Multiscale,-0.012293011117779836,-0.014093088910849325,0.012809168968788339,0
2024-05-21,2024-05-20,M0,Historical Simulation Benchmark,-0.030548910176419326,-0.04098423371098464,-0.00448562925881072,0
2024-05-21,2024-05-20,M1,Heavy-Tail Marginals,-0.025070929671662644,-0.032407762507559695,-0.00448562925881072,0
2024-05-21,2024-05-20,M2,Wavelet + Within-Scale,-0.011145673474024257,-0.01298395674724288,-0.00448562925881072,0
2024-05-21,2024-05-20,M3,Full Cross-Scale Multiscale,-0.012051135339441164,-0.01411814945778649,-0.00448562925881072,0
2024-05-22,2024-05-21,M0,Historical Simulation Benchmark,-0.030548910176419326,-0.04098423371098464,-0.01087311818075558,0
2024-05-22,2024-05-21,M1,Heavy-Tail Marginals,-0.024278113064718936,-0.031917110800411555,-0.01087311818075558,0
2024-05-22,2024-05-21,M2,Wavelet + Within-Scale,-0.010850890770330524,-0.012357641043701304,-0.01087311818075558,1
2024-05-22,2024-05-21,M3,Full Cross-Scale Multiscale,-0.01226898428639937,-0.01412582279780163,-0.01087311818075558,0
2024-05-23,2024-05-22,M0,Historical Simulation Benchmark,-0.030548910176419326,-0.04098423371098464,-0.010812070628238801,0
2024-05-23,2024-05-22,M1,Heavy-Tail Marginals,-0.023709183367739892,-0.03232411258804998,-0.010812070628238801,0
2024-05-23,2024-05-22,M2,Wavelet + Within-Scale,-0.011266138723655348,-0.01306520570639598,-0.010812070628238801,0
2024-05-23,2024-05-22,M3,Full Cross-Scale Multiscale,-0.012346136081294192,-0.014448762852554167,-0.010812070628238801,0
2024-05-24,2024-05-23,M0,Historical Simulation Benchmark,-0.030548910176419326,-0.04098423371098464,0.00591467776971016,0
2024-05-24,2024-05-23,M1,Heavy-Tail Marginals,-0.023838709005638,-0.0316578349589184,0.00591467776971016,0
2024-05-24,2024-05-23,M2,Wavelet + Within-Scale,-0.010476601869261332,-0.011452346399845287,0.00591467776971016,0
2024-05-24,2024-05-23,M3,Full Cross-Scale Multiscale,-0.011898439929326016,-0.013212915849589762,0.00591467776971016,0
2024-05-28,2024-05-24,M0,Historical Simulation Benchmark,-0.030548910176419326,-0.04098423371098464,0.006475795925117581,0
2024-05-28,2024-05-24,M1,Heavy-Tail Marginals,-0.023155097985369317,-0.027721359068825092,0.006475795925117581,0
2024-05-28,2024-05-24,M2,Wavelet + Within-Scale,-0.010860609693690732,-0.012216086337469761,0.006475795925117581,0
2024-05-28,2024-05-24,M3,Full Cross-Scale Multiscale,-0.011093928832969661,-0.013004260418896171,0.006475795925117581,0
2024-05-29,2024-05-28,M0,Historical Simulation Benchmark,-0.028919941473489686,-0.04088467430570993,-0.00919284342515482,0
2024-05-29,2024-05-28,M1,Heavy-Tail Marginals,-0.025207603811389163,-0.03034145901649176,-0.00919284342515482,0
2024-05-29,2024-05-28,M2,Wavelet + Within-Scale,-0.012428484881100805,-0.014034017201897267,-0.00919284342515482,0
2024-05-29,2024-05-28,M3,Full Cross-Scale Multiscale,-0.013151440931431608,-0.015853044677824227,-0.00919284342515482,0
2024-05-30,2024-05-29,M0,Historical Simulation Benchmark,-0.028919941473489686,-0.04088467430570993,-0.0003734632272761203,0
2024-05-30,2024-05-29,M1,Heavy-Tail Marginals,-0.0258325618697875,-0.03362008402616593,-0.0003734632272761203,0
2024-05-30,2024-05-29,M2,Wavelet + Within-Scale,-0.01197055044213073,-0.013777543312986196,-0.0003734632272761203,0
2024-05-30,2024-05-29,M3,Full Cross-Scale Multiscale,-0.01318374921891923,-0.015520928548619098,-0.0003734632272761203,0
2024-05-31,2024-05-30,M0,Historical Simulation Benchmark,-0.028919941473489686,-0.04088467430570993,-0.0028950270190696605,0
2024-05-31,2024-05-30,M1,Heavy-Tail Marginals,-0.02426644408395729,-0.029923946123916866,-0.0028950270190696605,0
2024-05-31,2024-05-30,M2,Wavelet + Within-Scale,-0.011484080310819642,-0.01364096434074411,-0.0028950270190696605,0
2024-05-31,2024-05-30,M3,Full Cross-Scale Multiscale,-0.013090678523802815,-0.014414561667240344,-0.0028950270190696605,0
2024-06-03,2024-05-31,M0,Historical Simulation Benchmark,-0.028919941473489686,-0.04088467430570993,-0.0010576912683344418,0
2024-06-03,2024-05-31,M1,Heavy-Tail Marginals,-0.02436103953316817,-0.028889273224854815,-0.0010576912683344418,0
2024-06-03,2024-05-31,M2,Wavelet + Within-Scale,-0.011864465958716016,-0.014287216194407282,-0.0010576912683344418,0
2024-06-03,2024-05-31,M3,Full Cross-Scale Multiscale,-0.013111555434369263,-0.014923427734997155,-0.0010576912683344418,0
2024-06-04,2024-06-03,M0,Historical Simulation Benchmark,-0.028919941473489686,-0.04088467430570993,0.0025012088480166604,0
2024-06-04,2024-06-03,M1,Heavy-Tail Marginals,-0.02499291352920471,-0.032678102634836434,0.0025012088480166604,0
2024-06-04,2024-06-03,M2,Wavelet + Within-Scale,-0.012173629829380904,-0.013642197634311404,0.0025012088480166604,0
2024-06-04,2024-06-03,M3,Full Cross-Scale Multiscale,-0.013164831830412834,-0.01545037726351316,0.0025012088480166604,0
2024-06-05,2024-06-04,M0,Historical Simulation Benchmark,-0.028919941473489686,-0.04088467430570993,0.00913556610141184,0
2024-06-05,2024-06-04,M1,Heavy-Tail Marginals,-0.02708828612656438,-0.03578696677008967,0.00913556610141184,0
2024-06-05,2024-06-04,M2,Wavelet + Within-Scale,-0.011612812749926519,-0.01393805529560451,0.00913556610141184,0
2024-06-05,2024-06-04,M3,Full Cross-Scale Multiscale,-0.013592560782949228,-0.015975329868034675,0.00913556610141184,0
2024-06-06,2024-06-05,M0,Historical Simulation Benchmark,-0.028919941473489686,-0.04088467430570993,0.0042410688903146195,0
2024-06-06,2024-06-05,M1,Heavy-Tail Marginals,-0.023435720567919753,-0.029483603850259534,0.0042410688903146195,0
2024-06-06,2024-06-05,M2,Wavelet + Within-Scale,-0.012182133080828002,-0.014105887319220845,0.0042410688903146195,0
2024-06-06,2024-06-05,M3,Full Cross-Scale Multiscale,-0.013577527739728465,-0.015176418636729954,0.0042410688903146195,0
2024-06-07,2024-06-06,M0,Historical Simulation Benchmark,-0.028919941473489686,-0.04088467430570993,-0.01432456799358728,0
2024-06-07,2024-06-06,M1,Heavy-Tail Marginals,-0.025348536983126863,-0.031241549800310502,-0.01432456799358728,0
2024-06-07,2024-06-06,M2,Wavelet + Within-Scale,-0.012363309421645404,-0.014158224074558643,-0.01432456799358728,1
2024-06-07,2024-06-06,M3,Full Cross-Scale Multiscale,-0.013643979663161998,-0.015816282505722166,-0.01432456799358728,1
2024-06-10,2024-06-07,M0,Historical Simulation Benchmark,-0.028919941473489686,-0.04088467430570993,0.00907428868093038,0
2024-06-10,2024-06-07,M1,Heavy-Tail Marginals,-0.025904666226642163,-0.033746559729131924,0.00907428868093038,0
2024-06-10,2024-06-07,M2,Wavelet + Within-Scale,-0.012026056725418758,-0.013245974767667926,0.00907428868093038,0
2024-06-10,2024-06-07,M3,Full Cross-Scale Multiscale,-0.012865604867995038,-0.01489619890007432,0.00907428868093038,0
2024-06-11,2024-06-10,M0,Historical Simulation Benchmark,-0.028919941473489686,-0.04088467430570993,-0.00413563437851658,0
2024-06-11,2024-06-10,M1,Heavy-Tail Marginals,-0.02508542937117657,-0.03146134239331176,-0.00413563437851658,0
2024-06-11,2024-06-10,M2,Wavelet + Within-Scale,-0.012146449179354866,-0.013633528893428759,-0.00413563437851658,0
2024-06-11,2024-06-10,M3,Full Cross-Scale Multiscale,-0.012834603037267142,-0.014798195026905108,-0.00413563437851658,0
2024-06-12,2024-06-11,M0,Historical Simulation Benchmark,-0.028919941473489686,-0.04088467430570993,0.007203304466853501,0
2024-06-12,2024-06-11,M1,Heavy-Tail Marginals,-0.02354301608379486,-0.03177953863925382,0.007203304466853501,0
2024-06-12,2024-06-11,M2,Wavelet + Within-Scale,-0.012547601525709363,-0.014488352612083366,0.007203304466853501,0
2024-06-12,2024-06-11,M3,Full Cross-Scale Multiscale,-0.013381481787878891,-0.015955836644875286,0.007203304466853501,0
2024-06-13,2024-06-12,M0,Historical Simulation Benchmark,-0.028919941473489686,-0.04088467430570993,-0.00494860950295194,0
2024-06-13,2024-06-12,M1,Heavy-Tail Marginals,-0.025626386530315876,-0.033296442132329844,-0.00494860950295194,0
2024-06-13,2024-06-12,M2,Wavelet + Within-Scale,-0.012994486330894261,-0.01442071114978051,-0.00494860950295194,0
2024-06-13,2024-06-12,M3,Full Cross-Scale Multiscale,-0.013851326405038635,-0.01650524814260556,-0.00494860950295194,0
2024-06-14,2024-06-13,M0,Historical Simulation Benchmark,-0.028919941473489686,-0.04088467430570993,0.0018128544895631804,0
2024-06-14,2024-06-13,M1,Heavy-Tail Marginals,-0.027391384589555166,-0.03621243997017828,0.0018128544895631804,0
2024-06-14,2024-06-13,M2,Wavelet + Within-Scale,-0.012504637919854225,-0.014537007328075557,0.0018128544895631804,0
2024-06-14,2024-06-13,M3,Full Cross-Scale Multiscale,-0.013679924111212187,-0.016218699201567568,0.0018128544895631804,0
2024-06-17,2024-06-14,M0,Historical Simulation Benchmark,-0.028919941473489686,-0.04088467430570993,0.00550422647877142,0
2024-06-17,2024-06-14,M1,Heavy-Tail Marginals,-0.025059958080738354,-0.031410230282039445,0.00550422647877142,0
2024-06-17,2024-06-14,M2,Wavelet + Within-Scale,-0.013239522989252062,-0.014739096181339792,0.00550422647877142,0
2024-06-17,2024-06-14,M3,Full Cross-Scale Multiscale,-0.013207294119629636,-0.015321517220107722,0.00550422647877142,0
2024-06-18,2024-06-17,M0,Historical Simulation Benchmark,-0.028919941473489686,-0.04088467430570993,0.000324959279961721,0
2024-06-18,2024-06-17,M1,Heavy-Tail Marginals,-0.027380419712628005,-0.03315644644725803,0.000324959279961721,0
2024-06-18,2024-06-17,M2,Wavelet + Within-Scale,-0.012705037040601504,-0.01474874809636598,0.000324959279961721,0
2024-06-18,2024-06-17,M3,Full Cross-Scale Multiscale,-0.01392324549796068,-0.015846820570596668,0.000324959279961721,0
2024-06-20,2024-06-18,M0,Historical Simulation Benchmark,-0.028919941473489686,-0.04088467430570993,0.0023411740608368405,0
2024-06-20,2024-06-18,M1,Heavy-Tail Marginals,-0.023986802359863096,-0.031088182574737146,0.0023411740608368405,0
2024-06-20,2024-06-18,M2,Wavelet + Within-Scale,-0.012348361792478202,-0.015900756678274834,0.0023411740608368405,0
2024-06-20,2024-06-18,M3,Full Cross-Scale Multiscale,-0.012915455818265502,-0.015271453196899126,0.0023411740608368405,0
2024-06-21,2024-06-20,M0,Historical Simulation Benchmark,-0.028919941473489686,-0.04088467430570993,-0.007544695422854741,0
2024-06-21,2024-06-20,M1,Heavy-Tail Marginals,-0.026628705989281222,-0.035568604478928165,-0.007544695422854741,0
2024-06-21,2024-06-20,M2,Wavelet + Within-Scale,-0.012217163992227666,-0.014327068101225892,-0.007544695422854741,0
2024-06-21,2024-06-20,M3,Full Cross-Scale Multiscale,-0.012715259055764101,-0.015384619808450035,-0.007544695422854741,0
2024-06-24,2024-06-21,M0,Historical Simulation Benchmark,-0.028919941473489686,-0.04088467430570993,-0.00932490153086198,0
2024-06-24,2024-06-21,M1,Heavy-Tail Marginals,-0.025765089727941795,-0.03329982501955885,-0.00932490153086198,0
2024-06-24,2024-06-21,M2,Wavelet + Within-Scale,-0.012243543676906454,-0.014312715197195494,-0.00932490153086198,0
2024-06-24,2024-06-21,M3,Full Cross-Scale Multiscale,-0.013710195044815687,-0.01564610842572154,-0.00932490153086198,0
2024-06-25,2024-06-24,M0,Historical Simulation Benchmark,-0.028919941473489686,-0.04088467430570993,0.0029297332536150603,0
2024-06-25,2024-06-24,M1,Heavy-Tail Marginals,-0.02461844514045966,-0.03043115473052286,0.0029297332536150603,0
2024-06-25,2024-06-24,M2,Wavelet + Within-Scale,-0.012526721438388773,-0.013947851367656727,0.0029297332536150603,0
2024-06-25,2024-06-24,M3,Full Cross-Scale Multiscale,-0.013548262360196404,-0.015698930470352142,0.0029297332536150603,0
2024-06-26,2024-06-25,M0,Historical Simulation Benchmark,-0.028919941473489686,-0.04088467430570993,-0.00643590594052806,0
2024-06-26,2024-06-25,M1,Heavy-Tail Marginals,-0.024347231001786377,-0.031015271717294613,-0.00643590594052806,0
2024-06-26,2024-06-25,M2,Wavelet + Within-Scale,-0.012415894744782932,-0.014459732558882384,-0.00643590594052806,0
2024-06-26,2024-06-25,M3,Full Cross-Scale Multiscale,-0.013561534722001691,-0.01631987522400587,-0.00643590594052806,0
2024-06-27,2024-06-26,M0,Historical Simulation Benchmark,-0.028919941473489686,-0.04088467430570993,0.008558727166925219,0
2024-06-27,2024-06-26,M1,Heavy-Tail Marginals,-0.025624031742715173,-0.032512889364956006,0.008558727166925219,0
2024-06-27,2024-06-26,M2,Wavelet + Within-Scale,-0.011964822220561704,-0.014677462668115626,0.008558727166925219,0
2024-06-27,2024-06-26,M3,Full Cross-Scale Multiscale,-0.013545287263381951,-0.016179415800680913,0.008558727166925219,0
2024-06-28,2024-06-27,M0,Historical Simulation Benchmark,-0.027528678741702277,-0.03985843494897869,-0.0068771725854891415,0
2024-06-28,2024-06-27,M1,Heavy-Tail Marginals,-0.02299430459944238,-0.031374965346941106,-0.0068771725854891415,0
2024-06-28,2024-06-27,M2,Wavelet + Within-Scale,-0.011379664677811617,-0.013804741650661733,-0.0068771725854891415,0
2024-06-28,2024-06-27,M3,Full Cross-Scale Multiscale,-0.012011844692699478,-0.014043206954956224,-0.0068771725854891415,0
2024-07-01,2024-06-28,M0,Historical Simulation Benchmark,-0.027528678741702277,-0.03985843494897869,0.012501394904519621,0
2024-07-01,2024-06-28,M1,Heavy-Tail Marginals,-0.02527259556012807,-0.03273759349662325,0.012501394904519621,0
2024-07-01,2024-06-28,M2,Wavelet + Within-Scale,-0.01102637294620758,-0.013278832353516418,0.012501394904519621,0
2024-07-01,2024-06-28,M3,Full Cross-Scale Multiscale,-0.011560806198889051,-0.013535420211547295,0.012501394904519621,0
2024-07-02,2024-07-01,M0,Historical Simulation Benchmark,-0.027528678741702277,-0.03985843494897869,-0.001607437801177205,0
2024-07-02,2024-07-01,M1,Heavy-Tail Marginals,-0.02400224845016372,-0.03179549662294815,-0.001607437801177205,0
2024-07-02,2024-07-01,M2,Wavelet + Within-Scale,-0.011283221821805208,-0.012812906490452847,-0.001607437801177205,0
2024-07-02,2024-07-01,M3,Full Cross-Scale Multiscale,-0.011957752926019003,-0.013670946260551492,-0.001607437801177205,0
2024-07-03,2024-07-02,M0,Historical Simulation Benchmark,-0.027528678741702277,-0.03985843494897869,-0.0012173350517239202,0
2024-07-03,2024-07-02,M1,Heavy-Tail Marginals,-0.021970506902167432,-0.028550787886989525,-0.0012173350517239202,0
2024-07-03,2024-07-02,M2,Wavelet + Within-Scale,-0.011102620434599357,-0.013103555924862075,-0.0012173350517239202,0
2024-07-03,2024-07-02,M3,Full Cross-Scale Multiscale,-0.0116563883140787,-0.014374859497025477,-0.0012173350517239202,0
2024-07-05,2024-07-03,M0,Historical Simulation Benchmark,-0.027528678741702277,-0.03985843494897869,-0.006990488356590741,0
2024-07-05,2024-07-03,M1,Heavy-Tail Marginals,-0.024306990360687453,-0.0316215571937711,-0.006990488356590741,0
2024-07-05,2024-07-03,M2,Wavelet + Within-Scale,-0.011126357426483614,-0.013155114672639811,-0.006990488356590741,0
2024-07-05,2024-07-03,M3,Full Cross-Scale Multiscale,-0.011545094363326944,-0.013221902282450224,-0.006990488356590741,0
2024-07-08,2024-07-05,M0,Historical Simulation Benchmark,-0.027528678741702277,-0.03985843494897869,-0.00425201383282376,0
2024-07-08,2024-07-05,M1,Heavy-Tail Marginals,-0.02214382845468823,-0.02835566103757712,-0.00425201383282376,0
2024-07-08,2024-07-05,M2,Wavelet + Within-Scale,-0.010792584483241078,-0.01308648192271597,-0.00425201383282376,0
2024-07-08,2024-07-05,M3,Full Cross-Scale Multiscale,-0.011044121129836078,-0.012818939519580824,-0.00425201383282376,0
2024-07-09,2024-07-08,M0,Historical Simulation Benchmark,-0.027528678741702277,-0.03985843494897869,0.00318153447242604,0
2024-07-09,2024-07-08,M1,Heavy-Tail Marginals,-0.024524951210472063,-0.029332893952293614,0.00318153447242604,0
2024-07-09,2024-07-08,M2,Wavelet + Within-Scale,-0.010366461658731306,-0.012182059297025651,0.00318153447242604,0
2024-07-09,2024-07-08,M3,Full Cross-Scale Multiscale,-0.01110398161409904,-0.01246245912001063,0.00318153447242604,0
2024-07-10,2024-07-09,M0,Historical Simulation Benchmark,-0.027528678741702277,-0.03985843494897869,0.00374185123144858,0
2024-07-10,2024-07-09,M1,Heavy-Tail Marginals,-0.021123599902133004,-0.02621540343805485,0.00374185123144858,0
2024-07-10,2024-07-09,M2,Wavelet + Within-Scale,-0.010314198925499818,-0.012731235753491527,0.00374185123144858,0
2024-07-10,2024-07-09,M3,Full Cross-Scale Multiscale,-0.011408547393701755,-0.01358121992256527,0.00374185123144858,0
2024-07-11,2024-07-10,M0,Historical Simulation Benchmark,-0.027528678741702277,-0.03985843494897869,0.0028121812249963206,0
2024-07-11,2024-07-10,M1,Heavy-Tail Marginals,-0.02203459884202111,-0.029935333955699285,0.0028121812249963206,0
2024-07-11,2024-07-10,M2,Wavelet + Within-Scale,-0.010842842021599993,-0.01231921229193677,0.0028121812249963206,0
2024-07-11,2024-07-10,M3,Full Cross-Scale Multiscale,-0.011228953654626566,-0.012811788120746969,0.0028121812249963206,0
2024-07-12,2024-07-11,M0,Historical Simulation Benchmark,-0.027528678741702277,-0.03985843494897869,0.0017662851878504002,0
2024-07-12,2024-07-11,M1,Heavy-Tail Marginals,-0.02091476992093661,-0.024194770388671443,0.0017662851878504002,0
2024-07-12,2024-07-11,M2,Wavelet + Within-Scale,-0.010649822836499949,-0.012641848665322187,0.0017662851878504002,0
2024-07-12,2024-07-11,M3,Full Cross-Scale Multiscale,-0.011580521565613603,-0.013653154401297884,0.0017662851878504002,0
2024-07-15,2024-07-12,M0,Historical Simulation Benchmark,-0.027528678741702277,-0.03985843494897869,0.02297237468981772,0
2024-07-15,2024-07-12,M1,Heavy-Tail Marginals,-0.022331797815098198,-0.027906959074366293,0.02297237468981772,0
2024-07-15,2024-07-12,M2,Wavelet + Within-Scale,-0.011312328138322152,-0.013839431522802623,0.02297237468981772,0
2024-07-15,2024-07-12,M3,Full Cross-Scale Multiscale,-0.01162848808132126,-0.013665508535363824,0.02297237468981772,0
2024-07-16,2024-07-15,M0,Historical Simulation Benchmark,-0.027528678741702277,-0.03985843494897869,0.0040489929348008396,0
2024-07-16,2024-07-15,M1,Heavy-Tail Marginals,-0.02443342514538205,-0.032942807129468565,0.0040489929348008396,0
2024-07-16,2024-07-15,M2,Wavelet + Within-Scale,-0.010846149005770842,-0.013493838190199392,0.0040489929348008396,0
2024-07-16,2024-07-15,M3,Full Cross-Scale Multiscale,-0.01132011648766499,-0.013547818820277047,0.0040489929348008396,0
2024-07-17,2024-07-16,M0,Historical Simulation Benchmark,-0.027528678741702277,-0.03985843494897869,-0.00270732552105376,0
2024-07-17,2024-07-16,M1,Heavy-Tail Marginals,-0.022758478068870856,-0.032004245504775757,-0.00270732552105376,0
2024-07-17,2024-07-16,M2,Wavelet + Within-Scale,-0.011319265851698169,-0.013304049608448162,-0.00270732552105376,0
2024-07-17,2024-07-16,M3,Full Cross-Scale Multiscale,-0.011312227023378417,-0.013339958244579977,-0.00270732552105376,0
2024-07-18,2024-07-17,M0,Historical Simulation Benchmark,-0.027528678741702277,-0.03985843494897869,-0.00563780739928844,0
2024-07-18,2024-07-17,M1,Heavy-Tail Marginals,-0.024368906183739634,-0.03130680887932385,-0.00563780739928844,0
2024-07-18,2024-07-17,M2,Wavelet + Within-Scale,-0.01155126352376283,-0.013439451967601579,-0.00563780739928844,0
2024-07-18,2024-07-17,M3,Full Cross-Scale Multiscale,-0.011420541936254098,-0.01434741947026844,-0.00563780739928844,0
2024-07-19,2024-07-18,M0,Historical Simulation Benchmark,-0.027528678741702277,-0.03985843494897869,-0.0020235353199478997,0
2024-07-19,2024-07-18,M1,Heavy-Tail Marginals,-0.024235371550593018,-0.03418892910288514,-0.0020235353199478997,0
2024-07-19,2024-07-18,M2,Wavelet + Within-Scale,-0.010842297674197735,-0.01266300400942559,-0.0020235353199478997,0
2024-07-19,2024-07-18,M3,Full Cross-Scale Multiscale,-0.01164695238863074,-0.014327783053238697,-0.0020235353199478997,0
2024-07-22,2024-07-19,M0,Historical Simulation Benchmark,-0.027528678741702277,-0.03985843494897869,0.0035539107756801204,0
2024-07-22,2024-07-19,M1,Heavy-Tail Marginals,-0.024268809012042595,-0.03329609375315948,0.0035539107756801204,0
2024-07-22,2024-07-19,M2,Wavelet + Within-Scale,-0.010618725578091237,-0.012605746255480643,0.0035539107756801204,0
2024-07-22,2024-07-19,M3,Full Cross-Scale Multiscale,-0.011907659272960338,-0.013991648182218847,0.0035539107756801204,0
2024-07-23,2024-07-22,M0,Historical Simulation Benchmark,-0.027528678741702277,-0.03985843494897869,-0.007023366391022101,0
2024-07-23,2024-07-22,M1,Heavy-Tail Marginals,-0.022618493139135575,-0.029686850756913536,-0.007023366391022101,0
2024-07-23,2024-07-22,M2,Wavelet + Within-Scale,-0.010946614002357698,-0.012404450146838088,-0.007023366391022101,0
2024-07-23,2024-07-22,M3,Full Cross-Scale Multiscale,-0.011213203612541292,-0.012619264998430014,-0.007023366391022101,0
2024-07-24,2024-07-23,M0,Historical Simulation Benchmark,-0.027528678741702277,-0.03985843494897869,-0.006928505445894359,0
2024-07-24,2024-07-23,M1,Heavy-Tail Marginals,-0.02157192824813205,-0.02810893033028905,-0.006928505445894359,0
2024-07-24,2024-07-23,M2,Wavelet + Within-Scale,-0.011284128641336872,-0.01258873041526811,-0.006928505445894359,0
2024-07-24,2024-07-23,M3,Full Cross-Scale Multiscale,-0.012303176554805194,-0.013953996254517778,-0.006928505445894359,0
2024-07-25,2024-07-24,M0,Historical Simulation Benchmark,-0.027528678741702277,-0.03985843494897869,-0.0008329442007010996,0
2024-07-25,2024-07-24,M1,Heavy-Tail Marginals,-0.023993837186900867,-0.03125216750773441,-0.0008329442007010996,0
2024-07-25,2024-07-24,M2,Wavelet + Within-Scale,-0.010887160609366208,-0.013021334861925749,-0.0008329442007010996,0
2024-07-25,2024-07-24,M3,Full Cross-Scale Multiscale,-0.01146182940923356,-0.01360118692683145,-0.0008329442007010996,0
2024-07-26,2024-07-25,M0,Historical Simulation Benchmark,-0.027528678741702277,-0.03985843494897869,0.00814448775687638,0
2024-07-26,2024-07-25,M1,Heavy-Tail Marginals,-0.022957672350601945,-0.02864958562103011,0.00814448775687638,0
2024-07-26,2024-07-25,M2,Wavelet + Within-Scale,-0.010373971375679851,-0.012552268623769458,0.00814448775687638,0
2024-07-26,2024-07-25,M3,Full Cross-Scale Multiscale,-0.01134022442023884,-0.013001508152486855,0.00814448775687638,0
2024-07-29,2024-07-26,M0,Historical Simulation Benchmark,-0.027528678741702277,-0.03985843494897869,-0.005502017125948281,0
2024-07-29,2024-07-26,M1,Heavy-Tail Marginals,-0.022174869134242593,-0.030195166723801726,-0.005502017125948281,0
2024-07-29,2024-07-26,M2,Wavelet + Within-Scale,-0.010426315126507761,-0.01236785369742947,-0.005502017125948281,0
2024-07-29,2024-07-26,M3,Full Cross-Scale Multiscale,-0.010938887831318526,-0.012534868644700447,-0.005502017125948281,0
2024-07-30,2024-07-29,M0,Historical Simulation Benchmark,-0.027528678741702277,-0.03985843494897869,-0.0024210709538271405,0
2024-07-30,2024-07-29,M1,Heavy-Tail Marginals,-0.021798617651155358,-0.027719817724264306,-0.0024210709538271405,0
2024-07-30,2024-07-29,M2,Wavelet + Within-Scale,-0.01212504225692144,-0.014037028577660107,-0.0024210709538271405,0
2024-07-30,2024-07-29,M3,Full Cross-Scale Multiscale,-0.013091943655200451,-0.014874299510135114,-0.0024210709538271405,0
2024-07-31,2024-07-30,M0,Historical Simulation Benchmark,-0.027528678741702277,-0.03985843494897869,0.01206198070199702,0
2024-07-31,2024-07-30,M1,Heavy-Tail Marginals,-0.023955110300000644,-0.030622882562798853,0.01206198070199702,0
2024-07-31,2024-07-30,M2,Wavelet + Within-Scale,-0.013232643396058895,-0.015239434951727974,0.01206198070199702,0
2024-07-31,2024-07-30,M3,Full Cross-Scale Multiscale,-0.012844662241628307,-0.01575325519024007,0.01206198070199702,0
2024-08-01,2024-07-31,M0,Historical Simulation Benchmark,-0.027528678741702277,-0.03985843494897869,-0.004183582194961861,0
2024-08-01,2024-07-31,M1,Heavy-Tail Marginals,-0.02321336704730116,-0.029922553546172004,-0.004183582194961861,0
2024-08-01,2024-07-31,M2,Wavelet + Within-Scale,-0.013111434347426652,-0.01537352418287188,-0.004183582194961861,0
2024-08-01,2024-07-31,M3,Full Cross-Scale Multiscale,-0.013485976101996595,-0.014968687994426872,-0.004183582194961861,0
2024-08-02,2024-08-01,M0,Historical Simulation Benchmark,-0.027528678741702277,-0.03985843494897869,-0.021260108720469583,0
2024-08-02,2024-08-01,M1,Heavy-Tail Marginals,-0.026953883723105202,-0.03244798236793249,-0.021260108720469583,0
2024-08-02,2024-08-01,M2,Wavelet + Within-Scale,-0.012124010178689954,-0.014320942901601092,-0.021260108720469583,1
2024-08-02,2024-08-01,M3,Full Cross-Scale Multiscale,-0.013221397062716378,-0.015066275771287713,-0.021260108720469583,1
2024-08-05,2024-08-02,M0,Historical Simulation Benchmark,-0.027528678741702277,-0.03985843494897869,-0.034490842043598854,1
2024-08-05,2024-08-02,M1,Heavy-Tail Marginals,-0.025281999504753093,-0.030628257310138712,-0.034490842043598854,1
2024-08-05,2024-08-02,M2,Wavelet + Within-Scale,-0.01190646725893664,-0.013451347050132751,-0.034490842043598854,1
2024-08-05,2024-08-02,M3,Full Cross-Scale Multiscale,-0.013717299052325013,-0.015148798612308386,-0.034490842043598854,1
2024-08-06,2024-08-05,M0,Historical Simulation Benchmark,-0.027528678741702277,-0.03985843494897869,0.00375472542702192,0
2024-08-06,2024-08-05,M1,Heavy-Tail Marginals,-0.024918623266478843,-0.03268410974784729,0.00375472542702192,0
2024-08-06,2024-08-05,M2,Wavelet + Within-Scale,-0.011788666490352973,-0.014737573496809531,0.00375472542702192,0
2024-08-06,2024-08-05,M3,Full Cross-Scale Multiscale,-0.013224113700062245,-0.015537192798768747,0.00375472542702192,0
2024-08-07,2024-08-06,M0,Historical Simulation Benchmark,-0.027528678741702277,-0.03985843494897869,0.00026257235822457975,0
2024-08-07,2024-08-06,M1,Heavy-Tail Marginals,-0.023810622096025646,-0.030969288109317917,0.00026257235822457975,0
2024-08-07,2024-08-06,M2,Wavelet + Within-Scale,-0.011702478041010623,-0.013287669597891733,0.00026257235822457975,0
2024-08-07,2024-08-06,M3,Full Cross-Scale Multiscale,-0.013121866987650317,-0.015611507799330954,0.00026257235822457975,0
2024-08-08,2024-08-07,M0,Historical Simulation Benchmark,-0.027528678741702277,-0.03985843494897869,0.03179178542027624,0
2024-08-08,2024-08-07,M1,Heavy-Tail Marginals,-0.025348471226074663,-0.03143537552487318,0.03179178542027624,0
2024-08-08,2024-08-07,M2,Wavelet + Within-Scale,-0.012188368234600252,-0.013318667672847468,0.03179178542027624,0
2024-08-08,2024-08-07,M3,Full Cross-Scale Multiscale,-0.014209190291750237,-0.015757695155870288,0.03179178542027624,0
2024-08-09,2024-08-08,M0,Historical Simulation Benchmark,-0.027528678741702277,-0.03985843494897869,0.0017401275191124203,0
2024-08-09,2024-08-08,M1,Heavy-Tail Marginals,-0.023948083729597926,-0.028672319500653666,0.0017401275191124203,0
2024-08-09,2024-08-08,M2,Wavelet + Within-Scale,-0.01298187193628846,-0.014586259244478015,0.0017401275191124203,0
2024-08-09,2024-08-08,M3,Full Cross-Scale Multiscale,-0.013231044244783307,-0.015494769800920436,0.0017401275191124203,0
2024-08-12,2024-08-09,M0,Historical Simulation Benchmark,-0.027528678741702277,-0.03985843494897869,0.00521305565776134,0
2024-08-12,2024-08-09,M1,Heavy-Tail Marginals,-0.025529047199796494,-0.03235499833370968,0.00521305565776134,0
2024-08-12,2024-08-09,M2,Wavelet + Within-Scale,-0.012591886748021416,-0.014646991752010471,0.00521305565776134,0
2024-08-12,2024-08-09,M3,Full Cross-Scale Multiscale,-0.0127838072893887,-0.014268015152140897,0.00521305565776134,0
2024-08-13,2024-08-12,M0,Historical Simulation Benchmark,-0.027528678741702277,-0.03985843494897869,0.005491717943669,0
2024-08-13,2024-08-12,M1,Heavy-Tail Marginals,-0.0249476369076189,-0.02991011468808355,0.005491717943669,0
2024-08-13,2024-08-12,M2,Wavelet + Within-Scale,-0.012086990063761186,-0.01360490108526834,0.005491717943669,0
2024-08-13,2024-08-12,M3,Full Cross-Scale Multiscale,-0.013217085758582747,-0.01552989092050327,0.005491717943669,0
2024-08-14,2024-08-13,M0,Historical Simulation Benchmark,-0.027528678741702277,-0.03985843494897869,-0.009739983180451781,0
2024-08-14,2024-08-13,M1,Heavy-Tail Marginals,-0.027738335845692925,-0.03119403827863045,-0.009739983180451781,0
2024-08-14,2024-08-13,M2,Wavelet + Within-Scale,-0.012299109986427768,-0.01413173259017895,-0.009739983180451781,0
2024-08-14,2024-08-13,M3,Full Cross-Scale Multiscale,-0.013322605223399417,-0.015834462210499552,-0.009739983180451781,0
2024-08-15,2024-08-14,M0,Historical Simulation Benchmark,-0.027528678741702277,-0.03985843494897869,0.0008514394398476399,0
2024-08-15,2024-08-14,M1,Heavy-Tail Marginals,-0.023960447767207807,-0.03172489249575306,0.0008514394398476399,0
2024-08-15,2024-08-14,M2,Wavelet + Within-Scale,-0.012507985667532362,-0.014570023302165332,0.0008514394398476399,0
2024-08-15,2024-08-14,M3,Full Cross-Scale Multiscale,-0.013760690823683341,-0.015709083502037913,0.0008514394398476399,0
2024-08-16,2024-08-15,M0,Historical Simulation Benchmark,-0.027528678741702277,-0.03985843494897869,0.007014030410799699,0
2024-08-16,2024-08-15,M1,Heavy-Tail Marginals,-0.027205019844118165,-0.03366179891323767,0.007014030410799699,0
2024-08-16,2024-08-15,M2,Wavelet + Within-Scale,-0.012266329143702823,-0.01337894698385134,0.007014030410799699,0
2024-08-16,2024-08-15,M3,Full Cross-Scale Multiscale,-0.013143414091261046,-0.014976273654540986,0.007014030410799699,0
2024-08-19,2024-08-16,M0,Historical Simulation Benchmark,-0.027528678741702277,-0.03985843494897869,-0.0012815992897249793,0
2024-08-19,2024-08-16,M1,Heavy-Tail Marginals,-0.022856858212769098,-0.029051642968590703,-0.0012815992897249793,0
2024-08-19,2024-08-16,M2,Wavelet + Within-Scale,-0.012735381025380276,-0.014916569478258743,-0.0012815992897249793,0
2024-08-19,2024-08-16,M3,Full Cross-Scale Multiscale,-0.013689339846812747,-0.015506286191219423,-0.0012815992897249793,0
2024-08-20,2024-08-19,M0,Historical Simulation Benchmark,-0.027528678741702277,-0.03985843494897869,-0.0018987411144258,0
2024-08-20,2024-08-19,M1,Heavy-Tail Marginals,-0.02716175172249042,-0.03522883871680542,-0.0018987411144258,0
2024-08-20,2024-08-19,M2,Wavelet + Within-Scale,-0.012506455649869049,-0.014085140360466075,-0.0018987411144258,0
2024-08-20,2024-08-19,M3,Full Cross-Scale Multiscale,-0.013876528427555308,-0.01561551325239351,-0.0018987411144258,0
2024-08-21,2024-08-20,M0,Historical Simulation Benchmark,-0.027528678741702277,-0.03985843494897869,0.00466619593560088,0
2024-08-21,2024-08-20,M1,Heavy-Tail Marginals,-0.024773924946228612,-0.03256079881527921,0.00466619593560088,0
2024-08-21,2024-08-20,M2,Wavelet + Within-Scale,-0.012499665632702219,-0.013694576518847524,0.00466619593560088,0
2024-08-21,2024-08-20,M3,Full Cross-Scale Multiscale,-0.013490289190331373,-0.01507254002791864,0.00466619593560088,0
2024-08-22,2024-08-21,M0,Historical Simulation Benchmark,-0.027528678741702277,-0.03985843494897869,-0.00483659727850236,0
2024-08-22,2024-08-21,M1,Heavy-Tail Marginals,-0.02527913686017348,-0.0324346491464184,-0.00483659727850236,0
2024-08-22,2024-08-21,M2,Wavelet + Within-Scale,-0.011548530757293713,-0.013100361819043466,-0.00483659727850236,0
2024-08-22,2024-08-21,M3,Full Cross-Scale Multiscale,-0.012729902445268748,-0.014539199110201417,-0.00483659727850236,0
2024-08-23,2024-08-22,M0,Historical Simulation Benchmark,-0.027528678741702277,-0.03985843494897869,0.02255144765469566,0
2024-08-23,2024-08-22,M1,Heavy-Tail Marginals,-0.025364445023364008,-0.0316178445799223,0.02255144765469566,0
2024-08-23,2024-08-22,M2,Wavelet + Within-Scale,-0.011960927453873628,-0.013196886982558683,0.02255144765469566,0
2024-08-23,2024-08-22,M3,Full Cross-Scale Multiscale,-0.013119972102429985,-0.014509224968051477,0.02255144765469566,0
2024-08-26,2024-08-23,M0,Historical Simulation Benchmark,-0.027528678741702277,-0.03985843494897869,0.00203675662848904,0
2024-08-26,2024-08-23,M1,Heavy-Tail Marginals,-0.023105768911028494,-0.029085553329790827,0.00203675662848904,0
2024-08-26,2024-08-23,M2,Wavelet + Within-Scale,-0.01258686822812005,-0.014066760643737339,0.00203675662848904,0
2024-08-26,2024-08-23,M3,Full Cross-Scale Multiscale,-0.012847416789518687,-0.014178481751150843,0.00203675662848904,0
2024-08-27,2024-08-26,M0,Historical Simulation Benchmark,-0.027528678741702277,-0.03985843494897869,-0.01377884889614034,0
2024-08-27,2024-08-26,M1,Heavy-Tail Marginals,-0.025429850348794008,-0.030147648267768397,-0.01377884889614034,0
2024-08-27,2024-08-26,M2,Wavelet + Within-Scale,-0.012066768896514974,-0.013740193805643074,-0.01377884889614034,1
2024-08-27,2024-08-26,M3,Full Cross-Scale Multiscale,-0.013302375224481883,-0.015429847944917743,-0.01377884889614034,1
2024-08-28,2024-08-27,M0,Historical Simulation Benchmark,-0.027528678741702277,-0.04016218362176419,-0.006943663562180221,0
2024-08-28,2024-08-27,M1,Heavy-Tail Marginals,-0.02796042040777504,-0.03629763356876684,-0.006943663562180221,0
2024-08-28,2024-08-27,M2,Wavelet + Within-Scale,-0.01804346515851749,-0.02051110598391971,-0.006943663562180221,0
2024-08-28,2024-08-27,M3,Full Cross-Scale Multiscale,-0.0189628247907703,-0.021870984542793636,-0.006943663562180221,0
2024-08-29,2024-08-28,M0,Historical Simulation Benchmark,-0.027528678741702277,-0.04016218362176419,0.005309201400957601,0
2024-08-29,2024-08-28,M1,Heavy-Tail Marginals,-0.028060724175019217,-0.03544952732216457,0.005309201400957601,0
2024-08-29,2024-08-28,M2,Wavelet + Within-Scale,-0.018241566065975236,-0.02130747826935288,0.005309201400957601,0
2024-08-29,2024-08-28,M3,Full Cross-Scale Multiscale,-0.01899146211439703,-0.02200400509707015,0.005309201400957601,0
2024-08-30,2024-08-29,M0,Historical Simulation Benchmark,-0.027528678741702277,-0.04016218362176419,-0.007569331357454282,0
2024-08-30,2024-08-29,M1,Heavy-Tail Marginals,-0.02803648110920921,-0.035434825675096496,-0.007569331357454282,0
2024-08-30,2024-08-29,M2,Wavelet + Within-Scale,-0.01816486758689477,-0.020166603455008945,-0.007569331357454282,0
2024-08-30,2024-08-29,M3,Full Cross-Scale Multiscale,-0.019324953703349416,-0.022016083116100003,-0.007569331357454282,0
2024-09-03,2024-08-30,M0,Historical Simulation Benchmark,-0.027528678741702277,-0.04016218362176419,-0.01844695931565954,0
2024-09-03,2024-08-30,M1,Heavy-Tail Marginals,-0.02855714737400402,-0.03597232559146872,-0.01844695931565954,0
2024-09-03,2024-08-30,M2,Wavelet + Within-Scale,-0.017192250503448074,-0.019674529847670742,-0.01844695931565954,1
2024-09-03,2024-08-30,M3,Full Cross-Scale Multiscale,-0.01862024407800826,-0.021297911121872785,-0.01844695931565954,0
2024-09-04,2024-09-03,M0,Historical Simulation Benchmark,-0.027528678741702277,-0.04016218362176419,-0.00145556033425828,0
2024-09-04,2024-09-03,M1,Heavy-Tail Marginals,-0.02912896747281231,-0.03739482748200661,-0.00145556033425828,0
2024-09-04,2024-09-03,M2,Wavelet + Within-Scale,-0.01686521667109628,-0.019328958041264156,-0.00145556033425828,0
2024-09-04,2024-09-03,M3,Full Cross-Scale Multiscale,-0.01777044576480092,-0.02139115096241235,-0.00145556033425828,0
2024-09-05,2024-09-04,M0,Historical Simulation Benchmark,-0.027528678741702277,-0.04016218362176419,-0.0039034810241355194,0
2024-09-05,2024-09-04,M1,Heavy-Tail Marginals,-0.02883517177369686,-0.0364668645494515,-0.0039034810241355194,0
2024-09-05,2024-09-04,M2,Wavelet + Within-Scale,-0.017077537888584803,-0.01839365094179189,-0.0039034810241355194,0
2024-09-05,2024-09-04,M3,Full Cross-Scale Multiscale,-0.01809384877736632,-0.020212115129668317,-0.0039034810241355194,0
2024-09-06,2024-09-05,M0,Historical Simulation Benchmark,-0.027528678741702277,-0.04016218362176419,-0.015397792255382941,0
2024-09-06,2024-09-05,M1,Heavy-Tail Marginals,-0.02649617043679551,-0.03554781180998855,-0.015397792255382941,0
2024-09-06,2024-09-05,M2,Wavelet + Within-Scale,-0.016837584452511115,-0.018864740557963063,-0.015397792255382941,0
2024-09-06,2024-09-05,M3,Full Cross-Scale Multiscale,-0.019792134916559557,-0.022367018368507855,-0.015397792255382941,0
2024-09-09,2024-09-06,M0,Historical Simulation Benchmark,-0.027528678741702277,-0.04016218362176419,0.015406629440658001,0
2024-09-09,2024-09-06,M1,Heavy-Tail Marginals,-0.030497994308447015,-0.037620441158638704,0.015406629440658001,0
2024-09-09,2024-09-06,M2,Wavelet + Within-Scale,-0.016746856229761412,-0.019023430380313695,0.015406629440658001,0
2024-09-09,2024-09-06,M3,Full Cross-Scale Multiscale,-0.018212191906283356,-0.020289476448370224,0.015406629440658001,0
2024-09-10,2024-09-09,M0,Historical Simulation Benchmark,-0.027528678741702277,-0.04016218362176419,-0.001989470072946859,0
2024-09-10,2024-09-09,M1,Heavy-Tail Marginals,-0.03007044779426747,-0.0359298401515942,-0.001989470072946859,0
2024-09-10,2024-09-09,M2,Wavelet + Within-Scale,-0.018457729238364123,-0.021226976492490956,-0.001989470072946859,0
2024-09-10,2024-09-09,M3,Full Cross-Scale Multiscale,-0.018095329864664972,-0.020679819923983423,-0.001989470072946859,0
2024-09-11,2024-09-10,M0,Historical Simulation Benchmark,-0.027528678741702277,-0.04016218362176419,0.00315942404301554,0
2024-09-11,2024-09-10,M1,Heavy-Tail Marginals,-0.029367216715656407,-0.036162712612092175,0.00315942404301554,0
2024-09-11,2024-09-10,M2,Wavelet + Within-Scale,-0.01795393245419571,-0.020396694991741827,0.00315942404301554,0
2024-09-11,2024-09-10,M3,Full Cross-Scale Multiscale,-0.018232340007973975,-0.02061935814456898,0.00315942404301554,0
2024-09-12,2024-09-11,M0,Historical Simulation Benchmark,-0.027528678741702277,-0.04016218362176419,0.01347654936467006,0
2024-09-12,2024-09-11,M1,Heavy-Tail Marginals,-0.02942219650071567,-0.03625364263171108,0.01347654936467006,0
2024-09-12,2024-09-11,M2,Wavelet + Within-Scale,-0.017968998130775647,-0.020672094958546317,0.01347654936467006,0
2024-09-12,2024-09-11,M3,Full Cross-Scale Multiscale,-0.01859141893879258,-0.021193644455722353,0.01347654936467006,0
2024-09-13,2024-09-12,M0,Historical Simulation Benchmark,-0.027528678741702277,-0.04016218362176419,0.01150039661493602,0
2024-09-13,2024-09-12,M1,Heavy-Tail Marginals,-0.029998278037094796,-0.03904960792322623,0.01150039661493602,0
2024-09-13,2024-09-12,M2,Wavelet + Within-Scale,-0.019269997756897066,-0.02266042449117523,0.01150039661493602,0
2024-09-13,2024-09-12,M3,Full Cross-Scale Multiscale,-0.018732800735499242,-0.022343975234736635,0.01150039661493602,0
2024-09-16,2024-09-13,M0,Historical Simulation Benchmark,-0.027528678741702277,-0.04016218362176419,-0.0042530346691786024,0
2024-09-16,2024-09-13,M1,Heavy-Tail Marginals,-0.030331696782753142,-0.0382449175693177,-0.0042530346691786024,0
2024-09-16,2024-09-13,M2,Wavelet + Within-Scale,-0.019117588947639583,-0.021907440296385132,-0.0042530346691786024,0
2024-09-16,2024-09-13,M3,Full Cross-Scale Multiscale,-0.019438324845876293,-0.021812429669743817,-0.0042530346691786024,0
2024-09-17,2024-09-16,M0,Historical Simulation Benchmark,-0.027528678741702277,-0.04016218362176419,0.008108716809504,0
2024-09-17,2024-09-16,M1,Heavy-Tail Marginals,-0.03249600918046436,-0.03995581561470747,0.008108716809504,0
2024-09-17,2024-09-16,M2,Wavelet + Within-Scale,-0.018544177074640032,-0.021504723558425955,0.008108716809504,0
2024-09-17,2024-09-16,M3,Full Cross-Scale Multiscale,-0.020207481677096968,-0.02287318048052679,0.008108716809504,0
2024-09-18,2024-09-17,M0,Historical Simulation Benchmark,-0.027528678741702277,-0.04016218362176419,-0.0015921852463644005,0
2024-09-18,2024-09-17,M1,Heavy-Tail Marginals,-0.029156913116441516,-0.03809208690441741,-0.0015921852463644005,0
2024-09-18,2024-09-17,M2,Wavelet + Within-Scale,-0.017848798240343546,-0.020666018611115316,-0.0015921852463644005,0
2024-09-18,2024-09-17,M3,Full Cross-Scale Multiscale,-0.018769895388618927,-0.021402673763223256,-0.0015921852463644005,0
2024-09-19,2024-09-18,M0,Historical Simulation Benchmark,-0.027528678741702277,-0.04016218362176419,0.01627996192245058,0
2024-09-19,2024-09-18,M1,Heavy-Tail Marginals,-0.03199416227162513,-0.040000933613567144,0.01627996192245058,0
2024-09-19,2024-09-18,M2,Wavelet + Within-Scale,-0.017832003054162663,-0.02032541229929787,0.01627996192245058,0
2024-09-19,2024-09-18,M3,Full Cross-Scale Multiscale,-0.018931805598228036,-0.021317192707907554,0.01627996192245058,0
2024-09-20,2024-09-19,M0,Historical Simulation Benchmark,-0.027528678741702277,-0.04016218362176419,0.003386751888214401,0
2024-09-20,2024-09-19,M1,Heavy-Tail Marginals,-0.030459528436667903,-0.03887797418288858,0.003386751888214401,0
2024-09-20,2024-09-19,M2,Wavelet + Within-Scale,-0.017947740426759694,-0.020556139742337158,0.003386751888214401,0
2024-09-20,2024-09-19,M3,Full Cross-Scale Multiscale,-0.01969001944549897,-0.021788118659161422,0.003386751888214401,0
2024-09-23,2024-09-20,M0,Historical Simulation Benchmark,-0.027528678741702277,-0.04016218362176419,-0.0006486888494189,0
2024-09-23,2024-09-20,M1,Heavy-Tail Marginals,-0.026672669101871264,-0.0351260369998079,-0.0006486888494189,0
2024-09-23,2024-09-20,M2,Wavelet + Within-Scale,-0.017963598618140304,-0.01956497979864713,-0.0006486888494189,0
2024-09-23,2024-09-20,M3,Full Cross-Scale Multiscale,-0.018793096516323556,-0.02111961585321178,-0.0006486888494189,0
2024-09-24,2024-09-23,M0,Historical Simulation Benchmark,-0.027528678741702277,-0.04016218362176419,0.009474678080887842,0
2024-09-24,2024-09-23,M1,Heavy-Tail Marginals,-0.029961480035180604,-0.03913526726966471,0.009474678080887842,0
2024-09-24,2024-09-23,M2,Wavelet + Within-Scale,-0.016795233401058766,-0.018348095849504423,0.009474678080887842,0
2024-09-24,2024-09-23,M3,Full Cross-Scale Multiscale,-0.017905921354246717,-0.020104293181667305,0.009474678080887842,0
2024-09-25,2024-09-24,M0,Historical Simulation Benchmark,-0.027528678741702277,-0.04016218362176419,-0.01017067633419906,0
2024-09-25,2024-09-24,M1,Heavy-Tail Marginals,-0.02685113108797863,-0.03300303047032959,-0.01017067633419906,0
2024-09-25,2024-09-24,M2,Wavelet + Within-Scale,-0.0171845191587903,-0.01959731252752657,-0.01017067633419906,0
2024-09-25,2024-09-24,M3,Full Cross-Scale Multiscale,-0.018881903730704273,-0.02209538007533393,-0.01017067633419906,0
2024-09-26,2024-09-25,M0,Historical Simulation Benchmark,-0.027528678741702277,-0.04016218362176419,0.0009829130987094809,0
2024-09-26,2024-09-25,M1,Heavy-Tail Marginals,-0.027559979417249015,-0.03570594646171571,0.0009829130987094809,0
2024-09-26,2024-09-25,M2,Wavelet + Within-Scale,-0.01712806493748004,-0.02010738688646859,0.0009829130987094809,0
2024-09-26,2024-09-25,M3,Full Cross-Scale Multiscale,-0.01801525002889061,-0.021433666423687606,0.0009829130987094809,0
2024-09-27,2024-09-26,M0,Historical Simulation Benchmark,-0.027528678741702277,-0.04016218362176419,0.00439116408371496,0
2024-09-27,2024-09-26,M1,Heavy-Tail Marginals,-0.023929545932297454,-0.03179109830491399,0.00439116408371496,0
2024-09-27,2024-09-26,M2,Wavelet + Within-Scale,-0.011637825783684342,-0.01382986225619739,0.00439116408371496,0
2024-09-27,2024-09-26,M3,Full Cross-Scale Multiscale,-0.01203263673028223,-0.013783520216818432,0.00439116408371496,0
2024-09-30,2024-09-27,M0,Historical Simulation Benchmark,-0.027528678741702277,-0.04016218362176419,-0.009980017599227741,0
2024-09-30,2024-09-27,M1,Heavy-Tail Marginals,-0.024307610843063283,-0.030592952629908365,-0.009980017599227741,0
2024-09-30,2024-09-27,M2,Wavelet + Within-Scale,-0.01167439542780001,-0.013078896627007489,-0.009980017599227741,0
2024-09-30,2024-09-27,M3,Full Cross-Scale Multiscale,-0.011651883164236628,-0.012809953508051985,-0.009980017599227741,0
2024-10-01,2024-09-30,M0,Historical Simulation Benchmark,-0.027528678741702277,-0.04016218362176419,-0.0008484253567612194,0
2024-10-01,2024-09-30,M1,Heavy-Tail Marginals,-0.024203811721856802,-0.02881962667386556,-0.0008484253567612194,0
2024-10-01,2024-09-30,M2,Wavelet + Within-Scale,-0.010739200298191436,-0.012122352037784887,-0.0008484253567612194,0
2024-10-01,2024-09-30,M3,Full Cross-Scale Multiscale,-0.012175393274664435,-0.013660703506383357,-0.0008484253567612194,0
2024-10-02,2024-10-01,M0,Historical Simulation Benchmark,-0.027528678741702277,-0.04016218362176419,0.0006762580028580401,0
2024-10-02,2024-10-01,M1,Heavy-Tail Marginals,-0.024735785993197444,-0.030628778301018088,0.0006762580028580401,0
2024-10-02,2024-10-01,M2,Wavelet + Within-Scale,-0.011484483519417554,-0.013269445319752854,0.0006762580028580401,0
2024-10-02,2024-10-01,M3,Full Cross-Scale Multiscale,-0.011561726815339434,-0.014131048910729232,0.0006762580028580401,0
2024-10-03,2024-10-02,M0,Historical Simulation Benchmark,-0.027528678741702277,-0.04016218362176419,0.006890455113488401,0
2024-10-03,2024-10-02,M1,Heavy-Tail Marginals,-0.0238107975664905,-0.03164255659980154,0.006890455113488401,0
2024-10-03,2024-10-02,M2,Wavelet + Within-Scale,-0.01176797352923636,-0.013662376023593293,0.006890455113488401,0
2024-10-03,2024-10-02,M3,Full Cross-Scale Multiscale,-0.01138581136215536,-0.012966213090815021,0.006890455113488401,0
2024-10-04,2024-10-03,M0,Historical Simulation Benchmark,-0.027528678741702277,-0.04016218362176419,0.005361019744013739,0
2024-10-04,2024-10-03,M1,Heavy-Tail Marginals,-0.02447688980075507,-0.030957272797868345,0.005361019744013739,0
2024-10-04,2024-10-03,M2,Wavelet + Within-Scale,-0.011355695721668089,-0.01281058394146246,0.005361019744013739,0
2024-10-04,2024-10-03,M3,Full Cross-Scale Multiscale,-0.012868981521756575,-0.014538851048056462,0.005361019744013739,0
2024-10-07,2024-10-04,M0,Historical Simulation Benchmark,-0.027528678741702277,-0.04016218362176419,0.004652165799255921,0
2024-10-07,2024-10-04,M1,Heavy-Tail Marginals,-0.023103007043561434,-0.030746014765655593,0.004652165799255921,0
2024-10-07,2024-10-04,M2,Wavelet + Within-Scale,-0.011778432218670575,-0.01291973146760827,0.004652165799255921,0
2024-10-07,2024-10-04,M3,Full Cross-Scale Multiscale,-0.011758156445873255,-0.01274045835855433,0.004652165799255921,0
2024-10-08,2024-10-07,M0,Historical Simulation Benchmark,-0.027528678741702277,-0.04016218362176419,-0.00856953722827464,0
2024-10-08,2024-10-07,M1,Heavy-Tail Marginals,-0.0235765164230526,-0.03030163314703922,-0.00856953722827464,0
2024-10-08,2024-10-07,M2,Wavelet + Within-Scale,-0.011424458178329933,-0.013140774197059798,-0.00856953722827464,0
2024-10-08,2024-10-07,M3,Full Cross-Scale Multiscale,-0.012060397233945126,-0.014126295756067681,-0.00856953722827464,0
2024-10-09,2024-10-08,M0,Historical Simulation Benchmark,-0.027528678741702277,-0.04016218362176419,-0.00694387518601092,0
2024-10-09,2024-10-08,M1,Heavy-Tail Marginals,-0.023641785664544383,-0.03192837621636337,-0.00694387518601092,0
2024-10-09,2024-10-08,M2,Wavelet + Within-Scale,-0.012200156506322979,-0.01441554358308913,-0.00694387518601092,0
2024-10-09,2024-10-08,M3,Full Cross-Scale Multiscale,-0.012393205819560884,-0.015069137014162317,-0.00694387518601092,0
2024-10-10,2024-10-09,M0,Historical Simulation Benchmark,-0.027528678741702277,-0.04016218362176419,0.00666189728945626,0
2024-10-10,2024-10-09,M1,Heavy-Tail Marginals,-0.02712347422681433,-0.03518509752282198,0.00666189728945626,0
2024-10-10,2024-10-09,M2,Wavelet + Within-Scale,-0.011032510571490475,-0.012320133595712057,0.00666189728945626,0
2024-10-10,2024-10-09,M3,Full Cross-Scale Multiscale,-0.012098439157770867,-0.01376138846469697,0.00666189728945626,0
2024-10-11,2024-10-10,M0,Historical Simulation Benchmark,-0.027528678741702277,-0.04016218362176419,0.0097818678155017,0
2024-10-11,2024-10-10,M1,Heavy-Tail Marginals,-0.023570475820407426,-0.028383733401956927,0.0097818678155017,0
2024-10-11,2024-10-10,M2,Wavelet + Within-Scale,-0.01148420029104075,-0.013006708148527151,0.0097818678155017,0
2024-10-11,2024-10-10,M3,Full Cross-Scale Multiscale,-0.01197321101870098,-0.014017446758816415,0.0097818678155017,0
2024-10-14,2024-10-11,M0,Historical Simulation Benchmark,-0.027528678741702277,-0.04016218362176419,0.00809363312795754,0
2024-10-14,2024-10-11,M1,Heavy-Tail Marginals,-0.024083295870504028,-0.03394374678383193,0.00809363312795754,0
2024-10-14,2024-10-11,M2,Wavelet + Within-Scale,-0.011379102634070059,-0.012700760818381321,0.00809363312795754,0
2024-10-14,2024-10-11,M3,Full Cross-Scale Multiscale,-0.01204585830962503,-0.014159124915244414,0.00809363312795754,0
2024-10-15,2024-10-14,M0,Historical Simulation Benchmark,-0.027528678741702277,-0.04016218362176419,-0.0053846279279182,0
2024-10-15,2024-10-14,M1,Heavy-Tail Marginals,-0.025063864656139755,-0.03088485870813748,-0.0053846279279182,0
2024-10-15,2024-10-14,M2,Wavelet + Within-Scale,-0.011735657620554984,-0.013093860686303407,-0.0053846279279182,0
2024-10-15,2024-10-14,M3,Full Cross-Scale Multiscale,-0.012149461504474766,-0.01473124445607075,-0.0053846279279182,0
2024-10-16,2024-10-15,M0,Historical Simulation Benchmark,-0.027528678741702277,-0.04016218362176419,0.00288297641668496,0
2024-10-16,2024-10-15,M1,Heavy-Tail Marginals,-0.025381631682459063,-0.029791627559936862,0.00288297641668496,0
2024-10-16,2024-10-15,M2,Wavelet + Within-Scale,-0.011162305501981343,-0.013087935255590993,0.00288297641668496,0
2024-10-16,2024-10-15,M3,Full Cross-Scale Multiscale,-0.012435466978345541,-0.014384581134357416,0.00288297641668496,0
2024-10-17,2024-10-16,M0,Historical Simulation Benchmark,-0.027528678741702277,-0.04016218362176419,0.00014652998179501503,0
2024-10-17,2024-10-16,M1,Heavy-Tail Marginals,-0.023183788869812542,-0.029064414788759825,0.00014652998179501503,0
2024-10-17,2024-10-16,M2,Wavelet + Within-Scale,-0.012163714005741478,-0.013565278090210006,0.00014652998179501503,0
2024-10-17,2024-10-16,M3,Full Cross-Scale Multiscale,-0.013162956711545182,-0.015376171203861273,0.00014652998179501503,0
2024-10-18,2024-10-17,M0,Historical Simulation Benchmark,-0.027528678741702277,-0.04016218362176419,0.0026661715794394,0
2024-10-18,2024-10-17,M1,Heavy-Tail Marginals,-0.027398474648465072,-0.03324895051863528,0.0026661715794394,0
2024-10-18,2024-10-17,M2,Wavelet + Within-Scale,-0.011370468522338471,-0.013594572451029269,0.0026661715794394,0
2024-10-18,2024-10-17,M3,Full Cross-Scale Multiscale,-0.01173350963515446,-0.014520586434826083,0.0026661715794394,0
2024-10-21,2024-10-18,M0,Historical Simulation Benchmark,-0.027528678741702277,-0.04016218362176419,-0.00256249479204506,0
2024-10-21,2024-10-18,M1,Heavy-Tail Marginals,-0.026123515863869694,-0.034369199026372,-0.00256249479204506,0
2024-10-21,2024-10-18,M2,Wavelet + Within-Scale,-0.011530287747822702,-0.013331382966627375,-0.00256249479204506,0
2024-10-21,2024-10-18,M3,Full Cross-Scale Multiscale,-0.012648997252997111,-0.014584085774857133,-0.00256249479204506,0
2024-10-22,2024-10-21,M0,Historical Simulation Benchmark,-0.027528678741702277,-0.04016218362176419,0.006536242382854807,0
2024-10-22,2024-10-21,M1,Heavy-Tail Marginals,-0.0259231696078294,-0.03439698559342462,0.006536242382854807,0
2024-10-22,2024-10-21,M2,Wavelet + Within-Scale,-0.011951756352395154,-0.013894091408436482,0.006536242382854807,0
2024-10-22,2024-10-21,M3,Full Cross-Scale Multiscale,-0.012129618889587157,-0.013634618378411303,0.006536242382854807,0
2024-10-23,2024-10-22,M0,Historical Simulation Benchmark,-0.027528678741702277,-0.04016218362176419,-0.008667770302594701,0
2024-10-23,2024-10-22,M1,Heavy-Tail Marginals,-0.022829488602225854,-0.02768549343336376,-0.008667770302594701,0
2024-10-23,2024-10-22,M2,Wavelet + Within-Scale,-0.012027771691489456,-0.013670667324123498,-0.008667770302594701,0
2024-10-23,2024-10-22,M3,Full Cross-Scale Multiscale,-0.011961153590514466,-0.014464243034459331,-0.008667770302594701,0
2024-10-24,2024-10-23,M0,Historical Simulation Benchmark,-0.027528678741702277,-0.04016218362176419,0.00620838768260776,0
2024-10-24,2024-10-23,M1,Heavy-Tail Marginals,-0.023432240552857673,-0.030714720680513945,0.00620838768260776,0
2024-10-24,2024-10-23,M2,Wavelet + Within-Scale,-0.012054470708163977,-0.013815832822169222,0.00620838768260776,0
2024-10-24,2024-10-23,M3,Full Cross-Scale Multiscale,-0.01309983298469371,-0.014813225025599322,0.00620838768260776,0
2024-10-25,2024-10-24,M0,Historical Simulation Benchmark,-0.027528678741702277,-0.04016218362176419,-0.0014291637295735394,0
2024-10-25,2024-10-24,M1,Heavy-Tail Marginals,-0.026278256406125522,-0.033159959186376785,-0.0014291637295735394,0
2024-10-25,2024-10-24,M2,Wavelet + Within-Scale,-0.011692804033007152,-0.013249386217381231,-0.0014291637295735394,0
2024-10-25,2024-10-24,M3,Full Cross-Scale Multiscale,-0.012347063506369924,-0.01403592634581719,-0.0014291637295735394,0
2024-10-28,2024-10-25,M0,Historical Simulation Benchmark,-0.027528678741702277,-0.04016218362176419,-0.0007818114014146241,0
2024-10-28,2024-10-25,M1,Heavy-Tail Marginals,-0.020847064522102103,-0.02656639221439789,-0.0007818114014146241,0
2024-10-28,2024-10-25,M2,Wavelet + Within-Scale,-0.010525508131779389,-0.012003540218029756,-0.0007818114014146241,0
2024-10-28,2024-10-25,M3,Full Cross-Scale Multiscale,-0.010108342046838132,-0.011910105711200512,-0.0007818114014146241,0
2024-10-29,2024-10-28,M0,Historical Simulation Benchmark,-0.027528678741702277,-0.04016218362176419,0.00826581239125888,0
2024-10-29,2024-10-28,M1,Heavy-Tail Marginals,-0.020756515925225608,-0.028530047043426744,0.00826581239125888,0
2024-10-29,2024-10-28,M2,Wavelet + Within-Scale,-0.010344944140685253,-0.011690119695295185,0.00826581239125888,0
2024-10-29,2024-10-28,M3,Full Cross-Scale Multiscale,-0.010813634098441433,-0.012705166169840063,0.00826581239125888,0
2024-10-30,2024-10-29,M0,Historical Simulation Benchmark,-0.027528678741702277,-0.04016218362176419,0.00396811842121876,0
2024-10-30,2024-10-29,M1,Heavy-Tail Marginals,-0.021980353900899634,-0.02777016055316537,0.00396811842121876,0
2024-10-30,2024-10-29,M2,Wavelet + Within-Scale,-0.009803803485071998,-0.01128579924544837,0.00396811842121876,0
2024-10-30,2024-10-29,M3,Full Cross-Scale Multiscale,-0.01162651269532449,-0.013285402515493547,0.00396811842121876,0
2024-10-31,2024-10-30,M0,Historical Simulation Benchmark,-0.027528678741702277,-0.04016218362176419,-0.00838645077022012,0
2024-10-31,2024-10-30,M1,Heavy-Tail Marginals,-0.021711738207709278,-0.027599571167795572,-0.00838645077022012,0
2024-10-31,2024-10-30,M2,Wavelet + Within-Scale,-0.010519531225612638,-0.012043856412560238,-0.00838645077022012,0
2024-10-31,2024-10-30,M3,Full Cross-Scale Multiscale,-0.011174918811933419,-0.013085012255872738,-0.00838645077022012,0
2024-11-01,2024-10-31,M0,Historical Simulation Benchmark,-0.027528678741702277,-0.04016218362176419,-0.00618790512100446,0
2024-11-01,2024-10-31,M1,Heavy-Tail Marginals,-0.021249856423052122,-0.02769964776720394,-0.00618790512100446,0
2024-11-01,2024-10-31,M2,Wavelet + Within-Scale,-0.010085891175514868,-0.012823745391507619,-0.00618790512100446,0
2024-11-01,2024-10-31,M3,Full Cross-Scale Multiscale,-0.011416331283828272,-0.012757877239989071,-0.00618790512100446,0
2024-11-04,2024-11-01,M0,Historical Simulation Benchmark,-0.027528678741702277,-0.04016218362176419,0.00225645945781748,0
2024-11-04,2024-11-01,M1,Heavy-Tail Marginals,-0.023610902313854615,-0.02965317167424551,0.00225645945781748,0
2024-11-04,2024-11-01,M2,Wavelet + Within-Scale,-0.009563662442363988,-0.010635338803669774,0.00225645945781748,0
2024-11-04,2024-11-01,M3,Full Cross-Scale Multiscale,-0.010243129899699352,-0.011797317978374524,0.00225645945781748,0
2024-11-05,2024-11-04,M0,Historical Simulation Benchmark,-0.027528678741702277,-0.04016218362176419,0.008655863724942921,0
2024-11-05,2024-11-04,M1,Heavy-Tail Marginals,-0.020369814539371343,-0.02531743237348206,0.008655863724942921,0
2024-11-05,2024-11-04,M2,Wavelet + Within-Scale,-0.010222200272668243,-0.01156893590090152,0.008655863724942921,0
2024-11-05,2024-11-04,M3,Full Cross-Scale Multiscale,-0.010483920247269584,-0.011742927542778763,0.008655863724942921,0
2024-11-06,2024-11-05,M0,Historical Simulation Benchmark,-0.027528678741702277,-0.04016218362176419,0.01349565508275716,0
2024-11-06,2024-11-05,M1,Heavy-Tail Marginals,-0.02107389367547679,-0.025735022301207982,0.01349565508275716,0
2024-11-06,2024-11-05,M2,Wavelet + Within-Scale,-0.009865068338220696,-0.011293621432414603,0.01349565508275716,0
2024-11-06,2024-11-05,M3,Full Cross-Scale Multiscale,-0.011255158510079475,-0.012580955086835302,0.01349565508275716,0
2024-11-07,2024-11-06,M0,Historical Simulation Benchmark,-0.027528678741702277,-0.04016218362176419,0.0073556134763271604,0
2024-11-07,2024-11-06,M1,Heavy-Tail Marginals,-0.021658306267452025,-0.026787307886835553,0.0073556134763271604,0
2024-11-07,2024-11-06,M2,Wavelet + Within-Scale,-0.009413487116428327,-0.011024171954026702,0.0073556134763271604,0
2024-11-07,2024-11-06,M3,Full Cross-Scale Multiscale,-0.011232768982257064,-0.012824092311248198,0.0073556134763271604,0
2024-11-08,2024-11-07,M0,Historical Simulation Benchmark,-0.027528678741702277,-0.04016218362176419,-0.0025292356899937396,0
2024-11-08,2024-11-07,M1,Heavy-Tail Marginals,-0.021398765063512133,-0.026160282690193316,-0.0025292356899937396,0
2024-11-08,2024-11-07,M2,Wavelet + Within-Scale,-0.009970703881940471,-0.011379642335404071,-0.0025292356899937396,0
2024-11-08,2024-11-07,M3,Full Cross-Scale Multiscale,-0.011662755904849883,-0.013063363061838371,-0.0025292356899937396,0
2024-11-11,2024-11-08,M0,Historical Simulation Benchmark,-0.027528678741702277,-0.04016218362176419,0.0182849459302639,0
2024-11-11,2024-11-08,M1,Heavy-Tail Marginals,-0.02156452623447073,-0.02776439945061852,0.0182849459302639,0
2024-11-11,2024-11-08,M2,Wavelet + Within-Scale,-0.010526159212931126,-0.011792357047905776,0.0182849459302639,0
2024-11-11,2024-11-08,M3,Full Cross-Scale Multiscale,-0.012581652986813546,-0.01494748240779814,0.0182849459302639,0
2024-11-12,2024-11-11,M0,Historical Simulation Benchmark,-0.027528678741702277,-0.04016218362176419,-0.006010602938263261,0
2024-11-12,2024-11-11,M1,Heavy-Tail Marginals,-0.024417160243762098,-0.031721400846523355,-0.006010602938263261,0
2024-11-12,2024-11-11,M2,Wavelet + Within-Scale,-0.010045410703927659,-0.011610227454956424,-0.006010602938263261,0
2024-11-12,2024-11-11,M3,Full Cross-Scale Multiscale,-0.010912633133899001,-0.01225544495413752,-0.006010602938263261,0
2024-11-13,2024-11-12,M0,Historical Simulation Benchmark,-0.027528678741702277,-0.04016218362176419,0.0039441937490194805,0
2024-11-13,2024-11-12,M1,Heavy-Tail Marginals,-0.022060098115492647,-0.02864642084139874,0.0039441937490194805,0
2024-11-13,2024-11-12,M2,Wavelet + Within-Scale,-0.01064480719387251,-0.013086457728056635,0.0039441937490194805,0
2024-11-13,2024-11-12,M3,Full Cross-Scale Multiscale,-0.011632301170619799,-0.013567228355373957,0.0039441937490194805,0
2024-11-14,2024-11-13,M0,Historical Simulation Benchmark,-0.027528678741702277,-0.04016218362176419,-0.00775629508826738,0
2024-11-14,2024-11-13,M1,Heavy-Tail Marginals,-0.022277751689867425,-0.030092049215409006,-0.00775629508826738,0
2024-11-14,2024-11-13,M2,Wavelet + Within-Scale,-0.010628851386036775,-0.012198754111619406,-0.00775629508826738,0
2024-11-14,2024-11-13,M3,Full Cross-Scale Multiscale,-0.010816434383400644,-0.013017087386405923,-0.00775629508826738,0
2024-11-15,2024-11-14,M0,Historical Simulation Benchmark,-0.027528678741702277,-0.04016218362176419,0.0013455025717219815,0
2024-11-15,2024-11-14,M1,Heavy-Tail Marginals,-0.02212469862989245,-0.028056656297734756,0.0013455025717219815,0
2024-11-15,2024-11-14,M2,Wavelet + Within-Scale,-0.010395700865274578,-0.01194203394431205,0.0013455025717219815,0
2024-11-15,2024-11-14,M3,Full Cross-Scale Multiscale,-0.010513008503589164,-0.012820616490923434,0.0013455025717219815,0
2024-11-18,2024-11-15,M0,Historical Simulation Benchmark,-0.027528678741702277,-0.04016218362176419,0.010426971577247502,0
2024-11-18,2024-11-15,M1,Heavy-Tail Marginals,-0.022200464006419528,-0.025702259279422636,0.010426971577247502,0
2024-11-18,2024-11-15,M2,Wavelet + Within-Scale,-0.010923849212243153,-0.01282243595050365,0.010426971577247502,0
2024-11-18,2024-11-15,M3,Full Cross-Scale Multiscale,-0.01158023895750567,-0.014295126129140318,0.010426971577247502,0
2024-11-19,2024-11-18,M0,Historical Simulation Benchmark,-0.027528678741702277,-0.04016218362176419,0.00754535787165962,0
2024-11-19,2024-11-18,M1,Heavy-Tail Marginals,-0.0227281916471196,-0.03336890862428034,0.00754535787165962,0
2024-11-19,2024-11-18,M2,Wavelet + Within-Scale,-0.011085420147174698,-0.012188565512905708,0.00754535787165962,0
2024-11-19,2024-11-18,M3,Full Cross-Scale Multiscale,-0.011151321494599754,-0.012692811546278878,0.00754535787165962,0
2024-11-20,2024-11-19,M0,Historical Simulation Benchmark,-0.027528678741702277,-0.04016218362176419,0.00436450552494438,0
2024-11-20,2024-11-19,M1,Heavy-Tail Marginals,-0.02201330278995842,-0.026437639701603132,0.00436450552494438,0
2024-11-20,2024-11-19,M2,Wavelet + Within-Scale,-0.01076070794773821,-0.012191712309744477,0.00436450552494438,0
2024-11-20,2024-11-19,M3,Full Cross-Scale Multiscale,-0.011470662848119909,-0.013150594406729948,0.00436450552494438,0
2024-11-21,2024-11-20,M0,Historical Simulation Benchmark,-0.027528678741702277,-0.04016218362176419,0.0145161692891318,0
2024-11-21,2024-11-20,M1,Heavy-Tail Marginals,-0.02253476871651956,-0.02837080450234101,0.0145161692891318,0
2024-11-21,2024-11-20,M2,Wavelet + Within-Scale,-0.010145476517762937,-0.01257088380749954,0.0145161692891318,0
2024-11-21,2024-11-20,M3,Full Cross-Scale Multiscale,-0.011471876155762846,-0.013034363565131823,0.0145161692891318,0
2024-11-22,2024-11-21,M0,Historical Simulation Benchmark,-0.027528678741702277,-0.04016218362176419,0.007156004395015621,0
2024-11-22,2024-11-21,M1,Heavy-Tail Marginals,-0.023506336365478504,-0.03193815611665188,0.007156004395015621,0
2024-11-22,2024-11-21,M2,Wavelet + Within-Scale,-0.010811876647977985,-0.01274561332567579,0.007156004395015621,0
2024-11-22,2024-11-21,M3,Full Cross-Scale Multiscale,-0.011469634443985528,-0.012896686507999956,0.007156004395015621,0
2024-11-25,2024-11-22,M0,Historical Simulation Benchmark,-0.027528678741702277,-0.04016218362176419,-0.02131272185290968,0
2024-11-25,2024-11-22,M1,Heavy-Tail Marginals,-0.026230543381915144,-0.031339126499439277,-0.02131272185290968,0
2024-11-25,2024-11-22,M2,Wavelet + Within-Scale,-0.010362283144855213,-0.011906420835787914,-0.02131272185290968,1
2024-11-25,2024-11-22,M3,Full Cross-Scale Multiscale,-0.011464533051954905,-0.012972726030213013,-0.02131272185290968,1
2024-11-26,2024-11-25,M0,Historical Simulation Benchmark,-0.027528678741702277,-0.04016218362176419,-0.0027722165305396206,0
2024-11-26,2024-11-25,M1,Heavy-Tail Marginals,-0.02845566872479449,-0.03672075409824106,-0.0027722165305396206,0
2024-11-26,2024-11-25,M2,Wavelet + Within-Scale,-0.018428713881218226,-0.02126700823281156,-0.0027722165305396206,0
2024-11-26,2024-11-25,M3,Full Cross-Scale Multiscale,-0.019320748714177164,-0.022136265708530698,-0.0027722165305396206,0
2024-11-27,2024-11-26,M0,Historical Simulation Benchmark,-0.027528678741702277,-0.04016218362176419,0.00941325619807804,0
2024-11-27,2024-11-26,M1,Heavy-Tail Marginals,-0.02797164354633363,-0.03673344871824481,0.00941325619807804,0
2024-11-27,2024-11-26,M2,Wavelet + Within-Scale,-0.01807698716702016,-0.020298427160471172,0.00941325619807804,0
2024-11-27,2024-11-26,M3,Full Cross-Scale Multiscale,-0.01984937706246917,-0.022345844013318145,0.00941325619807804,0
2024-11-29,2024-11-27,M0,Historical Simulation Benchmark,-0.027528678741702277,-0.04016218362176419,0.006591360353396939,0
2024-11-29,2024-11-27,M1,Heavy-Tail Marginals,-0.028546740153433312,-0.03679315884381358,0.006591360353396939,0
2024-11-29,2024-11-27,M2,Wavelet + Within-Scale,-0.018605835777232793,-0.020953986594472195,0.006591360353396939,0
2024-11-29,2024-11-27,M3,Full Cross-Scale Multiscale,-0.019616097803908775,-0.02162771030771235,0.006591360353396939,0
2024-12-02,2024-11-29,M0,Historical Simulation Benchmark,-0.027528678741702277,-0.04016218362176419,-0.006318422292322216,0
2024-12-02,2024-11-29,M1,Heavy-Tail Marginals,-0.029115801150526536,-0.037533029920708644,-0.006318422292322216,0
2024-12-02,2024-11-29,M2,Wavelet + Within-Scale,-0.019257511617916737,-0.020915182381676584,-0.006318422292322216,0
2024-12-02,2024-11-29,M3,Full Cross-Scale Multiscale,-0.019809216891754213,-0.022866701860169668,-0.006318422292322216,0
2024-12-03,2024-12-02,M0,Historical Simulation Benchmark,-0.027528678741702277,-0.04016218362176419,0.005763164631571881,0
2024-12-03,2024-12-02,M1,Heavy-Tail Marginals,-0.029234751340382406,-0.0366930238085218,0.005763164631571881,0
2024-12-03,2024-12-02,M2,Wavelet + Within-Scale,-0.018430587631686736,-0.020897862834536395,0.005763164631571881,0
2024-12-03,2024-12-02,M3,Full Cross-Scale Multiscale,-0.019024417724405385,-0.022436953175181688,0.005763164631571881,0
2024-12-04,2024-12-03,M0,Historical Simulation Benchmark,-0.027528678741702277,-0.04016218362176419,0.005083215439332699,0
2024-12-04,2024-12-03,M1,Heavy-Tail Marginals,-0.02837781020531856,-0.037885739540720456,0.005083215439332699,0
2024-12-04,2024-12-03,M2,Wavelet + Within-Scale,-0.01847511776673868,-0.021390559936858698,0.005083215439332699,0
2024-12-04,2024-12-03,M3,Full Cross-Scale Multiscale,-0.01968151432467277,-0.022293966969852176,0.005083215439332699,0
2024-12-05,2024-12-04,M0,Historical Simulation Benchmark,-0.027528678741702277,-0.04016218362176419,-0.0074329119186517,0
2024-12-05,2024-12-04,M1,Heavy-Tail Marginals,-0.02849783034239327,-0.03662355088270889,-0.0074329119186517,0
2024-12-05,2024-12-04,M2,Wavelet + Within-Scale,-0.017748776383160088,-0.02126912488756171,-0.0074329119186517,0
2024-12-05,2024-12-04,M3,Full Cross-Scale Multiscale,-0.019157274126938684,-0.0224195284835207,-0.0074329119186517,0
2024-12-06,2024-12-05,M0,Historical Simulation Benchmark,-0.027528678741702277,-0.04016218362176419,0.00438461064605842,0
2024-12-06,2024-12-05,M1,Heavy-Tail Marginals,-0.027184202261458484,-0.03496504693884721,0.00438461064605842,0
2024-12-06,2024-12-05,M2,Wavelet + Within-Scale,-0.019086027913524338,-0.02212754728901368,0.00438461064605842,0
2024-12-06,2024-12-05,M3,Full Cross-Scale Multiscale,-0.019682471344504654,-0.022448639995815572,0.00438461064605842,0
2024-12-09,2024-12-06,M0,Historical Simulation Benchmark,-0.027528678741702277,-0.04016218362176419,-0.0021646330775892003,0
2024-12-09,2024-12-06,M1,Heavy-Tail Marginals,-0.02924042640465763,-0.03486294720769991,-0.0021646330775892003,0
2024-12-09,2024-12-06,M2,Wavelet + Within-Scale,-0.018351419321999834,-0.021112920224940573,-0.0021646330775892003,0
2024-12-09,2024-12-06,M3,Full Cross-Scale Multiscale,-0.019501715723986207,-0.022196743282964247,-0.0021646330775892003,0
2024-12-10,2024-12-09,M0,Historical Simulation Benchmark,-0.027528678741702277,-0.04016218362176419,0.0007191396301432598,0
2024-12-10,2024-12-09,M1,Heavy-Tail Marginals,-0.035064764653849556,-0.04615501299349523,0.0007191396301432598,0
2024-12-10,2024-12-09,M2,Wavelet + Within-Scale,-0.018076988493322618,-0.02088109037521264,0.0007191396301432598,0
2024-12-10,2024-12-09,M3,Full Cross-Scale Multiscale,-0.019878030052187315,-0.022641392842324016,0.0007191396301432598,0
2024-12-11,2024-12-10,M0,Historical Simulation Benchmark,-0.027528678741702277,-0.04016218362176419,0.01727513788155556,0
2024-12-11,2024-12-10,M1,Heavy-Tail Marginals,-0.027210990517106626,-0.03494258668671109,0.01727513788155556,0
2024-12-11,2024-12-10,M2,Wavelet + Within-Scale,-0.018359865679256435,-0.021890201304524393,0.01727513788155556,0
2024-12-11,2024-12-10,M3,Full Cross-Scale Multiscale,-0.019615731195198285,-0.02349646046153532,0.01727513788155556,0
2024-12-12,2024-12-11,M0,Historical Simulation Benchmark,-0.027528678741702277,-0.04016218362176419,-0.0073250656218847195,0
2024-12-12,2024-12-11,M1,Heavy-Tail Marginals,-0.030338527816564508,-0.040358079183186624,-0.0073250656218847195,0
2024-12-12,2024-12-11,M2,Wavelet + Within-Scale,-0.017890717373723972,-0.021887050868224348,-0.0073250656218847195,0
2024-12-12,2024-12-11,M3,Full Cross-Scale Multiscale,-0.02044376036263519,-0.022742281799843996,-0.0073250656218847195,0
2024-12-13,2024-12-12,M0,Historical Simulation Benchmark,-0.027528678741702277,-0.04016218362176419,0.0021149387222569203,0
2024-12-13,2024-12-12,M1,Heavy-Tail Marginals,-0.029104315553623257,-0.035993045572178035,0.0021149387222569203,0
2024-12-13,2024-12-12,M2,Wavelet + Within-Scale,-0.01919949580919156,-0.021160972585934072,0.0021149387222569203,0
2024-12-13,2024-12-12,M3,Full Cross-Scale Multiscale,-0.01978531631605063,-0.022742701720725865,0.0021149387222569203,0
2024-12-16,2024-12-13,M0,Historical Simulation Benchmark,-0.027528678741702277,-0.04016218362176419,0.008831898941711179,0
2024-12-16,2024-12-13,M1,Heavy-Tail Marginals,-0.029575811167159117,-0.04207649344700433,0.008831898941711179,0
2024-12-16,2024-12-13,M2,Wavelet + Within-Scale,-0.0180552744435147,-0.019901654571653285,0.008831898941711179,0
2024-12-16,2024-12-13,M3,Full Cross-Scale Multiscale,-0.01986541118714937,-0.02187133323598157,0.008831898941711179,0
2024-12-17,2024-12-16,M0,Historical Simulation Benchmark,-0.027528678741702277,-0.04016218362176419,-0.00247428766167594,0
2024-12-17,2024-12-16,M1,Heavy-Tail Marginals,-0.02766498082716065,-0.03372508769560691,-0.00247428766167594,0
2024-12-17,2024-12-16,M2,Wavelet + Within-Scale,-0.018333889184543303,-0.020646846367133022,-0.00247428766167594,0
2024-12-17,2024-12-16,M3,Full Cross-Scale Multiscale,-0.019627353696633685,-0.023219387018081378,-0.00247428766167594,0
2024-12-18,2024-12-17,M0,Historical Simulation Benchmark,-0.027528678741702277,-0.04016218362176419,-0.024298010990855823,0
2024-12-18,2024-12-17,M1,Heavy-Tail Marginals,-0.027400721071492055,-0.034942197156755124,-0.024298010990855823,0
2024-12-18,2024-12-17,M2,Wavelet + Within-Scale,-0.017487982293787202,-0.020291959864490724,-0.024298010990855823,1
2024-12-18,2024-12-17,M3,Full Cross-Scale Multiscale,-0.020281204279769385,-0.022847625380146182,-0.024298010990855823,1
2024-12-19,2024-12-18,M0,Historical Simulation Benchmark,-0.027528678741702277,-0.04016218362176419,-0.006757813942222161,0
2024-12-19,2024-12-18,M1,Heavy-Tail Marginals,-0.028855679549924476,-0.03523122210257741,-0.006757813942222161,0
2024-12-19,2024-12-18,M2,Wavelet + Within-Scale,-0.019681172841406636,-0.021852405543782927,-0.006757813942222161,0
2024-12-19,2024-12-18,M3,Full Cross-Scale Multiscale,-0.021054510630229284,-0.023792610657608952,-0.006757813942222161,0
2024-12-20,2024-12-19,M0,Historical Simulation Benchmark,-0.027528678741702277,-0.04016218362176419,0.00708753190208054,0
2024-12-20,2024-12-19,M1,Heavy-Tail Marginals,-0.02857967498496698,-0.04150422407906605,0.00708753190208054,0
2024-12-20,2024-12-19,M2,Wavelet + Within-Scale,-0.019140749208575048,-0.020865314944074998,0.00708753190208054,0
2024-12-20,2024-12-19,M3,Full Cross-Scale Multiscale,-0.020707473358568335,-0.023683035960696187,0.00708753190208054,0
2024-12-23,2024-12-20,M0,Historical Simulation Benchmark,-0.027528678741702277,-0.04016218362176419,-0.0071278723342688005,0
2024-12-23,2024-12-20,M1,Heavy-Tail Marginals,-0.030215134655119144,-0.043300805770633125,-0.0071278723342688005,0
2024-12-23,2024-12-20,M2,Wavelet + Within-Scale,-0.01868469493452975,-0.021998960423346117,-0.0071278723342688005,0
2024-12-23,2024-12-20,M3,Full Cross-Scale Multiscale,-0.019485422724751376,-0.021803153145161062,-0.0071278723342688005,0
2024-12-24,2024-12-23,M0,Historical Simulation Benchmark,-0.027528678741702277,-0.04016218362176419,0.01258065855589534,0
2024-12-24,2024-12-23,M1,Heavy-Tail Marginals,-0.03074773204755136,-0.03685638465295805,0.01258065855589534,0
2024-12-24,2024-12-23,M2,Wavelet + Within-Scale,-0.017367715153296128,-0.020089741830098505,0.01258065855589534,0
2024-12-24,2024-12-23,M3,Full Cross-Scale Multiscale,-0.019446656034186865,-0.021488883915518238,0.01258065855589534,0
2024-12-26,2024-12-24,M0,Historical Simulation Benchmark,-0.027528678741702277,-0.04016218362176419,-0.005831739188330528,0
2024-12-26,2024-12-24,M1,Heavy-Tail Marginals,-0.02643905843916107,-0.03396952315987918,-0.005831739188330528,0
2024-12-26,2024-12-24,M2,Wavelet + Within-Scale,-0.01758060446273165,-0.019923324496009774,-0.005831739188330528,0
2024-12-26,2024-12-24,M3,Full Cross-Scale Multiscale,-0.01865442898689102,-0.02229621931113501,-0.005831739188330528,0
2024-12-27,2024-12-26,M0,Historical Simulation Benchmark,-0.027528678741702277,-0.04016218362176419,-0.00549022717145956,0
2024-12-27,2024-12-26,M1,Heavy-Tail Marginals,-0.023832841501786012,-0.03010907317887921,-0.00549022717145956,0
2024-12-27,2024-12-26,M2,Wavelet + Within-Scale,-0.012796366959365292,-0.014687498307689163,-0.00549022717145956,0
2024-12-27,2024-12-26,M3,Full Cross-Scale Multiscale,-0.012912153178578497,-0.015124560661215378,-0.00549022717145956,0
2024-12-30,2024-12-27,M0,Historical Simulation Benchmark,-0.027528678741702277,-0.04016218362176419,-0.0024134215394461802,0
2024-12-30,2024-12-27,M1,Heavy-Tail Marginals,-0.0236986495153713,-0.030715587230812615,-0.0024134215394461802,0
2024-12-30,2024-12-27,M2,Wavelet + Within-Scale,-0.012931045728689064,-0.014916329444099347,-0.0024134215394461802,0
2024-12-30,2024-12-27,M3,Full Cross-Scale Multiscale,-0.013753948010630134,-0.015509634715675513,-0.0024134215394461802,0
2024-12-31,2024-12-30,M0,Historical Simulation Benchmark,-0.027528678741702277,-0.04016218362176419,0.0037781053173251596,0
2024-12-31,2024-12-30,M1,Heavy-Tail Marginals,-0.025084992415096007,-0.03157817696556665,0.0037781053173251596,0
2024-12-31,2024-12-30,M2,Wavelet + Within-Scale,-0.012791733411984144,-0.015546068353916056,0.0037781053173251596,0
2024-12-31,2024-12-30,M3,Full Cross-Scale Multiscale,-0.013879624815852878,-0.016566742555472712,0.0037781053173251596,0
2025-01-02,2024-12-31,M0,Historical Simulation Benchmark,-0.027528678741702277,-0.04016218362176419,0.01320361770997154,0
2025-01-02,2024-12-31,M1,Heavy-Tail Marginals,-0.023887611289093825,-0.031730711793702474,0.01320361770997154,0
2025-01-02,2024-12-31,M2,Wavelet + Within-Scale,-0.012689959805611004,-0.01426331661465798,0.01320361770997154,0
2025-01-02,2024-12-31,M3,Full Cross-Scale Multiscale,-0.013456494740004358,-0.014488299539639714,0.01320361770997154,0
2025-01-03,2025-01-02,M0,Historical Simulation Benchmark,-0.027528678741702277,-0.04016218362176419,0.005642790245796661,0
2025-01-03,2025-01-02,M1,Heavy-Tail Marginals,-0.022869487311950046,-0.02908681199222053,0.005642790245796661,0
2025-01-03,2025-01-02,M2,Wavelet + Within-Scale,-0.01303894499443058,-0.01491894010307443,0.005642790245796661,0
2025-01-03,2025-01-02,M3,Full Cross-Scale Multiscale,-0.013950354981666776,-0.01614033134278315,0.005642790245796661,0
2025-01-06,2025-01-03,M0,Historical Simulation Benchmark,-0.027528678741702277,-0.04016218362176419,0.00704442214130338,0
2025-01-06,2025-01-03,M1,Heavy-Tail Marginals,-0.023374176415527304,-0.02947058883148383,0.00704442214130338,0
2025-01-06,2025-01-03,M2,Wavelet + Within-Scale,-0.013671927294309206,-0.014851513735187116,0.00704442214130338,0
2025-01-06,2025-01-03,M3,Full Cross-Scale Multiscale,-0.014298198226315185,-0.015981279557917692,0.00704442214130338,0
2025-01-07,2025-01-06,M0,Historical Simulation Benchmark,-0.027528678741702277,-0.04016218362176419,-0.010189202236817201,0
2025-01-07,2025-01-06,M1,Heavy-Tail Marginals,-0.025257994561005394,-0.03344916635578851,-0.010189202236817201,0
2025-01-07,2025-01-06,M2,Wavelet + Within-Scale,-0.01306248729234813,-0.01458018261070188,-0.010189202236817201,0
2025-01-07,2025-01-06,M3,Full Cross-Scale Multiscale,-0.013366359195178206,-0.015044209853340113,-0.010189202236817201,0
2025-01-08,2025-01-07,M0,Historical Simulation Benchmark,-0.027528678741702277,-0.04016218362176419,-0.00445365612205622,0
2025-01-08,2025-01-07,M1,Heavy-Tail Marginals,-0.021957022656444204,-0.028706380375186507,-0.00445365612205622,0
2025-01-08,2025-01-07,M2,Wavelet + Within-Scale,-0.012994951248551751,-0.014771901538523804,-0.00445365612205622,0
2025-01-08,2025-01-07,M3,Full Cross-Scale Multiscale,-0.014022152043509989,-0.016484085947229294,-0.00445365612205622,0
2025-01-10,2025-01-08,M0,Historical Simulation Benchmark,-0.027528678741702277,-0.04016218362176419,0.0051026969821657405,0
2025-01-10,2025-01-08,M1,Heavy-Tail Marginals,-0.024007633748394257,-0.030678740918954443,0.0051026969821657405,0
2025-01-10,2025-01-08,M2,Wavelet + Within-Scale,-0.012787494810823486,-0.015489456792339215,0.0051026969821657405,0
2025-01-10,2025-01-08,M3,Full Cross-Scale Multiscale,-0.013604524351804077,-0.015702216177895304,0.0051026969821657405,0
2025-01-13,2025-01-10,M0,Historical Simulation Benchmark,-0.027528678741702277,-0.04016218362176419,0.0014730860190832397,0
2025-01-13,2025-01-10,M1,Heavy-Tail Marginals,-0.023832531872563706,-0.03143059901814616,0.0014730860190832397,0
2025-01-13,2025-01-10,M2,Wavelet + Within-Scale,-0.012691997418731315,-0.014582986266967204,0.0014730860190832397,0
2025-01-13,2025-01-10,M3,Full Cross-Scale Multiscale,-0.01487000292958013,-0.01647066041178851,0.0014730860190832397,0
2025-01-14,2025-01-13,M0,Historical Simulation Benchmark,-0.027528678741702277,-0.04016218362176419,0.0042454972864262005,0
2025-01-14,2025-01-13,M1,Heavy-Tail Marginals,-0.026257130671519645,-0.03215470984900775,0.0042454972864262005,0
2025-01-14,2025-01-13,M2,Wavelet + Within-Scale,-0.012901435474119746,-0.0143974980244676,0.0042454972864262005,0
2025-01-14,2025-01-13,M3,Full Cross-Scale Multiscale,-0.01360037024227085,-0.015559340948734082,0.0042454972864262005,0
2025-01-15,2025-01-14,M0,Historical Simulation Benchmark,-0.027528678741702277,-0.04016218362176419,0.021687016865678022,0
2025-01-15,2025-01-14,M1,Heavy-Tail Marginals,-0.022840440898434608,-0.027664215420742527,0.021687016865678022,0
2025-01-15,2025-01-14,M2,Wavelet + Within-Scale,-0.012809024576841984,-0.014822060524806963,0.021687016865678022,0
2025-01-15,2025-01-14,M3,Full Cross-Scale Multiscale,-0.013828058468999446,-0.01520870989908842,0.021687016865678022,0
2025-01-16,2025-01-15,M0,Historical Simulation Benchmark,-0.027528678741702277,-0.04016218362176419,-0.00337168290413302,0
2025-01-16,2025-01-15,M1,Heavy-Tail Marginals,-0.02320999855771893,-0.03073259020650948,-0.00337168290413302,0
2025-01-16,2025-01-15,M2,Wavelet + Within-Scale,-0.012676235294150792,-0.015274163241001129,-0.00337168290413302,0
2025-01-16,2025-01-15,M3,Full Cross-Scale Multiscale,-0.014309094380845561,-0.01571324414723493,-0.00337168290413302,0
2025-01-17,2025-01-16,M0,Historical Simulation Benchmark,-0.027528678741702277,-0.04016218362176419,0.00928728457974224,0
2025-01-17,2025-01-16,M1,Heavy-Tail Marginals,-0.0250496085712031,-0.03041968247026037,0.00928728457974224,0
2025-01-17,2025-01-16,M2,Wavelet + Within-Scale,-0.012721686099692438,-0.014754079610757484,0.00928728457974224,0
2025-01-17,2025-01-16,M3,Full Cross-Scale Multiscale,-0.013945597800874104,-0.014886859360182811,0.00928728457974224,0
2025-01-21,2025-01-17,M0,Historical Simulation Benchmark,-0.027528678741702277,-0.04016218362176419,0.00531717825974716,0
2025-01-21,2025-01-17,M1,Heavy-Tail Marginals,-0.023486922964796205,-0.028397306128179728,0.00531717825974716,0
2025-01-21,2025-01-17,M2,Wavelet + Within-Scale,-0.013016065208038783,-0.015039813446311705,0.00531717825974716,0
2025-01-21,2025-01-17,M3,Full Cross-Scale Multiscale,-0.014893392575293768,-0.016468761774769473,0.00531717825974716,0
2025-01-22,2025-01-21,M0,Historical Simulation Benchmark,-0.027528678741702277,-0.04016218362176419,-0.0048099468471959,0
2025-01-22,2025-01-21,M1,Heavy-Tail Marginals,-0.023981616610250306,-0.02815854827738542,-0.0048099468471959,0
2025-01-22,2025-01-21,M2,Wavelet + Within-Scale,-0.013724498553979303,-0.01676869391038343,-0.0048099468471959,0
2025-01-22,2025-01-21,M3,Full Cross-Scale Multiscale,-0.014517874043273317,-0.017321533987995793,-0.0048099468471959,0
2025-01-23,2025-01-22,M0,Historical Simulation Benchmark,-0.027528678741702277,-0.04016218362176419,-0.0021792617109463804,0
2025-01-23,2025-01-22,M1,Heavy-Tail Marginals,-0.02500944395671526,-0.03313532849840069,-0.0021792617109463804,0
2025-01-23,2025-01-22,M2,Wavelet + Within-Scale,-0.013185716015014087,-0.016161197886666888,-0.0021792617109463804,0
2025-01-23,2025-01-22,M3,Full Cross-Scale Multiscale,-0.01383364492370472,-0.01598765719076991,-0.0021792617109463804,0
2025-01-24,2025-01-23,M0,Historical Simulation Benchmark,-0.027528678741702277,-0.04016218362176419,0.0036951523211615203,0
2025-01-24,2025-01-23,M1,Heavy-Tail Marginals,-0.02559382075139707,-0.03244916282074266,0.0036951523211615203,0
2025-01-24,2025-01-23,M2,Wavelet + Within-Scale,-0.013689614339267442,-0.015243768416821558,0.0036951523211615203,0
2025-01-24,2025-01-23,M3,Full Cross-Scale Multiscale,-0.014360058552027813,-0.0162587287490527,0.0036951523211615203,0
2025-01-27,2025-01-24,M0,Historical Simulation Benchmark,-0.027528678741702277,-0.04016218362176419,-0.013169738969844101,0
2025-01-27,2025-01-24,M1,Heavy-Tail Marginals,-0.023887615064023055,-0.03284069736164345,-0.013169738969844101,0
2025-01-27,2025-01-24,M2,Wavelet + Within-Scale,-0.013084112135823495,-0.014500844780856583,-0.013169738969844101,1
2025-01-27,2025-01-24,M3,Full Cross-Scale Multiscale,-0.014124856675979507,-0.016851338730522414,-0.013169738969844101,0
2025-01-28,2025-01-27,M0,Historical Simulation Benchmark,-0.027528678741702277,-0.04016218362176419,0.00434406976114086,0
2025-01-28,2025-01-27,M1,Heavy-Tail Marginals,-0.022361264298496185,-0.030621693831558782,0.00434406976114086,0
2025-01-28,2025-01-27,M2,Wavelet + Within-Scale,-0.013603565835050027,-0.01546433338644465,0.00434406976114086,0
2025-01-28,2025-01-27,M3,Full Cross-Scale Multiscale,-0.014329835533648768,-0.01654895524350851,0.00434406976114086,0
2025-01-29,2025-01-28,M0,Historical Simulation Benchmark,-0.027528678741702277,-0.04016218362176419,-3.737026875685976e-05,0
2025-01-29,2025-01-28,M1,Heavy-Tail Marginals,-0.02545491926929679,-0.03214611159141872,-3.737026875685976e-05,0
2025-01-29,2025-01-28,M2,Wavelet + Within-Scale,-0.013073296302768702,-0.016395265980165143,-3.737026875685976e-05,0
2025-01-29,2025-01-28,M3,Full Cross-Scale Multiscale,-0.014544292319257955,-0.017078362471809588,-3.737026875685976e-05,0
2025-01-30,2025-01-29,M0,Historical Simulation Benchmark,-0.024997161458181923,-0.03954519870479659,0.0064101466681948,0
2025-01-30,2025-01-29,M1,Heavy-Tail Marginals,-0.0230928710269086,-0.03394272430897376,0.0064101466681948,0
2025-01-30,2025-01-29,M2,Wavelet + Within-Scale,-0.011170550206875787,-0.01281455830839708,0.0064101466681948,0
2025-01-30,2025-01-29,M3,Full Cross-Scale Multiscale,-0.012027352435933806,-0.013128482496502492,0.0064101466681948,0
2025-01-31,2025-01-30,M0,Historical Simulation Benchmark,-0.024997161458181923,-0.03954519870479659,-0.00480131195374228,0
2025-01-31,2025-01-30,M1,Heavy-Tail Marginals,-0.02274477187634635,-0.029250959232110674,-0.00480131195374228,0
2025-01-31,2025-01-30,M2,Wavelet + Within-Scale,-0.01052656566810318,-0.011897479103442694,-0.00480131195374228,0
2025-01-31,2025-01-30,M3,Full Cross-Scale Multiscale,-0.012377094585524174,-0.014201074727976734,-0.00480131195374228,0
2025-02-03,2025-01-31,M0,Historical Simulation Benchmark,-0.024997161458181923,-0.03954519870479659,-0.0026187233419565003,0
2025-02-03,2025-01-31,M1,Heavy-Tail Marginals,-0.02111829230463995,-0.02469596086668089,-0.0026187233419565003,0
2025-02-03,2025-01-31,M2,Wavelet + Within-Scale,-0.01159894433566117,-0.01350636967953948,-0.0026187233419565003,0
2025-02-03,2025-01-31,M3,Full Cross-Scale Multiscale,-0.011163223225510735,-0.012942987195571682,-0.0026187233419565003,0
2025-02-04,2025-02-03,M0,Historical Simulation Benchmark,-0.024997161458181923,-0.03954519870479659,-0.0040994986292254,0
2025-02-04,2025-02-03,M1,Heavy-Tail Marginals,-0.02404172007300602,-0.031235171335609567,-0.0040994986292254,0
2025-02-04,2025-02-03,M2,Wavelet + Within-Scale,-0.01148407529486543,-0.013600607521191358,-0.0040994986292254,0
2025-02-04,2025-02-03,M3,Full Cross-Scale Multiscale,-0.011928770717128329,-0.01458440647644867,-0.0040994986292254,0
2025-02-05,2025-02-04,M0,Historical Simulation Benchmark,-0.024997161458181923,-0.03954519870479659,-0.00307704841253038,0
2025-02-05,2025-02-04,M1,Heavy-Tail Marginals,-0.024204598223522025,-0.03365284503737616,-0.00307704841253038,0
2025-02-05,2025-02-04,M2,Wavelet + Within-Scale,-0.011511328914067663,-0.012992442833129277,-0.00307704841253038,0
2025-02-05,2025-02-04,M3,Full Cross-Scale Multiscale,-0.012899214703278223,-0.014383501395749862,-0.00307704841253038,0
2025-02-06,2025-02-05,M0,Historical Simulation Benchmark,-0.024997161458181923,-0.03954519870479659,-0.0018072846254697404,0
2025-02-06,2025-02-05,M1,Heavy-Tail Marginals,-0.021985099166623334,-0.02712729843803119,-0.0018072846254697404,0
2025-02-06,2025-02-05,M2,Wavelet + Within-Scale,-0.010725061676746904,-0.012824122640008363,-0.0018072846254697404,0
2025-02-06,2025-02-05,M3,Full Cross-Scale Multiscale,-0.011935462761552017,-0.013914496441984576,-0.0018072846254697404,0
2025-02-07,2025-02-06,M0,Historical Simulation Benchmark,-0.024997161458181923,-0.03954519870479659,-0.0011963272731339001,0
2025-02-07,2025-02-06,M1,Heavy-Tail Marginals,-0.023122877059028633,-0.0271561564325824,-0.0011963272731339001,0
2025-02-07,2025-02-06,M2,Wavelet + Within-Scale,-0.012217661906846741,-0.01385150915539628,-0.0011963272731339001,0
2025-02-07,2025-02-06,M3,Full Cross-Scale Multiscale,-0.011598148506933357,-0.013790194967245322,-0.0011963272731339001,0
2025-02-10,2025-02-07,M0,Historical Simulation Benchmark,-0.024997161458181923,-0.03954519870479659,0.01056290241552098,0
2025-02-10,2025-02-07,M1,Heavy-Tail Marginals,-0.023481635261658213,-0.03031527359411782,0.01056290241552098,0
2025-02-10,2025-02-07,M2,Wavelet + Within-Scale,-0.011606755721202011,-0.014353795959772233,0.01056290241552098,0
2025-02-10,2025-02-07,M3,Full Cross-Scale Multiscale,-0.012534662818472275,-0.014582035905158325,0.01056290241552098,0
2025-02-11,2025-02-10,M0,Historical Simulation Benchmark,-0.024997161458181923,-0.03954519870479659,-0.002359819788614181,0
2025-02-11,2025-02-10,M1,Heavy-Tail Marginals,-0.023898910695311432,-0.03592661802268088,-0.002359819788614181,0
2025-02-11,2025-02-10,M2,Wavelet + Within-Scale,-0.010803699583487904,-0.01181493289465529,-0.002359819788614181,0
2025-02-11,2025-02-10,M3,Full Cross-Scale Multiscale,-0.012270325550257609,-0.013874560013632575,-0.002359819788614181,0
2025-02-12,2025-02-11,M0,Historical Simulation Benchmark,-0.024997161458181923,-0.03954519870479659,-0.0024470909401465204,0
2025-02-12,2025-02-11,M1,Heavy-Tail Marginals,-0.021580829052792957,-0.02656276946725944,-0.0024470909401465204,0
2025-02-12,2025-02-11,M2,Wavelet + Within-Scale,-0.01163297862757848,-0.013022180771229366,-0.0024470909401465204,0
2025-02-12,2025-02-11,M3,Full Cross-Scale Multiscale,-0.012373846313844554,-0.014401008170500638,-0.0024470909401465204,0
2025-02-13,2025-02-12,M0,Historical Simulation Benchmark,-0.024997161458181923,-0.03954519870479659,0.003141916703772021,0
2025-02-13,2025-02-12,M1,Heavy-Tail Marginals,-0.02340223225527832,-0.03147419527197388,0.003141916703772021,0
2025-02-13,2025-02-12,M2,Wavelet + Within-Scale,-0.011350930027814005,-0.013009920832017898,0.003141916703772021,0
2025-02-13,2025-02-12,M3,Full Cross-Scale Multiscale,-0.012229530208492592,-0.014657282029497731,0.003141916703772021,0
2025-02-14,2025-02-13,M0,Historical Simulation Benchmark,-0.024997161458181923,-0.03954519870479659,-0.001843161668837123,0
2025-02-14,2025-02-13,M1,Heavy-Tail Marginals,-0.021184004333738175,-0.030261949794970294,-0.001843161668837123,0
2025-02-14,2025-02-13,M2,Wavelet + Within-Scale,-0.011805989806782054,-0.013498040980435647,-0.001843161668837123,0
2025-02-14,2025-02-13,M3,Full Cross-Scale Multiscale,-0.011835532553515344,-0.014174577220938303,-0.001843161668837123,0
2025-02-18,2025-02-14,M0,Historical Simulation Benchmark,-0.024997161458181923,-0.03954519870479659,0.001700882996554941,0
2025-02-18,2025-02-14,M1,Heavy-Tail Marginals,-0.024403610979509438,-0.03104500435779876,0.001700882996554941,0
2025-02-18,2025-02-14,M2,Wavelet + Within-Scale,-0.01105727864069896,-0.012520806126103545,0.001700882996554941,0
2025-02-18,2025-02-14,M3,Full Cross-Scale Multiscale,-0.011568844005634052,-0.01313041331185367,0.001700882996554941,0
2025-02-19,2025-02-18,M0,Historical Simulation Benchmark,-0.024997161458181923,-0.03954519870479659,0.0044548727600198,0
2025-02-19,2025-02-18,M1,Heavy-Tail Marginals,-0.02421791125735757,-0.029343878640449694,0.0044548727600198,0
2025-02-19,2025-02-18,M2,Wavelet + Within-Scale,-0.011379143175924302,-0.014118448760879953,0.0044548727600198,0
2025-02-19,2025-02-18,M3,Full Cross-Scale Multiscale,-0.012628079034356567,-0.014736980699911686,0.0044548727600198,0
2025-02-20,2025-02-19,M0,Historical Simulation Benchmark,-0.024997161458181923,-0.03954519870479659,0.0039611566418753606,0
2025-02-20,2025-02-19,M1,Heavy-Tail Marginals,-0.021878920907444546,-0.02801772695642756,0.0039611566418753606,0
2025-02-20,2025-02-19,M2,Wavelet + Within-Scale,-0.011219177298046222,-0.012311310672753557,0.0039611566418753606,0
2025-02-20,2025-02-19,M3,Full Cross-Scale Multiscale,-0.012073212100244642,-0.01355557214188666,0.0039611566418753606,0
2025-02-21,2025-02-20,M0,Historical Simulation Benchmark,-0.024997161458181923,-0.03954519870479659,-0.01329718665684612,0
2025-02-21,2025-02-20,M1,Heavy-Tail Marginals,-0.02313955255345517,-0.02993212720379842,-0.01329718665684612,0
2025-02-21,2025-02-20,M2,Wavelet + Within-Scale,-0.011785260079553024,-0.013329147303187013,-0.01329718665684612,1
2025-02-21,2025-02-20,M3,Full Cross-Scale Multiscale,-0.01217375264671313,-0.014074878269679783,-0.01329718665684612,1
2025-02-24,2025-02-21,M0,Historical Simulation Benchmark,-0.024997161458181923,-0.03954519870479659,-0.00780605825916854,0
2025-02-24,2025-02-21,M1,Heavy-Tail Marginals,-0.022486749865630068,-0.02916131360660264,-0.00780605825916854,0
2025-02-24,2025-02-21,M2,Wavelet + Within-Scale,-0.011684099700572234,-0.013583381120010393,-0.00780605825916854,0
2025-02-24,2025-02-21,M3,Full Cross-Scale Multiscale,-0.012196335963970732,-0.014047590849773774,-0.00780605825916854,0
2025-02-25,2025-02-24,M0,Historical Simulation Benchmark,-0.024997161458181923,-0.03954519870479659,-0.01294149122621802,0
2025-02-25,2025-02-24,M1,Heavy-Tail Marginals,-0.025210968283853333,-0.03350830544172298,-0.01294149122621802,0
2025-02-25,2025-02-24,M2,Wavelet + Within-Scale,-0.011417220967953126,-0.012729781333597787,-0.01294149122621802,1
2025-02-25,2025-02-24,M3,Full Cross-Scale Multiscale,-0.01236408667958408,-0.013893352804868735,-0.01294149122621802,1
2025-02-26,2025-02-25,M0,Historical Simulation Benchmark,-0.024997161458181923,-0.03954519870479659,-0.009947862508828561,0
2025-02-26,2025-02-25,M1,Heavy-Tail Marginals,-0.022699926653338406,-0.02843514927475484,-0.009947862508828561,0
2025-02-26,2025-02-25,M2,Wavelet + Within-Scale,-0.011706091657994775,-0.01319781680782108,-0.009947862508828561,0
2025-02-26,2025-02-25,M3,Full Cross-Scale Multiscale,-0.012244676097223213,-0.013867735816440177,-0.009947862508828561,0
2025-02-27,2025-02-26,M0,Historical Simulation Benchmark,-0.024997161458181923,-0.03954519870479659,-0.0018406473768746794,0
2025-02-27,2025-02-26,M1,Heavy-Tail Marginals,-0.02281817113910365,-0.028570433406770335,-0.0018406473768746794,0
2025-02-27,2025-02-26,M2,Wavelet + Within-Scale,-0.011576578486999863,-0.013153125006116642,-0.0018406473768746794,0
2025-02-27,2025-02-26,M3,Full Cross-Scale Multiscale,-0.011783153628607428,-0.013810538935074982,-0.0018406473768746794,0
2025-02-28,2025-02-27,M0,Historical Simulation Benchmark,-0.024997161458181923,-0.03954519870479659,0.00199087813862304,0
2025-02-28,2025-02-27,M1,Heavy-Tail Marginals,-0.022697664729687844,-0.027997112552760394,0.00199087813862304,0
2025-02-28,2025-02-27,M2,Wavelet + Within-Scale,-0.011375095330480218,-0.013217287803419006,0.00199087813862304,0
2025-02-28,2025-02-27,M3,Full Cross-Scale Multiscale,-0.011387113512930843,-0.013756220218709325,0.00199087813862304,0
2025-03-03,2025-02-28,M0,Historical Simulation Benchmark,-0.024997161458181923,-0.03954519870479659,-0.00133565383302212,0
2025-03-03,2025-02-28,M1,Heavy-Tail Marginals,-0.021980106895625608,-0.028583379526562612,-0.00133565383302212,0
2025-03-03,2025-02-28,M2,Wavelet + Within-Scale,-0.011573141023933278,-0.013507869594145756,-0.00133565383302212,0
2025-03-03,2025-02-28,M3,Full Cross-Scale Multiscale,-0.012236813568883976,-0.013779230977635715,-0.00133565383302212,0
2025-03-04,2025-03-03,M0,Historical Simulation Benchmark,-0.024997161458181923,-0.03954519870479659,0.0013629082603435403,0
2025-03-04,2025-03-03,M1,Heavy-Tail Marginals,-0.0216898886675017,-0.02969735699792725,0.0013629082603435403,0
2025-03-04,2025-03-03,M2,Wavelet + Within-Scale,-0.011419650722977025,-0.0131041803683116,0.0013629082603435403,0
2025-03-04,2025-03-03,M3,Full Cross-Scale Multiscale,-0.012402495810461359,-0.014078045487714689,0.0013629082603435403,0
2025-03-05,2025-03-04,M0,Historical Simulation Benchmark,-0.024997161458181923,-0.03954519870479659,0.0038633540344109206,0
2025-03-05,2025-03-04,M1,Heavy-Tail Marginals,-0.02283333879498147,-0.027587365881536673,0.0038633540344109206,0
2025-03-05,2025-03-04,M2,Wavelet + Within-Scale,-0.010831487293515829,-0.012922485112843366,0.0038633540344109206,0
2025-03-05,2025-03-04,M3,Full Cross-Scale Multiscale,-0.01208575498754062,-0.014055843249316186,0.0038633540344109206,0
2025-03-06,2025-03-05,M0,Historical Simulation Benchmark,-0.024997161458181923,-0.03954519870479659,-0.00698648145152554,0
2025-03-06,2025-03-05,M1,Heavy-Tail Marginals,-0.022393724707027905,-0.03009664942389904,-0.00698648145152554,0
2025-03-06,2025-03-05,M2,Wavelet + Within-Scale,-0.01112121669227852,-0.013245050031776928,-0.00698648145152554,0
2025-03-06,2025-03-05,M3,Full Cross-Scale Multiscale,-0.012719051232851558,-0.014410188316556433,-0.00698648145152554,0
2025-03-07,2025-03-06,M0,Historical Simulation Benchmark,-0.024997161458181923,-0.03954519870479659,-0.0036383481546821994,0
2025-03-07,2025-03-06,M1,Heavy-Tail Marginals,-0.023838012945853682,-0.031105203090783906,-0.0036383481546821994,0
2025-03-07,2025-03-06,M2,Wavelet + Within-Scale,-0.010651824808075434,-0.012351151565657826,-0.0036383481546821994,0
2025-03-07,2025-03-06,M3,Full Cross-Scale Multiscale,-0.01174510955892531,-0.014110866324486682,-0.0036383481546821994,0
2025-03-10,2025-03-07,M0,Historical Simulation Benchmark,-0.024997161458181923,-0.03954519870479659,-0.02900976429129972,1
2025-03-10,2025-03-07,M1,Heavy-Tail Marginals,-0.021545122610821938,-0.025985794916600857,-0.02900976429129972,1
2025-03-10,2025-03-07,M2,Wavelet + Within-Scale,-0.010705710210769452,-0.0117953302674195,-0.02900976429129972,1
2025-03-10,2025-03-07,M3,Full Cross-Scale Multiscale,-0.011655670187521993,-0.01326925674462737,-0.02900976429129972,1
2025-03-11,2025-03-10,M0,Historical Simulation Benchmark,-0.024997161458181923,-0.03954519870479659,0.012253896540709562,0
2025-03-11,2025-03-10,M1,Heavy-Tail Marginals,-0.021848961877731377,-0.03434224896832022,0.012253896540709562,0
2025-03-11,2025-03-10,M2,Wavelet + Within-Scale,-0.011510091117747593,-0.013786866550962873,0.012253896540709562,0
2025-03-11,2025-03-10,M3,Full Cross-Scale Multiscale,-0.012208073724499061,-0.015497299679782181,0.012253896540709562,0
2025-03-12,2025-03-11,M0,Historical Simulation Benchmark,-0.024997161458181923,-0.03954519870479659,0.007142828753228161,0
2025-03-12,2025-03-11,M1,Heavy-Tail Marginals,-0.022216338897259356,-0.029887510078253927,0.007142828753228161,0
2025-03-12,2025-03-11,M2,Wavelet + Within-Scale,-0.011590956329923427,-0.013110711510696977,0.007142828753228161,0
2025-03-12,2025-03-11,M3,Full Cross-Scale Multiscale,-0.012769853459319023,-0.014803967481734131,0.007142828753228161,0
2025-03-13,2025-03-12,M0,Historical Simulation Benchmark,-0.024997161458181923,-0.03954519870479659,-0.0080757913431124,0
2025-03-13,2025-03-12,M1,Heavy-Tail Marginals,-0.02427158580117213,-0.03387019088030663,-0.0080757913431124,0
2025-03-13,2025-03-12,M2,Wavelet + Within-Scale,-0.01175158386231175,-0.013024704942926743,-0.0080757913431124,0
2025-03-13,2025-03-12,M3,Full Cross-Scale Multiscale,-0.012581754387134884,-0.01478882404391416,-0.0080757913431124,0
2025-03-14,2025-03-13,M0,Historical Simulation Benchmark,-0.024997161458181923,-0.03954519870479659,0.012341571060305843,0
2025-03-14,2025-03-13,M1,Heavy-Tail Marginals,-0.02283295064947615,-0.02846960211961532,0.012341571060305843,0
2025-03-14,2025-03-13,M2,Wavelet + Within-Scale,-0.011769511178745891,-0.013796774174573135,0.012341571060305843,0
2025-03-14,2025-03-13,M3,Full Cross-Scale Multiscale,-0.012368992705572204,-0.013891236557229934,0.012341571060305843,0
2025-03-17,2025-03-14,M0,Historical Simulation Benchmark,-0.024997161458181923,-0.03954519870479659,0.00422543195490566,0
2025-03-17,2025-03-14,M1,Heavy-Tail Marginals,-0.023399806068638625,-0.028212218774561853,0.00422543195490566,0
2025-03-17,2025-03-14,M2,Wavelet + Within-Scale,-0.011824425602531562,-0.013859338412151926,0.00422543195490566,0
2025-03-17,2025-03-14,M3,Full Cross-Scale Multiscale,-0.01211064018463212,-0.0140845149612699,0.00422543195490566,0
2025-03-18,2025-03-17,M0,Historical Simulation Benchmark,-0.024997161458181923,-0.03954519870479659,-0.00425497763978244,0
2025-03-18,2025-03-17,M1,Heavy-Tail Marginals,-0.024680698029551414,-0.033101462729711,-0.00425497763978244,0
2025-03-18,2025-03-17,M2,Wavelet + Within-Scale,-0.011241891810543081,-0.013227338746596687,-0.00425497763978244,0
2025-03-18,2025-03-17,M3,Full Cross-Scale Multiscale,-0.012426081737622177,-0.014384152392165445,-0.00425497763978244,0
2025-03-19,2025-03-18,M0,Historical Simulation Benchmark,-0.024997161458181923,-0.03954519870479659,0.01393632834009758,0
2025-03-19,2025-03-18,M1,Heavy-Tail Marginals,-0.024436170804083657,-0.031653488618864065,0.01393632834009758,0
2025-03-19,2025-03-18,M2,Wavelet + Within-Scale,-0.010944755575975176,-0.012552032920333439,0.01393632834009758,0
2025-03-19,2025-03-18,M3,Full Cross-Scale Multiscale,-0.012712807303011756,-0.014519552723674575,0.01393632834009758,0
2025-03-20,2025-03-19,M0,Historical Simulation Benchmark,-0.024997161458181923,-0.03954519870479659,-0.0032405517212938406,0
2025-03-20,2025-03-19,M1,Heavy-Tail Marginals,-0.023616256605958855,-0.029375699116097397,-0.0032405517212938406,0
2025-03-20,2025-03-19,M2,Wavelet + Within-Scale,-0.01174820926185078,-0.013153305047339567,-0.0032405517212938406,0
2025-03-20,2025-03-19,M3,Full Cross-Scale Multiscale,-0.012887242746586959,-0.014853421449995888,-0.0032405517212938406,0
2025-03-21,2025-03-20,M0,Historical Simulation Benchmark,-0.024997161458181923,-0.03954519870479659,-0.0018509414379581201,0
2025-03-21,2025-03-20,M1,Heavy-Tail Marginals,-0.023196949836343923,-0.03224906290889042,-0.0018509414379581201,0
2025-03-21,2025-03-20,M2,Wavelet + Within-Scale,-0.01177689979791979,-0.013416736874798562,-0.0018509414379581201,0
2025-03-21,2025-03-20,M3,Full Cross-Scale Multiscale,-0.01259958747250905,-0.013545380065745075,-0.0018509414379581201,0
2025-03-24,2025-03-21,M0,Historical Simulation Benchmark,-0.024997161458181923,-0.03954519870479659,0.012488243459050022,0
2025-03-24,2025-03-21,M1,Heavy-Tail Marginals,-0.020393014219872378,-0.02921895990255921,0.012488243459050022,0
2025-03-24,2025-03-21,M2,Wavelet + Within-Scale,-0.01134260630910336,-0.013250007524853214,0.012488243459050022,0
2025-03-24,2025-03-21,M3,Full Cross-Scale Multiscale,-0.012539168290624314,-0.015058467382836177,0.012488243459050022,0
2025-03-25,2025-03-24,M0,Historical Simulation Benchmark,-0.024997161458181923,-0.03954519870479659,0.0014742326143797398,0
2025-03-25,2025-03-24,M1,Heavy-Tail Marginals,-0.022218922356445736,-0.028187740209867605,0.0014742326143797398,0
2025-03-25,2025-03-24,M2,Wavelet + Within-Scale,-0.012188956673525679,-0.014211697691303394,0.0014742326143797398,0
2025-03-25,2025-03-24,M3,Full Cross-Scale Multiscale,-0.012123388823647016,-0.014301623334867734,0.0014742326143797398,0
2025-03-26,2025-03-25,M0,Historical Simulation Benchmark,-0.024997161458181923,-0.03954519870479659,-0.002744742493704041,0
2025-03-26,2025-03-25,M1,Heavy-Tail Marginals,-0.0241147503823405,-0.03550970840001627,-0.002744742493704041,0
2025-03-26,2025-03-25,M2,Wavelet + Within-Scale,-0.012068049177073494,-0.014094959735325216,-0.002744742493704041,0
2025-03-26,2025-03-25,M3,Full Cross-Scale Multiscale,-0.012127193547130443,-0.013967930399965314,-0.002744742493704041,0
2025-03-27,2025-03-26,M0,Historical Simulation Benchmark,-0.024997161458181923,-0.03954519870479659,0.00275566962761452,0
2025-03-27,2025-03-26,M1,Heavy-Tail Marginals,-0.022810057196421672,-0.027960318363321534,0.00275566962761452,0
2025-03-27,2025-03-26,M2,Wavelet + Within-Scale,-0.011612048302491063,-0.014128695425262006,0.00275566962761452,0
2025-03-27,2025-03-26,M3,Full Cross-Scale Multiscale,-0.012613056123885896,-0.014344185893258388,0.00275566962761452,0
2025-03-28,2025-03-27,M0,Historical Simulation Benchmark,-0.024997161458181923,-0.03954519870479659,-0.00946301114012834,0
2025-03-28,2025-03-27,M1,Heavy-Tail Marginals,-0.0240645842285276,-0.031527748153937676,-0.00946301114012834,0
2025-03-28,2025-03-27,M2,Wavelet + Within-Scale,-0.011809108962109518,-0.014020184756408132,-0.00946301114012834,0
2025-03-28,2025-03-27,M3,Full Cross-Scale Multiscale,-0.012317805149059781,-0.014518783376728534,-0.00946301114012834,0
2025-03-31,2025-03-28,M0,Historical Simulation Benchmark,-0.024997161458181923,-0.03954519870479659,0.007187180069012181,0
2025-03-31,2025-03-28,M1,Heavy-Tail Marginals,-0.02341121704143447,-0.032475943134112464,0.007187180069012181,0
2025-03-31,2025-03-28,M2,Wavelet + Within-Scale,-0.012130855690724359,-0.01438330488277625,0.007187180069012181,0
2025-03-31,2025-03-28,M3,Full Cross-Scale Multiscale,-0.01243887172482811,-0.01528457207942068,0.007187180069012181,0
2025-04-01,2025-03-31,M0,Historical Simulation Benchmark,-0.025776274637201547,-0.03987030374719409,0.006471588459274361,0
2025-04-01,2025-03-31,M1,Heavy-Tail Marginals,-0.02331269445824029,-0.03248565645449017,0.006471588459274361,0
2025-04-01,2025-03-31,M2,Wavelet + Within-Scale,-0.011869408136350438,-0.013473920908266107,0.006471588459274361,0
2025-04-01,2025-03-31,M3,Full Cross-Scale Multiscale,-0.012394398110274624,-0.014884967037885463,0.006471588459274361,0
2025-04-02,2025-04-01,M0,Historical Simulation Benchmark,-0.025776274637201547,-0.03987030374719409,-0.0032148630928855396,0
2025-04-02,2025-04-01,M1,Heavy-Tail Marginals,-0.02323048687804131,-0.03205829556223254,-0.0032148630928855396,0
2025-04-02,2025-04-01,M2,Wavelet + Within-Scale,-0.011679740494379599,-0.013391090726289304,-0.0032148630928855396,0
2025-04-02,2025-04-01,M3,Full Cross-Scale Multiscale,-0.012230434838900578,-0.014904839879880005,-0.0032148630928855396,0
2025-04-03,2025-04-02,M0,Historical Simulation Benchmark,-0.025776274637201547,-0.03987030374719409,-0.022429501109457142,0
2025-04-03,2025-04-02,M1,Heavy-Tail Marginals,-0.02405782848212185,-0.03570106416195329,-0.022429501109457142,0
2025-04-03,2025-04-02,M2,Wavelet + Within-Scale,-0.011860843340045946,-0.013352159953855035,-0.022429501109457142,1
2025-04-03,2025-04-02,M3,Full Cross-Scale Multiscale,-0.012338774220964807,-0.01373097674663079,-0.022429501109457142,1
2025-04-04,2025-04-03,M0,Historical Simulation Benchmark,-0.025776274637201547,-0.03987030374719409,-0.026824304658247262,1
2025-04-04,2025-04-03,M1,Heavy-Tail Marginals,-0.022040578403001436,-0.027971264666155182,-0.026824304658247262,1
2025-04-04,2025-04-03,M2,Wavelet + Within-Scale,-0.011114370110517316,-0.01298046032270372,-0.026824304658247262,1
2025-04-04,2025-04-03,M3,Full Cross-Scale Multiscale,-0.012616845178367076,-0.014213906719560418,-0.026824304658247262,1
2025-04-07,2025-04-04,M0,Historical Simulation Benchmark,-0.025776274637201547,-0.03987030374719409,-0.024199149927869982,0
2025-04-07,2025-04-04,M1,Heavy-Tail Marginals,-0.025117663007195472,-0.031427423044395275,-0.024199149927869982,0
2025-04-07,2025-04-04,M2,Wavelet + Within-Scale,-0.011669122405634792,-0.013241234096922344,-0.024199149927869982,1
2025-04-07,2025-04-04,M3,Full Cross-Scale Multiscale,-0.012173807008721761,-0.014991754421306899,-0.024199149927869982,1
2025-04-08,2025-04-07,M0,Historical Simulation Benchmark,-0.025776274637201547,-0.03987030374719409,-0.01887063440510522,0
2025-04-08,2025-04-07,M1,Heavy-Tail Marginals,-0.024257474825211484,-0.030285903856717044,-0.01887063440510522,0
2025-04-08,2025-04-07,M2,Wavelet + Within-Scale,-0.01190824233139258,-0.013794046210026698,-0.01887063440510522,1
2025-04-08,2025-04-07,M3,Full Cross-Scale Multiscale,-0.01261930063533179,-0.01450785155817413,-0.01887063440510522,1
2025-04-09,2025-04-08,M0,Historical Simulation Benchmark,-0.025776274637201547,-0.03987030374719409,0.055441019031888805,0
2025-04-09,2025-04-08,M1,Heavy-Tail Marginals,-0.025271907613188167,-0.03330650934149459,0.055441019031888805,0
2025-04-09,2025-04-08,M2,Wavelet + Within-Scale,-0.011055492162784626,-0.012423478100529893,0.055441019031888805,0
2025-04-09,2025-04-08,M3,Full Cross-Scale Multiscale,-0.012264822136421294,-0.013764928286111627,0.055441019031888805,0
2025-04-10,2025-04-09,M0,Historical Simulation Benchmark,-0.025776274637201547,-0.03987030374719409,-0.019459661187072062,0
2025-04-10,2025-04-09,M1,Heavy-Tail Marginals,-0.02305713676921971,-0.029118604363661295,-0.019459661187072062,0
2025-04-10,2025-04-09,M2,Wavelet + Within-Scale,-0.011445517586032771,-0.012992126866049123,-0.019459661187072062,1
2025-04-10,2025-04-09,M3,Full Cross-Scale Multiscale,-0.012112975392109827,-0.014207946228970736,-0.019459661187072062,1
2025-04-11,2025-04-10,M0,Historical Simulation Benchmark,-0.025776274637201547,-0.03987030374719409,0.018921298545148964,0
2025-04-11,2025-04-10,M1,Heavy-Tail Marginals,-0.022622082179931242,-0.028215122474659404,0.018921298545148964,0
2025-04-11,2025-04-10,M2,Wavelet + Within-Scale,-0.012047251534423676,-0.013932791791252837,0.018921298545148964,0
2025-04-11,2025-04-10,M3,Full Cross-Scale Multiscale,-0.01217910766982263,-0.013896388686038869,0.018921298545148964,0
2025-04-14,2025-04-11,M0,Historical Simulation Benchmark,-0.025776274637201547,-0.03987030374719409,0.005694553276146239,0
2025-04-14,2025-04-11,M1,Heavy-Tail Marginals,-0.02483150155852269,-0.029941414675566175,0.005694553276146239,0
2025-04-14,2025-04-11,M2,Wavelet + Within-Scale,-0.01146716986363112,-0.013225769090963119,0.005694553276146239,0
2025-04-14,2025-04-11,M3,Full Cross-Scale Multiscale,-0.012918836294364102,-0.0149518533680292,0.005694553276146239,0
2025-04-15,2025-04-14,M0,Historical Simulation Benchmark,-0.025776274637201547,-0.03987030374719409,-0.0015417477609257402,0
2025-04-15,2025-04-14,M1,Heavy-Tail Marginals,-0.02443919732861689,-0.03162575417315909,-0.0015417477609257402,0
2025-04-15,2025-04-14,M2,Wavelet + Within-Scale,-0.011957735105317533,-0.013474232299128234,-0.0015417477609257402,0
2025-04-15,2025-04-14,M3,Full Cross-Scale Multiscale,-0.013079524754363572,-0.015383417031485786,-0.0015417477609257402,0
2025-04-16,2025-04-15,M0,Historical Simulation Benchmark,-0.025776274637201547,-0.03987030374719409,0.007429207083500241,0
2025-04-16,2025-04-15,M1,Heavy-Tail Marginals,-0.02573344175451117,-0.03354153863275425,0.007429207083500241,0
2025-04-16,2025-04-15,M2,Wavelet + Within-Scale,-0.011648910789407175,-0.012726406202122672,0.007429207083500241,0
2025-04-16,2025-04-15,M3,Full Cross-Scale Multiscale,-0.01227186508499454,-0.013668074357858998,0.007429207083500241,0
2025-04-17,2025-04-16,M0,Historical Simulation Benchmark,-0.025776274637201547,-0.03987030374719409,0.0059192719164972395,0
2025-04-17,2025-04-16,M1,Heavy-Tail Marginals,-0.023608689840342773,-0.02977602841632233,0.0059192719164972395,0
2025-04-17,2025-04-16,M2,Wavelet + Within-Scale,-0.011227777225510775,-0.013037878551914456,0.0059192719164972395,0
2025-04-17,2025-04-16,M3,Full Cross-Scale Multiscale,-0.012386847230154385,-0.014395759314374673,0.0059192719164972395,0
2025-04-21,2025-04-17,M0,Historical Simulation Benchmark,-0.025776274637201547,-0.03987030374719409,0.0037901885580057994,0
2025-04-21,2025-04-17,M1,Heavy-Tail Marginals,-0.024366974330019633,-0.031860520869187656,0.0037901885580057994,0
2025-04-21,2025-04-17,M2,Wavelet + Within-Scale,-0.011913703045429018,-0.013913817675470216,0.0037901885580057994,0
2025-04-21,2025-04-17,M3,Full Cross-Scale Multiscale,-0.012361201796545996,-0.014189110937373631,0.0037901885580057994,0
2025-04-22,2025-04-21,M0,Historical Simulation Benchmark,-0.025776274637201547,-0.03987030374719409,0.01769728006072926,0
2025-04-22,2025-04-21,M1,Heavy-Tail Marginals,-0.02352763152864347,-0.03475921007097945,0.01769728006072926,0
2025-04-22,2025-04-21,M2,Wavelet + Within-Scale,-0.011111370527091088,-0.013016612072548108,0.01769728006072926,0
2025-04-22,2025-04-21,M3,Full Cross-Scale Multiscale,-0.011781831456663939,-0.01367178970329892,0.01769728006072926,0
2025-04-23,2025-04-22,M0,Historical Simulation Benchmark,-0.025776274637201547,-0.03987030374719409,-0.004859363572283021,0
2025-04-23,2025-04-22,M1,Heavy-Tail Marginals,-0.024870458015432396,-0.033476595597664915,-0.004859363572283021,0
2025-04-23,2025-04-22,M2,Wavelet + Within-Scale,-0.010397800579970447,-0.012149131825240713,-0.004859363572283021,0
2025-04-23,2025-04-22,M3,Full Cross-Scale Multiscale,-0.011172832944903864,-0.012920160585420332,-0.004859363572283021,0
2025-04-24,2025-04-23,M0,Historical Simulation Benchmark,-0.025776274637201547,-0.03987030374719409,0.00985761433096352,0
2025-04-24,2025-04-23,M1,Heavy-Tail Marginals,-0.023553344894965127,-0.029125563325842607,0.00985761433096352,0
2025-04-24,2025-04-23,M2,Wavelet + Within-Scale,-0.011063431246391881,-0.013015535469751404,0.00985761433096352,0
2025-04-24,2025-04-23,M3,Full Cross-Scale Multiscale,-0.012065496906864447,-0.013960903550136395,0.00985761433096352,0
2025-04-25,2025-04-24,M0,Historical Simulation Benchmark,-0.025776274637201547,-0.03987030374719409,0.0033224264859978802,0
2025-04-25,2025-04-24,M1,Heavy-Tail Marginals,-0.02276243495999612,-0.02715209060499461,0.0033224264859978802,0
2025-04-25,2025-04-24,M2,Wavelet + Within-Scale,-0.011535648964127279,-0.013884109709255316,0.0033224264859978802,0
2025-04-25,2025-04-24,M3,Full Cross-Scale Multiscale,-0.01222166897439352,-0.014911699407218162,0.0033224264859978802,0
2025-04-28,2025-04-25,M0,Historical Simulation Benchmark,-0.025776274637201547,-0.03987030374719409,0.0005319198510566197,0
2025-04-28,2025-04-25,M1,Heavy-Tail Marginals,-0.02370712958409044,-0.02858006841089964,0.0005319198510566197,0
2025-04-28,2025-04-25,M2,Wavelet + Within-Scale,-0.011783237859524948,-0.013640828124558768,0.0005319198510566197,0
2025-04-28,2025-04-25,M3,Full Cross-Scale Multiscale,-0.012342965860135684,-0.01374715298434417,0.0005319198510566197,0
2025-04-29,2025-04-28,M0,Historical Simulation Benchmark,-0.025776274637201547,-0.03987030374719409,-0.00719731328692082,0
2025-04-29,2025-04-28,M1,Heavy-Tail Marginals,-0.02227720351127419,-0.03322490704551549,-0.00719731328692082,0
2025-04-29,2025-04-28,M2,Wavelet + Within-Scale,-0.011907838033501856,-0.014275744229353977,-0.00719731328692082,0
2025-04-29,2025-04-28,M3,Full Cross-Scale Multiscale,-0.012531516387012399,-0.015776387344536805,-0.00719731328692082,0
2025-04-30,2025-04-29,M0,Historical Simulation Benchmark,-0.025776274637201547,-0.03987030374719409,-0.008353619466037961,0
2025-04-30,2025-04-29,M1,Heavy-Tail Marginals,-0.02703962886706587,-0.04220388840203673,-0.008353619466037961,0
2025-04-30,2025-04-29,M2,Wavelet + Within-Scale,-0.011411756885226573,-0.012999803497613743,-0.008353619466037961,0
2025-04-30,2025-04-29,M3,Full Cross-Scale Multiscale,-0.012531055035654458,-0.014870384303278241,-0.008353619466037961,0
2025-05-01,2025-04-30,M0,Historical Simulation Benchmark,-0.026831209520214807,-0.03987030374719409,0.00413264100513646,0
2025-05-01,2025-04-30,M1,Heavy-Tail Marginals,-0.028552023073199494,-0.04207410191355078,0.00413264100513646,0
2025-05-01,2025-04-30,M2,Wavelet + Within-Scale,-0.010385134674844082,-0.011833715093979446,0.00413264100513646,0
2025-05-01,2025-04-30,M3,Full Cross-Scale Multiscale,-0.011222834384573072,-0.01318780395685272,0.00413264100513646,0
2025-05-02,2025-05-01,M0,Historical Simulation Benchmark,-0.026831209520214807,-0.03987030374719409,0.00122604853249032,0
2025-05-02,2025-05-01,M1,Heavy-Tail Marginals,-0.027379763473464318,-0.03479155357628132,0.00122604853249032,0
2025-05-02,2025-05-01,M2,Wavelet + Within-Scale,-0.01044955730063305,-0.01229708701569126,0.00122604853249032,0
2025-05-02,2025-05-01,M3,Full Cross-Scale Multiscale,-0.011405677802885586,-0.013019445772337776,0.00122604853249032,0
2025-05-05,2025-05-02,M0,Historical Simulation Benchmark,-0.026831209520214807,-0.03987030374719409,-0.00532682900131934,0
2025-05-05,2025-05-02,M1,Heavy-Tail Marginals,-0.030087352005981713,-0.03877189073383354,-0.00532682900131934,0
2025-05-05,2025-05-02,M2,Wavelet + Within-Scale,-0.010625383354256458,-0.011755220155436345,-0.00532682900131934,0
2025-05-05,2025-05-02,M3,Full Cross-Scale Multiscale,-0.011560997264476977,-0.013210074239089712,-0.00532682900131934,0
2025-05-06,2025-05-05,M0,Historical Simulation Benchmark,-0.026831209520214807,-0.03987030374719409,0.015672377950264663,0
2025-05-06,2025-05-05,M1,Heavy-Tail Marginals,-0.03017533250123639,-0.0381579396059693,0.015672377950264663,0
2025-05-06,2025-05-05,M2,Wavelet + Within-Scale,-0.010806107182601313,-0.011901369970180709,0.015672377950264663,0
2025-05-06,2025-05-05,M3,Full Cross-Scale Multiscale,-0.011242768924131391,-0.01249342748677175,0.015672377950264663,0
2025-05-07,2025-05-06,M0,Historical Simulation Benchmark,-0.026831209520214807,-0.03987030374719409,-0.0045841649238643,0
2025-05-07,2025-05-06,M1,Heavy-Tail Marginals,-0.028589558290500906,-0.03473380804548211,-0.0045841649238643,0
2025-05-07,2025-05-06,M2,Wavelet + Within-Scale,-0.010820196287571847,-0.012142480694164664,-0.0045841649238643,0
2025-05-07,2025-05-06,M3,Full Cross-Scale Multiscale,-0.01110057883992016,-0.012219995352812842,-0.0045841649238643,0
2025-05-08,2025-05-07,M0,Historical Simulation Benchmark,-0.026831209520214807,-0.03987030374719409,0.014727865416677362,0
2025-05-08,2025-05-07,M1,Heavy-Tail Marginals,-0.02819119151353332,-0.03652312342673206,0.014727865416677362,0
2025-05-08,2025-05-07,M2,Wavelet + Within-Scale,-0.010323939628791275,-0.011678625426878073,0.014727865416677362,0
2025-05-08,2025-05-07,M3,Full Cross-Scale Multiscale,-0.011170076380539446,-0.012914132666613995,0.014727865416677362,0
2025-05-09,2025-05-08,M0,Historical Simulation Benchmark,-0.026831209520214807,-0.03987030374719409,0.0038700147539246998,0
2025-05-09,2025-05-08,M1,Heavy-Tail Marginals,-0.032898871883914785,-0.04101581967611086,0.0038700147539246998,0
2025-05-09,2025-05-08,M2,Wavelet + Within-Scale,-0.010589785193205936,-0.012380164769825336,0.0038700147539246998,0
2025-05-09,2025-05-08,M3,Full Cross-Scale Multiscale,-0.010981808713697165,-0.012453399147912107,0.0038700147539246998,0
2025-05-12,2025-05-09,M0,Historical Simulation Benchmark,-0.026831209520214807,-0.03987030374719409,0.0021512655028835996,0
2025-05-12,2025-05-09,M1,Heavy-Tail Marginals,-0.030130810119003273,-0.039808355325147884,0.0021512655028835996,0
2025-05-12,2025-05-09,M2,Wavelet + Within-Scale,-0.010272480096027345,-0.011987053049484627,0.0021512655028835996,0
2025-05-12,2025-05-09,M3,Full Cross-Scale Multiscale,-0.010730588671168854,-0.012957416342064085,0.0021512655028835996,0
2025-05-13,2025-05-12,M0,Historical Simulation Benchmark,-0.026831209520214807,-0.03987030374719409,0.01044184395658064,0
2025-05-13,2025-05-12,M1,Heavy-Tail Marginals,-0.03275278772046219,-0.040632539065673226,0.01044184395658064,0
2025-05-13,2025-05-12,M2,Wavelet + Within-Scale,-0.010823403477604106,-0.012056325366442354,0.01044184395658064,0
2025-05-13,2025-05-12,M3,Full Cross-Scale Multiscale,-0.011128280323856488,-0.012857697103553811,0.01044184395658064,0
2025-05-14,2025-05-13,M0,Historical Simulation Benchmark,-0.026831209520214807,-0.03987030374719409,-0.00844657295182442,0
2025-05-14,2025-05-13,M1,Heavy-Tail Marginals,-0.02746514318288181,-0.03342206377808339,-0.00844657295182442,0
2025-05-14,2025-05-13,M2,Wavelet + Within-Scale,-0.011113790972033884,-0.012463379685158985,-0.00844657295182442,0
2025-05-14,2025-05-13,M3,Full Cross-Scale Multiscale,-0.011025195999094916,-0.012370117998565498,-0.00844657295182442,0
2025-05-15,2025-05-14,M0,Historical Simulation Benchmark,-0.026831209520214807,-0.03987030374719409,0.0024958476597649396,0
2025-05-15,2025-05-14,M1,Heavy-Tail Marginals,-0.030113494311401562,-0.04031970668471248,0.0024958476597649396,0
2025-05-15,2025-05-14,M2,Wavelet + Within-Scale,-0.01018747132004186,-0.011796945135411565,0.0024958476597649396,0
2025-05-15,2025-05-14,M3,Full Cross-Scale Multiscale,-0.012005847644981785,-0.013083453692131217,0.0024958476597649396,0
2025-05-16,2025-05-15,M0,Historical Simulation Benchmark,-0.026831209520214807,-0.03987030374719409,-9.490310122790022e-05,0
2025-05-16,2025-05-15,M1,Heavy-Tail Marginals,-0.0308821167656301,-0.03805663730788677,-9.490310122790022e-05,0
2025-05-16,2025-05-15,M2,Wavelet + Within-Scale,-0.010485586035502082,-0.012134634718872331,-9.490310122790022e-05,0
2025-05-16,2025-05-15,M3,Full Cross-Scale Multiscale,-0.011198020122095307,-0.013017235492787386,-9.490310122790022e-05,0
2025-05-19,2025-05-16,M0,Historical Simulation Benchmark,-0.026831209520214807,-0.03987030374719409,0.00792208637845132,0
2025-05-19,2025-05-16,M1,Heavy-Tail Marginals,-0.02772351565680916,-0.03568871612036315,0.00792208637845132,0
2025-05-19,2025-05-16,M2,Wavelet + Within-Scale,-0.010882973532741045,-0.012208291718867394,0.00792208637845132,0
2025-05-19,2025-05-16,M3,Full Cross-Scale Multiscale,-0.011584238918950109,-0.013307340968803708,0.00792208637845132,0
2025-05-20,2025-05-19,M0,Historical Simulation Benchmark,-0.026831209520214807,-0.03987030374719409,0.005429920540885001,0
2025-05-20,2025-05-19,M1,Heavy-Tail Marginals,-0.029740697936223047,-0.040321074332878216,0.005429920540885001,0
2025-05-20,2025-05-19,M2,Wavelet + Within-Scale,-0.009860072409136854,-0.011765739073677098,0.005429920540885001,0
2025-05-20,2025-05-19,M3,Full Cross-Scale Multiscale,-0.01179229261322765,-0.013445864448210786,0.005429920540885001,0
2025-05-21,2025-05-20,M0,Historical Simulation Benchmark,-0.026831209520214807,-0.03987030374719409,-0.0011257033952944999,0
2025-05-21,2025-05-20,M1,Heavy-Tail Marginals,-0.030451276490179528,-0.03641184490827432,-0.0011257033952944999,0
2025-05-21,2025-05-20,M2,Wavelet + Within-Scale,-0.009951977104750018,-0.012050184077167538,-0.0011257033952944999,0
2025-05-21,2025-05-20,M3,Full Cross-Scale Multiscale,-0.01099147322671909,-0.012693569173596672,-0.0011257033952944999,0
2025-05-22,2025-05-21,M0,Historical Simulation Benchmark,-0.026831209520214807,-0.03987030374719409,0.0013183696692438802,0
2025-05-22,2025-05-21,M1,Heavy-Tail Marginals,-0.0314289567194039,-0.039778577586508795,0.0013183696692438802,0
2025-05-22,2025-05-21,M2,Wavelet + Within-Scale,-0.010129559993789942,-0.011520985059293632,0.0013183696692438802,0
2025-05-22,2025-05-21,M3,Full Cross-Scale Multiscale,-0.011248677094858123,-0.01330319586744993,0.0013183696692438802,0
2025-05-23,2025-05-22,M0,Historical Simulation Benchmark,-0.026831209520214807,-0.03987030374719409,-0.0019555815618118207,0
2025-05-23,2025-05-22,M1,Heavy-Tail Marginals,-0.03174572204172457,-0.03925166904131907,-0.0019555815618118207,0
2025-05-23,2025-05-22,M2,Wavelet + Within-Scale,-0.010566301244140496,-0.012217431944025055,-0.0019555815618118207,0
2025-05-23,2025-05-22,M3,Full Cross-Scale Multiscale,-0.012220064735684657,-0.01382721907724498,-0.0019555815618118207,0
2025-05-27,2025-05-23,M0,Historical Simulation Benchmark,-0.026831209520214807,-0.03987030374719409,0.0025839978385161404,0
2025-05-27,2025-05-23,M1,Heavy-Tail Marginals,-0.032995320700987436,-0.04235143494162674,0.0025839978385161404,0
2025-05-27,2025-05-23,M2,Wavelet + Within-Scale,-0.010633375726476943,-0.012286645690592166,0.0025839978385161404,0
2025-05-27,2025-05-23,M3,Full Cross-Scale Multiscale,-0.011724659694013984,-0.013193429751050067,0.0025839978385161404,0
2025-05-28,2025-05-27,M0,Historical Simulation Benchmark,-0.026831209520214807,-0.03987030374719409,-0.0025619603086678598,0
2025-05-28,2025-05-27,M1,Heavy-Tail Marginals,-0.03221648188029585,-0.03938777639883175,-0.0025619603086678598,0
2025-05-28,2025-05-27,M2,Wavelet + Within-Scale,-0.010429964548199439,-0.012043696639964008,-0.0025619603086678598,0
2025-05-28,2025-05-27,M3,Full Cross-Scale Multiscale,-0.010550590608295782,-0.012816308934257715,-0.0025619603086678598,0
2025-05-29,2025-05-28,M0,Historical Simulation Benchmark,-0.026831209520214807,-0.03987030374719409,-0.0033236209654183197,0
2025-05-29,2025-05-28,M1,Heavy-Tail Marginals,-0.030659747957212727,-0.03599732129580367,-0.0033236209654183197,0
2025-05-29,2025-05-28,M2,Wavelet + Within-Scale,-0.010146457607965969,-0.012192208788218079,-0.0033236209654183197,0
2025-05-29,2025-05-28,M3,Full Cross-Scale Multiscale,-0.011090112839520517,-0.01298400689469022,-0.0033236209654183197,0
2025-05-30,2025-05-29,M0,Historical Simulation Benchmark,-0.026831209520214807,-0.03987030374719409,-0.00420494058976238,0
2025-05-30,2025-05-29,M1,Heavy-Tail Marginals,-0.026927820260228587,-0.03881348649850473,-0.00420494058976238,0
2025-05-30,2025-05-29,M2,Wavelet + Within-Scale,-0.010269200517712053,-0.011340634273159544,-0.00420494058976238,0
2025-05-30,2025-05-29,M3,Full Cross-Scale Multiscale,-0.010828481141479692,-0.01238104821540983,-0.00420494058976238,0
2025-06-02,2025-05-30,M0,Historical Simulation Benchmark,-0.024997161458181923,-0.037999193519814206,0.016302211984093498,0
2025-06-02,2025-05-30,M1,Heavy-Tail Marginals,-0.021468315393958607,-0.026436632534001265,0.016302211984093498,0
2025-06-02,2025-05-30,M2,Wavelet + Within-Scale,-0.009320889087812215,-0.011023508139013866,0.016302211984093498,0
2025-06-02,2025-05-30,M3,Full Cross-Scale Multiscale,-0.010591807303220837,-0.01207978941977577,0.016302211984093498,0
2025-06-03,2025-06-02,M0,Historical Simulation Benchmark,-0.024997161458181923,-0.037999193519814206,-0.0007081377956607404,0
2025-06-03,2025-06-02,M1,Heavy-Tail Marginals,-0.026919972197419956,-0.039175899056630034,-0.0007081377956607404,0
2025-06-03,2025-06-02,M2,Wavelet + Within-Scale,-0.008997122544608141,-0.010686189145252963,-0.0007081377956607404,0
2025-06-03,2025-06-02,M3,Full Cross-Scale Multiscale,-0.009630014953151848,-0.010987705302970673,-0.0007081377956607404,0
2025-06-04,2025-06-03,M0,Historical Simulation Benchmark,-0.024997161458181923,-0.037999193519814206,-0.00021769306297655987,0
2025-06-04,2025-06-03,M1,Heavy-Tail Marginals,-0.021555629841156478,-0.026523440685061676,-0.00021769306297655987,0
2025-06-04,2025-06-03,M2,Wavelet + Within-Scale,-0.009533341605995532,-0.012184844701067909,-0.00021769306297655987,0
2025-06-04,2025-06-03,M3,Full Cross-Scale Multiscale,-0.01088710202766419,-0.012676639675741433,-0.00021769306297655987,0
2025-06-05,2025-06-04,M0,Historical Simulation Benchmark,-0.024997161458181923,-0.037999193519814206,-0.0069996605483726,0
2025-06-05,2025-06-04,M1,Heavy-Tail Marginals,-0.026485559321345265,-0.040431693893180576,-0.0069996605483726,0
2025-06-05,2025-06-04,M2,Wavelet + Within-Scale,-0.009614258867620401,-0.010834058797196,-0.0069996605483726,0
2025-06-05,2025-06-04,M3,Full Cross-Scale Multiscale,-0.01063102340414624,-0.012038952311158712,-0.0069996605483726,0
2025-06-06,2025-06-05,M0,Historical Simulation Benchmark,-0.024997161458181923,-0.037999193519814206,0.0073148833304861605,0
2025-06-06,2025-06-05,M1,Heavy-Tail Marginals,-0.0224789814476354,-0.026897276753616993,0.0073148833304861605,0
2025-06-06,2025-06-05,M2,Wavelet + Within-Scale,-0.009320508641641332,-0.011108880765431399,0.0073148833304861605,0
2025-06-06,2025-06-05,M3,Full Cross-Scale Multiscale,-0.009463160557032661,-0.011413478979998892,0.0073148833304861605,0
2025-06-09,2025-06-06,M0,Historical Simulation Benchmark,-0.024997161458181923,-0.037999193519814206,0.014356108584481482,0
2025-06-09,2025-06-06,M1,Heavy-Tail Marginals,-0.022023313005794902,-0.02665282666699505,0.014356108584481482,0
2025-06-09,2025-06-06,M2,Wavelet + Within-Scale,-0.009526523774987222,-0.011221850233525035,0.014356108584481482,0
2025-06-09,2025-06-06,M3,Full Cross-Scale Multiscale,-0.010292276984132931,-0.011569284280342016,0.014356108584481482,0
2025-06-10,2025-06-09,M0,Historical Simulation Benchmark,-0.024997161458181923,-0.037999193519814206,0.00021084984624634002,0
2025-06-10,2025-06-09,M1,Heavy-Tail Marginals,-0.022402299952508885,-0.028044199138460225,0.00021084984624634002,0
2025-06-10,2025-06-09,M2,Wavelet + Within-Scale,-0.009497264562779677,-0.010605676018801937,0.00021084984624634002,0
2025-06-10,2025-06-09,M3,Full Cross-Scale Multiscale,-0.010109735813283217,-0.011877940005648313,0.00021084984624634002,0
2025-06-11,2025-06-10,M0,Historical Simulation Benchmark,-0.024997161458181923,-0.037999193519814206,0.00726634134841412,0
2025-06-11,2025-06-10,M1,Heavy-Tail Marginals,-0.021998484935493126,-0.028122243755247762,0.00726634134841412,0
2025-06-11,2025-06-10,M2,Wavelet + Within-Scale,-0.008668140895721618,-0.010052583607098745,0.00726634134841412,0
2025-06-11,2025-06-10,M3,Full Cross-Scale Multiscale,-0.010705614419371644,-0.012019555297183253,0.00726634134841412,0
2025-06-12,2025-06-11,M0,Historical Simulation Benchmark,-0.024997161458181923,-0.037999193519814206,-0.00039560341051956063,0
2025-06-12,2025-06-11,M1,Heavy-Tail Marginals,-0.02323358031778183,-0.028576960419716763,-0.00039560341051956063,0
2025-06-12,2025-06-11,M2,Wavelet + Within-Scale,-0.010101463024084743,-0.011752085272770541,-0.00039560341051956063,0
2025-06-12,2025-06-11,M3,Full Cross-Scale Multiscale,-0.009908676405831249,-0.011995481645091602,-0.00039560341051956063,0
2025-06-13,2025-06-12,M0,Historical Simulation Benchmark,-0.024997161458181923,-0.037999193519814206,0.013242583267215401,0
2025-06-13,2025-06-12,M1,Heavy-Tail Marginals,-0.022336588919711176,-0.030937455728953466,0.013242583267215401,0
2025-06-13,2025-06-12,M2,Wavelet + Within-Scale,-0.00967585966463515,-0.011128496683269703,0.013242583267215401,0
2025-06-13,2025-06-12,M3,Full Cross-Scale Multiscale,-0.010070413881896546,-0.011923101559878881,0.013242583267215401,0
2025-06-16,2025-06-13,M0,Historical Simulation Benchmark,-0.024997161458181923,-0.037999193519814206,-0.0043315674416176606,0
2025-06-16,2025-06-13,M1,Heavy-Tail Marginals,-0.022135610977573692,-0.029587797905451806,-0.0043315674416176606,0
2025-06-16,2025-06-13,M2,Wavelet + Within-Scale,-0.009400622492824126,-0.01105731700372126,-0.0043315674416176606,0
2025-06-16,2025-06-13,M3,Full Cross-Scale Multiscale,-0.010283206467108954,-0.011749348705186064,-0.0043315674416176606,0
2025-06-17,2025-06-16,M0,Historical Simulation Benchmark,-0.024997161458181923,-0.037999193519814206,0.004433072742508341,0
2025-06-17,2025-06-16,M1,Heavy-Tail Marginals,-0.02386515622740513,-0.031343872442603775,0.004433072742508341,0
2025-06-17,2025-06-16,M2,Wavelet + Within-Scale,-0.009514434652648935,-0.011470224340356782,0.004433072742508341,0
2025-06-17,2025-06-16,M3,Full Cross-Scale Multiscale,-0.010435594322310145,-0.01271302817134028,0.004433072742508341,0
2025-06-18,2025-06-17,M0,Historical Simulation Benchmark,-0.024997161458181923,-0.037999193519814206,-0.0005173025486493199,0
2025-06-18,2025-06-17,M1,Heavy-Tail Marginals,-0.023545285379330264,-0.030399208708358348,-0.0005173025486493199,0
2025-06-18,2025-06-17,M2,Wavelet + Within-Scale,-0.009093778203973732,-0.010684364743888166,-0.0005173025486493199,0
2025-06-18,2025-06-17,M3,Full Cross-Scale Multiscale,-0.009636350972796382,-0.011840694541825524,-0.0005173025486493199,0
2025-06-20,2025-06-18,M0,Historical Simulation Benchmark,-0.024997161458181923,-0.037999193519814206,-0.0013950192033177803,0
2025-06-20,2025-06-18,M1,Heavy-Tail Marginals,-0.02134678540772723,-0.026663460171066817,-0.0013950192033177803,0
2025-06-20,2025-06-18,M2,Wavelet + Within-Scale,-0.009397820555475557,-0.010920344082345825,-0.0013950192033177803,0
2025-06-20,2025-06-18,M3,Full Cross-Scale Multiscale,-0.009846433588029486,-0.01108888063994917,-0.0013950192033177803,0
2025-06-23,2025-06-20,M0,Historical Simulation Benchmark,-0.024997161458181923,-0.037999193519814206,-0.009216963374423879,0
2025-06-23,2025-06-20,M1,Heavy-Tail Marginals,-0.02318519168947162,-0.03074756152639464,-0.009216963374423879,0
2025-06-23,2025-06-20,M2,Wavelet + Within-Scale,-0.010128972104415308,-0.011983018193783666,-0.009216963374423879,0
2025-06-23,2025-06-20,M3,Full Cross-Scale Multiscale,-0.010201309202687957,-0.011934095174120599,-0.009216963374423879,0
2025-06-24,2025-06-23,M0,Historical Simulation Benchmark,-0.024997161458181923,-0.037999193519814206,-0.00852395876279608,0
2025-06-24,2025-06-23,M1,Heavy-Tail Marginals,-0.023842852011357867,-0.02896453624174784,-0.00852395876279608,0
2025-06-24,2025-06-23,M2,Wavelet + Within-Scale,-0.009736012262836623,-0.011386277915347118,-0.00852395876279608,0
2025-06-24,2025-06-23,M3,Full Cross-Scale Multiscale,-0.01034122436970327,-0.012339801332389764,-0.00852395876279608,0
2025-06-25,2025-06-24,M0,Historical Simulation Benchmark,-0.024997161458181923,-0.037999193519814206,0.00411605729276026,0
2025-06-25,2025-06-24,M1,Heavy-Tail Marginals,-0.023410557691611766,-0.030197635632530567,0.00411605729276026,0
2025-06-25,2025-06-24,M2,Wavelet + Within-Scale,-0.009494063229540587,-0.011094397698399532,0.00411605729276026,0
2025-06-25,2025-06-24,M3,Full Cross-Scale Multiscale,-0.009461054771694765,-0.01170586946376002,0.00411605729276026,0
2025-06-26,2025-06-25,M0,Historical Simulation Benchmark,-0.024997161458181923,-0.037999193519814206,0.00206292140041404,0
2025-06-26,2025-06-25,M1,Heavy-Tail Marginals,-0.02127721170970492,-0.029757730110688503,0.00206292140041404,0
2025-06-26,2025-06-25,M2,Wavelet + Within-Scale,-0.008832628427547977,-0.010449843010225408,0.00206292140041404,0
2025-06-26,2025-06-25,M3,Full Cross-Scale Multiscale,-0.01039012503217249,-0.011951859477404533,0.00206292140041404,0
2025-06-27,2025-06-26,M0,Historical Simulation Benchmark,-0.024997161458181923,-0.037999193519814206,-0.0037945529476559603,0
2025-06-27,2025-06-26,M1,Heavy-Tail Marginals,-0.019877405076735247,-0.02494799832459883,-0.0037945529476559603,0
2025-06-27,2025-06-26,M2,Wavelet + Within-Scale,-0.00923180341106679,-0.011002108543867276,-0.0037945529476559603,0
2025-06-27,2025-06-26,M3,Full Cross-Scale Multiscale,-0.010170993756213982,-0.011971563318996053,-0.0037945529476559603,0
2025-06-30,2025-06-27,M0,Historical Simulation Benchmark,-0.024997161458181923,-0.037999193519814206,0.0037548722330464405,0
2025-06-30,2025-06-27,M1,Heavy-Tail Marginals,-0.022744370059195496,-0.027347905372055104,0.0037548722330464405,0
2025-06-30,2025-06-27,M2,Wavelet + Within-Scale,-0.009357646782404453,-0.010581835235036776,0.0037548722330464405,0
2025-06-30,2025-06-27,M3,Full Cross-Scale Multiscale,-0.00997443068633738,-0.011676568955567974,0.0037548722330464405,0
2025-07-01,2025-06-30,M0,Historical Simulation Benchmark,-0.024997161458181923,-0.037999193519814206,0.0008706766107984395,0
2025-07-01,2025-06-30,M1,Heavy-Tail Marginals,-0.020923639810704418,-0.02477685897579884,0.0008706766107984395,0
2025-07-01,2025-06-30,M2,Wavelet + Within-Scale,-0.00943069489085046,-0.011543557087301334,0.0008706766107984395,0
2025-07-01,2025-06-30,M3,Full Cross-Scale Multiscale,-0.010026050255505433,-0.012567344199328609,0.0008706766107984395,0
2025-07-02,2025-07-01,M0,Historical Simulation Benchmark,-0.024997161458181923,-0.037999193519814206,0.011921443770455961,0
2025-07-02,2025-07-01,M1,Heavy-Tail Marginals,-0.02555871073120363,-0.037914793173802065,0.011921443770455961,0
2025-07-02,2025-07-01,M2,Wavelet + Within-Scale,-0.010068205371048062,-0.01131375661122205,0.011921443770455961,0
2025-07-02,2025-07-01,M3,Full Cross-Scale Multiscale,-0.01123590796676538,-0.013191462468133502,0.011921443770455961,0
2025-07-03,2025-07-02,M0,Historical Simulation Benchmark,-0.024997161458181923,-0.037999193519814206,-0.00011182013164145956,0
2025-07-03,2025-07-02,M1,Heavy-Tail Marginals,-0.022841787911891624,-0.028650609627190727,-0.00011182013164145956,0
2025-07-03,2025-07-02,M2,Wavelet + Within-Scale,-0.010405758503609613,-0.011551302415832045,-0.00011182013164145956,0
2025-07-03,2025-07-02,M3,Full Cross-Scale Multiscale,-0.011347245446619436,-0.013755619396713766,-0.00011182013164145956,0
2025-07-07,2025-07-03,M0,Historical Simulation Benchmark,-0.024997161458181923,-0.037999193519814206,-0.00105255922842572,0
2025-07-07,2025-07-03,M1,Heavy-Tail Marginals,-0.021449357129084058,-0.029261072252726665,-0.00105255922842572,0
2025-07-07,2025-07-03,M2,Wavelet + Within-Scale,-0.010603569024106552,-0.012075181660324303,-0.00105255922842572,0
2025-07-07,2025-07-03,M3,Full Cross-Scale Multiscale,-0.011211073646719817,-0.01346710930671279,-0.00105255922842572,0
2025-07-08,2025-07-07,M0,Historical Simulation Benchmark,-0.024997161458181923,-0.037999193519814206,-5.702130053868008e-05,0
2025-07-08,2025-07-07,M1,Heavy-Tail Marginals,-0.02515729022378278,-0.03361793665089184,-5.702130053868008e-05,0
2025-07-08,2025-07-07,M2,Wavelet + Within-Scale,-0.011084773633563496,-0.012324460878248643,-5.702130053868008e-05,0
2025-07-08,2025-07-07,M3,Full Cross-Scale Multiscale,-0.01161118697597826,-0.013774585004028093,-5.702130053868008e-05,0
2025-07-09,2025-07-08,M0,Historical Simulation Benchmark,-0.024997161458181923,-0.037999193519814206,0.007361613623264881,0
2025-07-09,2025-07-08,M1,Heavy-Tail Marginals,-0.021505139305029203,-0.027420480596979636,0.007361613623264881,0
2025-07-09,2025-07-08,M2,Wavelet + Within-Scale,-0.011232862979643866,-0.013010587089205241,0.007361613623264881,0
2025-07-09,2025-07-08,M3,Full Cross-Scale Multiscale,-0.011718524748457049,-0.013837217039421687,0.007361613623264881,0
2025-07-10,2025-07-09,M0,Historical Simulation Benchmark,-0.024997161458181923,-0.037999193519814206,0.00506058912257204,0
2025-07-10,2025-07-09,M1,Heavy-Tail Marginals,-0.024008378751180948,-0.031768847945752896,0.00506058912257204,0
2025-07-10,2025-07-09,M2,Wavelet + Within-Scale,-0.010235707132158286,-0.011894658203063844,0.00506058912257204,0
2025-07-10,2025-07-09,M3,Full Cross-Scale Multiscale,-0.011457164374730561,-0.013274785088049518,0.00506058912257204,0
2025-07-11,2025-07-10,M0,Historical Simulation Benchmark,-0.024997161458181923,-0.037999193519814206,0.007874611183136041,0
2025-07-11,2025-07-10,M1,Heavy-Tail Marginals,-0.022487638919766843,-0.027953572502316764,0.007874611183136041,0
2025-07-11,2025-07-10,M2,Wavelet + Within-Scale,-0.010427374721790204,-0.012292341039610714,0.007874611183136041,0
2025-07-11,2025-07-10,M3,Full Cross-Scale Multiscale,-0.012185551528251798,-0.01427722905195573,0.007874611183136041,0
2025-07-14,2025-07-11,M0,Historical Simulation Benchmark,-0.024997161458181923,-0.037999193519814206,-0.0008736292441693209,0
2025-07-14,2025-07-11,M1,Heavy-Tail Marginals,-0.024154615636809946,-0.030360359452324747,-0.0008736292441693209,0
2025-07-14,2025-07-11,M2,Wavelet + Within-Scale,-0.010803896226991211,-0.012732168089036378,-0.0008736292441693209,0
2025-07-14,2025-07-11,M3,Full Cross-Scale Multiscale,-0.011855384592407812,-0.013286689541978652,-0.0008736292441693209,0
2025-07-15,2025-07-14,M0,Historical Simulation Benchmark,-0.024997161458181923,-0.037999193519814206,-0.006918956942514501,0
2025-07-15,2025-07-14,M1,Heavy-Tail Marginals,-0.02405906625144807,-0.029939150390484816,-0.006918956942514501,0
2025-07-15,2025-07-14,M2,Wavelet + Within-Scale,-0.010687090240209867,-0.012815330628486893,-0.006918956942514501,0
2025-07-15,2025-07-14,M3,Full Cross-Scale Multiscale,-0.011253362503822077,-0.013397179665608671,-0.006918956942514501,0
2025-07-16,2025-07-15,M0,Historical Simulation Benchmark,-0.024997161458181923,-0.037999193519814206,0.0036553735658716602,0
2025-07-16,2025-07-15,M1,Heavy-Tail Marginals,-0.02140159063143644,-0.0309173131927159,0.0036553735658716602,0
2025-07-16,2025-07-15,M2,Wavelet + Within-Scale,-0.011166758496175357,-0.01252007887294955,0.0036553735658716602,0
2025-07-16,2025-07-15,M3,Full Cross-Scale Multiscale,-0.011255129814930724,-0.012572729897381623,0.0036553735658716602,0
2025-07-17,2025-07-16,M0,Historical Simulation Benchmark,-0.024997161458181923,-0.037999193519814206,0.0042114168667032005,0
2025-07-17,2025-07-16,M1,Heavy-Tail Marginals,-0.023491774528613157,-0.031015293300974474,0.0042114168667032005,0
2025-07-17,2025-07-16,M2,Wavelet + Within-Scale,-0.010417536374347548,-0.011777560964815808,0.0042114168667032005,0
2025-07-17,2025-07-16,M3,Full Cross-Scale Multiscale,-0.01222452251596515,-0.013691351178618697,0.0042114168667032005,0
2025-07-18,2025-07-17,M0,Historical Simulation Benchmark,-0.024997161458181923,-0.037999193519814206,-0.00184919710031522,0
2025-07-18,2025-07-17,M1,Heavy-Tail Marginals,-0.024472105738021638,-0.030683427692756234,-0.00184919710031522,0
2025-07-18,2025-07-17,M2,Wavelet + Within-Scale,-0.009759078491372069,-0.011768242594385867,-0.00184919710031522,0
2025-07-18,2025-07-17,M3,Full Cross-Scale Multiscale,-0.01068379149489954,-0.012177887844941265,-0.00184919710031522,0
2025-07-21,2025-07-18,M0,Historical Simulation Benchmark,-0.024997161458181923,-0.037999193519814206,0.0022721735716875594,0
2025-07-21,2025-07-18,M1,Heavy-Tail Marginals,-0.02425034448638171,-0.031040329599456195,0.0022721735716875594,0
2025-07-21,2025-07-18,M2,Wavelet + Within-Scale,-0.009835042362738218,-0.011757876148727652,0.0022721735716875594,0
2025-07-21,2025-07-18,M3,Full Cross-Scale Multiscale,-0.011085986408853152,-0.012225639481336429,0.0022721735716875594,0
2025-07-22,2025-07-21,M0,Historical Simulation Benchmark,-0.024997161458181923,-0.037999193519814206,0.006155865686677261,0
2025-07-22,2025-07-21,M1,Heavy-Tail Marginals,-0.020834307493323954,-0.026614061483671042,0.006155865686677261,0
2025-07-22,2025-07-21,M2,Wavelet + Within-Scale,-0.010320897808652326,-0.01272905832067742,0.006155865686677261,0
2025-07-22,2025-07-21,M3,Full Cross-Scale Multiscale,-0.011726322550190677,-0.013339557415978854,0.006155865686677261,0
2025-07-23,2025-07-22,M0,Historical Simulation Benchmark,-0.024997161458181923,-0.037999193519814206,-0.00378261703869214,0
2025-07-23,2025-07-22,M1,Heavy-Tail Marginals,-0.022484655080619413,-0.028584110727705735,-0.00378261703869214,0
2025-07-23,2025-07-22,M2,Wavelet + Within-Scale,-0.010795164902874953,-0.012951385923139913,-0.00378261703869214,0
2025-07-23,2025-07-22,M3,Full Cross-Scale Multiscale,-0.01169267744171717,-0.013374471284731543,-0.00378261703869214,0
2025-07-24,2025-07-23,M0,Historical Simulation Benchmark,-0.024997161458181923,-0.037999193519814206,3.0446852508419597e-05,0
2025-07-24,2025-07-23,M1,Heavy-Tail Marginals,-0.022965342857888666,-0.03002302958741836,3.0446852508419597e-05,0
2025-07-24,2025-07-23,M2,Wavelet + Within-Scale,-0.010896115249032584,-0.012428073288121197,3.0446852508419597e-05,0
2025-07-24,2025-07-23,M3,Full Cross-Scale Multiscale,-0.011423073268394776,-0.013642227978650162,3.0446852508419597e-05,0
2025-07-25,2025-07-24,M0,Historical Simulation Benchmark,-0.024997161458181923,-0.037999193519814206,-0.005077571724439541,0
2025-07-25,2025-07-24,M1,Heavy-Tail Marginals,-0.02243342811220055,-0.031697163581737534,-0.005077571724439541,0
2025-07-25,2025-07-24,M2,Wavelet + Within-Scale,-0.011720703987294193,-0.013296230198174636,-0.005077571724439541,0
2025-07-25,2025-07-24,M3,Full Cross-Scale Multiscale,-0.011963638166677192,-0.013251027071181466,-0.005077571724439541,0
2025-07-28,2025-07-25,M0,Historical Simulation Benchmark,-0.024997161458181923,-0.037999193519814206,0.004802024595038319,0
2025-07-28,2025-07-25,M1,Heavy-Tail Marginals,-0.024937435836472437,-0.03214409733260581,0.004802024595038319,0
2025-07-28,2025-07-25,M2,Wavelet + Within-Scale,-0.010705619646647726,-0.012771748812124764,0.004802024595038319,0
2025-07-28,2025-07-25,M3,Full Cross-Scale Multiscale,-0.011322880113155161,-0.01318069934184389,0.004802024595038319,0
2025-07-29,2025-07-28,M0,Historical Simulation Benchmark,-0.024997161458181923,-0.037999193519814206,0.008027230331615424,0
2025-07-29,2025-07-28,M1,Heavy-Tail Marginals,-0.024214819736188477,-0.034238104798843656,0.008027230331615424,0
2025-07-29,2025-07-28,M2,Wavelet + Within-Scale,-0.010696510976713947,-0.01214639731520089,0.008027230331615424,0
2025-07-29,2025-07-28,M3,Full Cross-Scale Multiscale,-0.011117383976550736,-0.012465234262391586,0.008027230331615424,0
2025-07-30,2025-07-29,M0,Historical Simulation Benchmark,-0.024997161458181923,-0.037999193519814206,-0.0015022220492122193,0
2025-07-30,2025-07-29,M1,Heavy-Tail Marginals,-0.02290610284762793,-0.028431557162036814,-0.0015022220492122193,0
2025-07-30,2025-07-29,M2,Wavelet + Within-Scale,-0.010627265579349359,-0.01228180712578294,-0.0015022220492122193,0
2025-07-30,2025-07-29,M3,Full Cross-Scale Multiscale,-0.010601998093313223,-0.012301447734635373,-0.0015022220492122193,0
2025-07-31,2025-07-30,M0,Historical Simulation Benchmark,-0.024997161458181923,-0.037999193519814206,-0.0064191005946197,0
2025-07-31,2025-07-30,M1,Heavy-Tail Marginals,-0.024725646998537267,-0.039027621756507744,-0.0064191005946197,0
2025-07-31,2025-07-30,M2,Wavelet + Within-Scale,-0.010309012083153237,-0.011600370895334857,-0.0064191005946197,0
2025-07-31,2025-07-30,M3,Full Cross-Scale Multiscale,-0.011153701970939315,-0.012789524959712417,-0.0064191005946197,0
2025-08-01,2025-07-31,M0,Historical Simulation Benchmark,-0.024997161458181923,-0.037999193519814206,-0.00667935040292674,0
2025-08-01,2025-07-31,M1,Heavy-Tail Marginals,-0.018564221680992792,-0.02441938794857182,-0.00667935040292674,0
2025-08-01,2025-07-31,M2,Wavelet + Within-Scale,-0.011594375194115865,-0.013244792554320308,-0.00667935040292674,0
2025-08-01,2025-07-31,M3,Full Cross-Scale Multiscale,-0.011610381133596106,-0.013902776245460213,-0.00667935040292674,0
2025-08-04,2025-08-01,M0,Historical Simulation Benchmark,-0.024997161458181923,-0.037999193519814206,0.004001611106511959,0
2025-08-04,2025-08-01,M1,Heavy-Tail Marginals,-0.019819107051776533,-0.024855410086000885,0.004001611106511959,0
2025-08-04,2025-08-01,M2,Wavelet + Within-Scale,-0.011416177508380755,-0.01339597517027033,0.004001611106511959,0
2025-08-04,2025-08-01,M3,Full Cross-Scale Multiscale,-0.011991517271539354,-0.013888274036347256,0.004001611106511959,0
2025-08-05,2025-08-04,M0,Historical Simulation Benchmark,-0.024997161458181923,-0.037999193519814206,-0.00551067750776812,0
2025-08-05,2025-08-04,M1,Heavy-Tail Marginals,-0.019681551008692573,-0.022431623642167903,-0.00551067750776812,0
2025-08-05,2025-08-04,M2,Wavelet + Within-Scale,-0.011869617015320338,-0.01347811287968321,-0.00551067750776812,0
2025-08-05,2025-08-04,M3,Full Cross-Scale Multiscale,-0.01175412539863941,-0.013081321299642078,-0.00551067750776812,0
2025-08-06,2025-08-05,M0,Historical Simulation Benchmark,-0.024997161458181923,-0.037999193519814206,-0.0008037453967681797,0
2025-08-06,2025-08-05,M1,Heavy-Tail Marginals,-0.019586669211569666,-0.02756465610531721,-0.0008037453967681797,0
2025-08-06,2025-08-05,M2,Wavelet + Within-Scale,-0.01153434588837736,-0.013145705459258647,-0.0008037453967681797,0
2025-08-06,2025-08-05,M3,Full Cross-Scale Multiscale,-0.012174083287966295,-0.014064723272271309,-0.0008037453967681797,0
2025-08-07,2025-08-06,M0,Historical Simulation Benchmark,-0.024997161458181923,-0.037999193519814206,0.004608447170615841,0
2025-08-07,2025-08-06,M1,Heavy-Tail Marginals,-0.019937471717561685,-0.02365251089574532,0.004608447170615841,0
2025-08-07,2025-08-06,M2,Wavelet + Within-Scale,-0.011100148682173757,-0.013694233766370804,0.004608447170615841,0
2025-08-07,2025-08-06,M3,Full Cross-Scale Multiscale,-0.01227311448313275,-0.013641076235341549,0.004608447170615841,0
2025-08-08,2025-08-07,M0,Historical Simulation Benchmark,-0.024997161458181923,-0.037999193519814206,-0.0006595949645927001,0
2025-08-08,2025-08-07,M1,Heavy-Tail Marginals,-0.02067554778558055,-0.02812537144177803,-0.0006595949645927001,0
2025-08-08,2025-08-07,M2,Wavelet + Within-Scale,-0.01152869129594396,-0.014080810196120109,-0.0006595949645927001,0
2025-08-08,2025-08-07,M3,Full Cross-Scale Multiscale,-0.012107204195963174,-0.014064609831259267,-0.0006595949645927001,0
2025-08-11,2025-08-08,M0,Historical Simulation Benchmark,-0.024997161458181923,-0.037999193519814206,0.0016016786727816603,0
2025-08-11,2025-08-08,M1,Heavy-Tail Marginals,-0.021906522184573004,-0.028791443852145104,0.0016016786727816603,0
2025-08-11,2025-08-08,M2,Wavelet + Within-Scale,-0.010900988192410352,-0.01299151112487081,0.0016016786727816603,0
2025-08-11,2025-08-08,M3,Full Cross-Scale Multiscale,-0.012328458252032918,-0.013780656112622785,0.0016016786727816603,0
2025-08-12,2025-08-11,M0,Historical Simulation Benchmark,-0.024997161458181923,-0.037999193519814206,0.0019910220790868207,0
2025-08-12,2025-08-11,M1,Heavy-Tail Marginals,-0.021234330698943434,-0.02696829784175202,0.0019910220790868207,0
2025-08-12,2025-08-11,M2,Wavelet + Within-Scale,-0.01152626957761653,-0.012906330682546837,0.0019910220790868207,0
2025-08-12,2025-08-11,M3,Full Cross-Scale Multiscale,-0.01209508797432531,-0.013750653739553972,0.0019910220790868207,0
2025-08-13,2025-08-12,M0,Historical Simulation Benchmark,-0.024997161458181923,-0.037999193519814206,0.00586532142116428,0
2025-08-13,2025-08-12,M1,Heavy-Tail Marginals,-0.02164220357585357,-0.02873418652055318,0.00586532142116428,0
2025-08-13,2025-08-12,M2,Wavelet + Within-Scale,-0.011363193158784653,-0.01298029526292653,0.00586532142116428,0
2025-08-13,2025-08-12,M3,Full Cross-Scale Multiscale,-0.012175729232288887,-0.01358185704656593,0.00586532142116428,0
2025-08-14,2025-08-13,M0,Historical Simulation Benchmark,-0.024997161458181923,-0.037999193519814206,-0.006649830991056732,0
2025-08-14,2025-08-13,M1,Heavy-Tail Marginals,-0.021298122290042184,-0.027420939820769895,-0.006649830991056732,0
2025-08-14,2025-08-13,M2,Wavelet + Within-Scale,-0.011111514680932329,-0.012961105227225888,-0.006649830991056732,0
2025-08-14,2025-08-13,M3,Full Cross-Scale Multiscale,-0.012133329517508767,-0.013909085423487571,-0.006649830991056732,0
2025-08-15,2025-08-14,M0,Historical Simulation Benchmark,-0.024997161458181923,-0.037999193519814206,-0.00494708074560096,0
2025-08-15,2025-08-14,M1,Heavy-Tail Marginals,-0.020342325496437837,-0.024816114617195344,-0.00494708074560096,0
2025-08-15,2025-08-14,M2,Wavelet + Within-Scale,-0.011300177989795924,-0.012490549914019405,-0.00494708074560096,0
2025-08-15,2025-08-14,M3,Full Cross-Scale Multiscale,-0.011689923562608931,-0.01325246839670478,-0.00494708074560096,0
2025-08-18,2025-08-15,M0,Historical Simulation Benchmark,-0.024997161458181923,-0.037999193519814206,-0.00149320318574624,0
2025-08-18,2025-08-15,M1,Heavy-Tail Marginals,-0.021627335165950726,-0.026237730605829356,-0.00149320318574624,0
2025-08-18,2025-08-15,M2,Wavelet + Within-Scale,-0.011125525555750826,-0.012857385749116587,-0.00149320318574624,0
2025-08-18,2025-08-15,M3,Full Cross-Scale Multiscale,-0.012160220842089255,-0.014028888029135373,-0.00149320318574624,0
2025-08-19,2025-08-18,M0,Historical Simulation Benchmark,-0.024997161458181923,-0.037999193519814206,-0.01004811260165008,0
2025-08-19,2025-08-18,M1,Heavy-Tail Marginals,-0.018742771771191408,-0.023442564824044942,-0.01004811260165008,0
2025-08-19,2025-08-18,M2,Wavelet + Within-Scale,-0.01106149171127674,-0.012036456408638773,-0.01004811260165008,0
2025-08-19,2025-08-18,M3,Full Cross-Scale Multiscale,-0.011920069975436718,-0.013451913330021803,-0.01004811260165008,0
2025-08-20,2025-08-19,M0,Historical Simulation Benchmark,-0.024997161458181923,-0.037999193519814206,0.0076647157404903,0
2025-08-20,2025-08-19,M1,Heavy-Tail Marginals,-0.020344577678720683,-0.025941689272891845,0.0076647157404903,0
2025-08-20,2025-08-19,M2,Wavelet + Within-Scale,-0.011224596677370727,-0.012973651724547942,0.0076647157404903,0
2025-08-20,2025-08-19,M3,Full Cross-Scale Multiscale,-0.011316281080811959,-0.013395958414576243,0.0076647157404903,0
2025-08-21,2025-08-20,M0,Historical Simulation Benchmark,-0.024997161458181923,-0.037999193519814206,-0.0037081567393532603,0
2025-08-21,2025-08-20,M1,Heavy-Tail Marginals,-0.019544366505270975,-0.025739649374387212,-0.0037081567393532603,0
2025-08-21,2025-08-20,M2,Wavelet + Within-Scale,-0.012006150498744199,-0.014070223425029843,-0.0037081567393532603,0
2025-08-21,2025-08-20,M3,Full Cross-Scale Multiscale,-0.011549561231922072,-0.01364208600163449,-0.0037081567393532603,0
2025-08-22,2025-08-21,M0,Historical Simulation Benchmark,-0.024997161458181923,-0.037999193519814206,0.01543182358240134,0
2025-08-22,2025-08-21,M1,Heavy-Tail Marginals,-0.018790592550419268,-0.026058211672473002,0.01543182358240134,0
2025-08-22,2025-08-21,M2,Wavelet + Within-Scale,-0.01208890184171815,-0.01405775922120861,0.01543182358240134,0
2025-08-22,2025-08-21,M3,Full Cross-Scale Multiscale,-0.01207091119149081,-0.013711960340118073,0.01543182358240134,0
2025-08-25,2025-08-22,M0,Historical Simulation Benchmark,-0.024997161458181923,-0.037999193519814206,-0.010707854180125341,0
2025-08-25,2025-08-22,M1,Heavy-Tail Marginals,-0.02212390612039991,-0.026818765917862353,-0.010707854180125341,0
2025-08-25,2025-08-22,M2,Wavelet + Within-Scale,-0.011495513273512316,-0.013241579922658666,-0.010707854180125341,0
2025-08-25,2025-08-22,M3,Full Cross-Scale Multiscale,-0.01211012488687069,-0.014466812705252737,-0.010707854180125341,0
2025-08-26,2025-08-25,M0,Historical Simulation Benchmark,-0.024997161458181923,-0.037999193519814206,0.0012907092859025804,0
2025-08-26,2025-08-25,M1,Heavy-Tail Marginals,-0.019360571931425975,-0.022374922387511244,0.0012907092859025804,0
2025-08-26,2025-08-25,M2,Wavelet + Within-Scale,-0.012586015170219372,-0.013977809879441572,0.0012907092859025804,0
2025-08-26,2025-08-25,M3,Full Cross-Scale Multiscale,-0.013152999834428856,-0.015015360225993729,0.0012907092859025804,0
2025-08-27,2025-08-26,M0,Historical Simulation Benchmark,-0.024997161458181923,-0.037999193519814206,0.00188688324051294,0
2025-08-27,2025-08-26,M1,Heavy-Tail Marginals,-0.02164636671029138,-0.02977241202471806,0.00188688324051294,0
2025-08-27,2025-08-26,M2,Wavelet + Within-Scale,-0.011175610051033047,-0.013601817601852573,0.00188688324051294,0
2025-08-27,2025-08-26,M3,Full Cross-Scale Multiscale,-0.012241009655925708,-0.013558315848962036,0.00188688324051294,0
2025-08-28,2025-08-27,M0,Historical Simulation Benchmark,-0.024997161458181923,-0.037999193519814206,0.0065017456132727,0
2025-08-28,2025-08-27,M1,Heavy-Tail Marginals,-0.021937779014925947,-0.030237102036768982,0.0065017456132727,0
2025-08-28,2025-08-27,M2,Wavelet + Within-Scale,-0.011682518068125269,-0.013796444569751012,0.0065017456132727,0
2025-08-28,2025-08-27,M3,Full Cross-Scale Multiscale,-0.011779915732745849,-0.013078516450486946,0.0065017456132727,0
2025-08-29,2025-08-28,M0,Historical Simulation Benchmark,-0.024997161458181923,-0.037999193519814206,-0.00799270844424704,0
2025-08-29,2025-08-28,M1,Heavy-Tail Marginals,-0.020896994027767124,-0.02630197497294897,-0.00799270844424704,0
2025-08-29,2025-08-28,M2,Wavelet + Within-Scale,-0.010709399735001979,-0.012866619431445108,-0.00799270844424704,0
2025-08-29,2025-08-28,M3,Full Cross-Scale Multiscale,-0.012111891626349128,-0.013743766137045994,-0.00799270844424704,0
2025-09-02,2025-08-29,M0,Historical Simulation Benchmark,-0.024997161458181923,-0.037999193519814206,0.01273592267858728,0
2025-09-02,2025-08-29,M1,Heavy-Tail Marginals,-0.02149777891611656,-0.027428924652858,0.01273592267858728,0
2025-09-02,2025-08-29,M2,Wavelet + Within-Scale,-0.010783103010061789,-0.012448686509798124,0.01273592267858728,0
2025-09-02,2025-08-29,M3,Full Cross-Scale Multiscale,-0.011068943722234985,-0.012532069037642765,0.01273592267858728,0
2025-09-03,2025-09-02,M0,Historical Simulation Benchmark,-0.024997161458181923,-0.037999193519814206,-0.0008243728384288005,0
2025-09-03,2025-09-02,M1,Heavy-Tail Marginals,-0.022096604896980274,-0.029451171503522812,-0.0008243728384288005,0
2025-09-03,2025-09-02,M2,Wavelet + Within-Scale,-0.0100543075969537,-0.011589300924443427,-0.0008243728384288005,0
2025-09-03,2025-09-02,M3,Full Cross-Scale Multiscale,-0.01158435417271469,-0.013169221285834271,-0.0008243728384288005,0
2025-09-04,2025-09-03,M0,Historical Simulation Benchmark,-0.024997161458181923,-0.037999193519814206,-0.0018685936713220802,0
2025-09-04,2025-09-03,M1,Heavy-Tail Marginals,-0.022038141160532057,-0.027232351626392905,-0.0018685936713220802,0
2025-09-04,2025-09-03,M2,Wavelet + Within-Scale,-0.010232439622576408,-0.011678838553554807,-0.0018685936713220802,0
2025-09-04,2025-09-03,M3,Full Cross-Scale Multiscale,-0.010979686564729849,-0.012980238826713855,-0.0018685936713220802,0
2025-09-05,2025-09-04,M0,Historical Simulation Benchmark,-0.024997161458181923,-0.037999193519814206,-0.0013094431633723005,0
2025-09-05,2025-09-04,M1,Heavy-Tail Marginals,-0.02137427184085466,-0.028929266005870147,-0.0013094431633723005,0
2025-09-05,2025-09-04,M2,Wavelet + Within-Scale,-0.010506824231875527,-0.012702141812593557,-0.0013094431633723005,0
2025-09-05,2025-09-04,M3,Full Cross-Scale Multiscale,-0.01028473871638316,-0.012505201350917736,-0.0013094431633723005,0
2025-09-08,2025-09-05,M0,Historical Simulation Benchmark,-0.024997161458181923,-0.037999193519814206,0.00705144594257068,0
2025-09-08,2025-09-05,M1,Heavy-Tail Marginals,-0.020602283114414605,-0.03065979592680455,0.00705144594257068,0
2025-09-08,2025-09-05,M2,Wavelet + Within-Scale,-0.010141012690651426,-0.011673119022336904,0.00705144594257068,0
2025-09-08,2025-09-05,M3,Full Cross-Scale Multiscale,-0.010887198265049065,-0.012419362886200169,0.00705144594257068,0
2025-09-09,2025-09-08,M0,Historical Simulation Benchmark,-0.024997161458181923,-0.037999193519814206,-0.00047856856827950013,0
2025-09-09,2025-09-08,M1,Heavy-Tail Marginals,-0.021130085820113165,-0.02892739092955717,-0.00047856856827950013,0
2025-09-09,2025-09-08,M2,Wavelet + Within-Scale,-0.010517167255130013,-0.012268647249547137,-0.00047856856827950013,0
2025-09-09,2025-09-08,M3,Full Cross-Scale Multiscale,-0.01135796876136335,-0.013358754842510864,-0.00047856856827950013,0
2025-09-10,2025-09-09,M0,Historical Simulation Benchmark,-0.024997161458181923,-0.037999193519814206,0.00969756736674812,0
2025-09-10,2025-09-09,M1,Heavy-Tail Marginals,-0.02178617712314615,-0.031039157828023783,0.00969756736674812,0
2025-09-10,2025-09-09,M2,Wavelet + Within-Scale,-0.011456336150748977,-0.013242190616568303,0.00969756736674812,0
2025-09-10,2025-09-09,M3,Full Cross-Scale Multiscale,-0.010491827161074366,-0.012507109321836865,0.00969756736674812,0
2025-09-11,2025-09-10,M0,Historical Simulation Benchmark,-0.024997161458181923,-0.037999193519814206,-0.00025969344450342026,0
2025-09-11,2025-09-10,M1,Heavy-Tail Marginals,-0.02206501652851779,-0.028363892651830515,-0.00025969344450342026,0
2025-09-11,2025-09-10,M2,Wavelet + Within-Scale,-0.010583744936226352,-0.012198076349429791,-0.00025969344450342026,0
2025-09-11,2025-09-10,M3,Full Cross-Scale Multiscale,-0.011592931433130838,-0.013622207449011612,-0.00025969344450342026,0
2025-09-12,2025-09-11,M0,Historical Simulation Benchmark,-0.024997161458181923,-0.037999193519814206,0.0016238365739813002,0
2025-09-12,2025-09-11,M1,Heavy-Tail Marginals,-0.023503190523099814,-0.032199123521885656,0.0016238365739813002,0
2025-09-12,2025-09-11,M2,Wavelet + Within-Scale,-0.010398940871797043,-0.011529773763703273,0.0016238365739813002,0
2025-09-12,2025-09-11,M3,Full Cross-Scale Multiscale,-0.010322720676623294,-0.012186818408171506,0.0016238365739813002,0
2025-09-15,2025-09-12,M0,Historical Simulation Benchmark,-0.024997161458181923,-0.037999193519814206,0.0048216626735879,0
2025-09-15,2025-09-12,M1,Heavy-Tail Marginals,-0.02192897577530128,-0.027525239553791703,0.0048216626735879,0
2025-09-15,2025-09-12,M2,Wavelet + Within-Scale,-0.010179001647536615,-0.011804336806937602,0.0048216626735879,0
2025-09-15,2025-09-12,M3,Full Cross-Scale Multiscale,-0.010580239008314112,-0.0128335433894495,0.0048216626735879,0
2025-09-16,2025-09-15,M0,Historical Simulation Benchmark,-0.024997161458181923,-0.037999193519814206,0.006499389926166979,0
2025-09-16,2025-09-15,M1,Heavy-Tail Marginals,-0.020095811836323894,-0.027800786222057627,0.006499389926166979,0
2025-09-16,2025-09-15,M2,Wavelet + Within-Scale,-0.00997326626615772,-0.011317108806008874,0.006499389926166979,0
2025-09-16,2025-09-15,M3,Full Cross-Scale Multiscale,-0.0108447879063858,-0.012764548854388519,0.006499389926166979,0
2025-09-17,2025-09-16,M0,Historical Simulation Benchmark,-0.024997161458181923,-0.037999193519814206,-0.0047313216847740805,0
2025-09-17,2025-09-16,M1,Heavy-Tail Marginals,-0.021929885275403533,-0.027853156095123344,-0.0047313216847740805,0
2025-09-17,2025-09-16,M2,Wavelet + Within-Scale,-0.009739554785152182,-0.010930122988938945,-0.0047313216847740805,0
2025-09-17,2025-09-16,M3,Full Cross-Scale Multiscale,-0.010649787581267278,-0.012289631572741582,-0.0047313216847740805,0
2025-09-18,2025-09-17,M0,Historical Simulation Benchmark,-0.024997161458181923,-0.037999193519814206,-0.0001348964850691201,0
2025-09-18,2025-09-17,M1,Heavy-Tail Marginals,-0.020771328680709366,-0.02473275718680937,-0.0001348964850691201,0
2025-09-18,2025-09-17,M2,Wavelet + Within-Scale,-0.00952153090941937,-0.011068612960375477,-0.0001348964850691201,0
2025-09-18,2025-09-17,M3,Full Cross-Scale Multiscale,-0.010244166232575075,-0.01233238765372925,-0.0001348964850691201,0
2025-09-19,2025-09-18,M0,Historical Simulation Benchmark,-0.024997161458181923,-0.037999193519814206,-0.0026304401415007004,0
2025-09-19,2025-09-18,M1,Heavy-Tail Marginals,-0.019508418127346612,-0.027833821585873924,-0.0026304401415007004,0
2025-09-19,2025-09-18,M2,Wavelet + Within-Scale,-0.010032180570438061,-0.011368568210564395,-0.0026304401415007004,0
2025-09-19,2025-09-18,M3,Full Cross-Scale Multiscale,-0.010077802769736199,-0.011733603012732529,-0.0026304401415007004,0
2025-09-22,2025-09-19,M0,Historical Simulation Benchmark,-0.024997161458181923,-0.037999193519814206,-0.0012952151130837604,0
2025-09-22,2025-09-19,M1,Heavy-Tail Marginals,-0.01935486995477817,-0.026561737955509274,-0.0012952151130837604,0
2025-09-22,2025-09-19,M2,Wavelet + Within-Scale,-0.010547732965673606,-0.012410193930115438,-0.0012952151130837604,0
2025-09-22,2025-09-19,M3,Full Cross-Scale Multiscale,-0.011031560726704645,-0.011961091033494043,-0.0012952151130837604,0
2025-09-23,2025-09-22,M0,Historical Simulation Benchmark,-0.024997161458181923,-0.037999193519814206,0.0032866174623980195,0
2025-09-23,2025-09-22,M1,Heavy-Tail Marginals,-0.021380374780774196,-0.02881509622877949,0.0032866174623980195,0
2025-09-23,2025-09-22,M2,Wavelet + Within-Scale,-0.010875351335195632,-0.012141985939736767,0.0032866174623980195,0
2025-09-23,2025-09-22,M3,Full Cross-Scale Multiscale,-0.01090824475528826,-0.012554109204377262,0.0032866174623980195,0
2025-09-24,2025-09-23,M0,Historical Simulation Benchmark,-0.024997161458181923,-0.037999193519814206,0.00287566572518798,0
2025-09-24,2025-09-23,M1,Heavy-Tail Marginals,-0.022103090106292116,-0.027551657836396404,0.00287566572518798,0
2025-09-24,2025-09-23,M2,Wavelet + Within-Scale,-0.010151480248611741,-0.011755880136089459,0.00287566572518798,0
2025-09-24,2025-09-23,M3,Full Cross-Scale Multiscale,-0.010896476364240758,-0.012757769357106893,0.00287566572518798,0
2025-09-25,2025-09-24,M0,Historical Simulation Benchmark,-0.024997161458181923,-0.037999193519814206,-0.0066629619930274,0
2025-09-25,2025-09-24,M1,Heavy-Tail Marginals,-0.020668092208119875,-0.030318806976015328,-0.0066629619930274,0
2025-09-25,2025-09-24,M2,Wavelet + Within-Scale,-0.009818654798993765,-0.011563598284449382,-0.0066629619930274,0
2025-09-25,2025-09-24,M3,Full Cross-Scale Multiscale,-0.010954661439635973,-0.011951764397781731,-0.0066629619930274,0
2025-09-26,2025-09-25,M0,Historical Simulation Benchmark,-0.024997161458181923,-0.037999193519814206,0.00348095300966904,0
2025-09-26,2025-09-25,M1,Heavy-Tail Marginals,-0.02146944194716117,-0.025908864584929935,0.00348095300966904,0
2025-09-26,2025-09-25,M2,Wavelet + Within-Scale,-0.01001811622888314,-0.01181290444062821,0.00348095300966904,0
2025-09-26,2025-09-25,M3,Full Cross-Scale Multiscale,-0.011239666212290826,-0.013070577504211384,0.00348095300966904,0
2025-09-29,2025-09-26,M0,Historical Simulation Benchmark,-0.024997161458181923,-0.037999193519814206,0.0063707381485332,0
2025-09-29,2025-09-26,M1,Heavy-Tail Marginals,-0.02185596750117428,-0.02884087506632494,0.0063707381485332,0
2025-09-29,2025-09-26,M2,Wavelet + Within-Scale,-0.009940210231272631,-0.01163611954206874,0.0063707381485332,0
2025-09-29,2025-09-26,M3,Full Cross-Scale Multiscale,-0.010418062464796348,-0.011684652251828201,0.0063707381485332,0
2025-09-30,2025-09-29,M0,Historical Simulation Benchmark,-0.024997161458181923,-0.037999193519814206,-0.0004981146886277998,0
2025-09-30,2025-09-29,M1,Heavy-Tail Marginals,-0.019934479104470198,-0.024337246375315497,-0.0004981146886277998,0
2025-09-30,2025-09-29,M2,Wavelet + Within-Scale,-0.010396776958133578,-0.011592924220070187,-0.0004981146886277998,0
2025-09-30,2025-09-29,M3,Full Cross-Scale Multiscale,-0.0108417215150124,-0.012367413615396616,-0.0004981146886277998,0
2025-10-01,2025-09-30,M0,Historical Simulation Benchmark,-0.024997161458181923,-0.037999193519814206,0.00790246708366482,0
2025-10-01,2025-09-30,M1,Heavy-Tail Marginals,-0.020643539032442183,-0.02869107383335679,0.00790246708366482,0
2025-10-01,2025-09-30,M2,Wavelet + Within-Scale,-0.011170567622914664,-0.01343940574333936,0.00790246708366482,0
2025-10-01,2025-09-30,M3,Full Cross-Scale Multiscale,-0.011940426880546593,-0.013699018621582248,0.00790246708366482,0
2025-10-02,2025-10-01,M0,Historical Simulation Benchmark,-0.024997161458181923,-0.037999193519814206,-0.0012873274049916995,0
2025-10-02,2025-10-01,M1,Heavy-Tail Marginals,-0.020024020144675938,-0.024998910372751808,-0.0012873274049916995,0
2025-10-02,2025-10-01,M2,Wavelet + Within-Scale,-0.012140046095192236,-0.01443334134090292,-0.0012873274049916995,0
2025-10-02,2025-10-01,M3,Full Cross-Scale Multiscale,-0.011990028414406153,-0.015774698786444694,-0.0012873274049916995,0
2025-10-03,2025-10-02,M0,Historical Simulation Benchmark,-0.024997161458181923,-0.037999193519814206,0.004288192933460595,0
2025-10-03,2025-10-02,M1,Heavy-Tail Marginals,-0.018903777399574447,-0.030459010488440637,0.004288192933460595,0
2025-10-03,2025-10-02,M2,Wavelet + Within-Scale,-0.01120391143883823,-0.012587512920480267,0.004288192933460595,0
2025-10-03,2025-10-02,M3,Full Cross-Scale Multiscale,-0.011674834604600988,-0.014074018262301874,0.004288192933460595,0
2025-10-06,2025-10-03,M0,Historical Simulation Benchmark,-0.024997161458181923,-0.037999193519814206,0.01110341876880136,0
2025-10-06,2025-10-03,M1,Heavy-Tail Marginals,-0.020398741060590888,-0.026629300694310243,0.01110341876880136,0
2025-10-06,2025-10-03,M2,Wavelet + Within-Scale,-0.011581213509062972,-0.01412695722415698,0.01110341876880136,0
2025-10-06,2025-10-03,M3,Full Cross-Scale Multiscale,-0.011584754133676389,-0.014006642633795616,0.01110341876880136,0
2025-10-07,2025-10-06,M0,Historical Simulation Benchmark,-0.024997161458181923,-0.037999193519814206,-0.00367485277581024,0
2025-10-07,2025-10-06,M1,Heavy-Tail Marginals,-0.019480211299442333,-0.025386891735387395,-0.00367485277581024,0
2025-10-07,2025-10-06,M2,Wavelet + Within-Scale,-0.010798495507907806,-0.012591661213935382,-0.00367485277581024,0
2025-10-07,2025-10-06,M3,Full Cross-Scale Multiscale,-0.01235042895796651,-0.013761173839192214,-0.00367485277581024,0
2025-10-08,2025-10-07,M0,Historical Simulation Benchmark,-0.024997161458181923,-0.037999193519814206,0.00851173616214268,0
2025-10-08,2025-10-07,M1,Heavy-Tail Marginals,-0.018678226983057118,-0.024302093244329765,0.00851173616214268,0
2025-10-08,2025-10-07,M2,Wavelet + Within-Scale,-0.010613932475808186,-0.013613104098981796,0.00851173616214268,0
2025-10-08,2025-10-07,M3,Full Cross-Scale Multiscale,-0.011773381747890301,-0.014224188878432787,0.00851173616214268,0
2025-10-09,2025-10-08,M0,Historical Simulation Benchmark,-0.024997161458181923,-0.037999193519814206,-0.00993645292371118,0
2025-10-09,2025-10-08,M1,Heavy-Tail Marginals,-0.018708427047717753,-0.02438150645050068,-0.00993645292371118,0
2025-10-09,2025-10-08,M2,Wavelet + Within-Scale,-0.012055562015652855,-0.013245167025762648,-0.00993645292371118,0
2025-10-09,2025-10-08,M3,Full Cross-Scale Multiscale,-0.011356345330626589,-0.013145303269088051,-0.00993645292371118,0
2025-10-10,2025-10-09,M0,Historical Simulation Benchmark,-0.024997161458181923,-0.037999193519814206,-0.02548914250770386,1
2025-10-10,2025-10-09,M1,Heavy-Tail Marginals,-0.018889743681540037,-0.023530011875730124,-0.02548914250770386,1
2025-10-10,2025-10-09,M2,Wavelet + Within-Scale,-0.010771755932802269,-0.013605964489390786,-0.02548914250770386,1
2025-10-10,2025-10-09,M3,Full Cross-Scale Multiscale,-0.011696335398705819,-0.014518848180314698,-0.02548914250770386,1
2025-10-13,2025-10-10,M0,Historical Simulation Benchmark,-0.024997161458181923,-0.037999193519814206,0.014100312431747301,0
2025-10-13,2025-10-10,M1,Heavy-Tail Marginals,-0.01931357313984581,-0.025234013769718983,0.014100312431747301,0
2025-10-13,2025-10-10,M2,Wavelet + Within-Scale,-0.010823519518267592,-0.012527101806797869,0.014100312431747301,0
2025-10-13,2025-10-10,M3,Full Cross-Scale Multiscale,-0.01182423004301538,-0.01417941306411665,0.014100312431747301,0
2025-10-14,2025-10-13,M0,Historical Simulation Benchmark,-0.024997161458181923,-0.037999193519814206,-0.00575227754531938,0
2025-10-14,2025-10-13,M1,Heavy-Tail Marginals,-0.019246865481800338,-0.02522653319837842,-0.00575227754531938,0
2025-10-14,2025-10-13,M2,Wavelet + Within-Scale,-0.011177293820381521,-0.01278204570530173,-0.00575227754531938,0
2025-10-14,2025-10-13,M3,Full Cross-Scale Multiscale,-0.011551298075558072,-0.013445250801603931,-0.00575227754531938,0
2025-10-15,2025-10-14,M0,Historical Simulation Benchmark,-0.024997161458181923,-0.037999193519814206,-0.00010519612387613949,0
2025-10-15,2025-10-14,M1,Heavy-Tail Marginals,-0.02069802925824983,-0.02763831440323755,-0.00010519612387613949,0
2025-10-15,2025-10-14,M2,Wavelet + Within-Scale,-0.01279582602966435,-0.014793001024748047,-0.00010519612387613949,0
2025-10-15,2025-10-14,M3,Full Cross-Scale Multiscale,-0.013230028082454433,-0.015721264096736437,-0.00010519612387613949,0
2025-10-16,2025-10-15,M0,Historical Simulation Benchmark,-0.024997161458181923,-0.037999193519814206,-0.004013238500673342,0
2025-10-16,2025-10-15,M1,Heavy-Tail Marginals,-0.02408305341761208,-0.03100627320081977,-0.004013238500673342,0
2025-10-16,2025-10-15,M2,Wavelet + Within-Scale,-0.012370043786365713,-0.013989028759638039,-0.004013238500673342,0
2025-10-16,2025-10-15,M3,Full Cross-Scale Multiscale,-0.01189896839815834,-0.014184936065068519,-0.004013238500673342,0
2025-10-17,2025-10-16,M0,Historical Simulation Benchmark,-0.024997161458181923,-0.037999193519814206,-0.00569672008218764,0
2025-10-17,2025-10-16,M1,Heavy-Tail Marginals,-0.022003434130733076,-0.02960512983280882,-0.00569672008218764,0
2025-10-17,2025-10-16,M2,Wavelet + Within-Scale,-0.011684745020691327,-0.01348492714066693,-0.00569672008218764,0
2025-10-17,2025-10-16,M3,Full Cross-Scale Multiscale,-0.012305386706000619,-0.014790728922974639,-0.00569672008218764,0
2025-10-20,2025-10-17,M0,Historical Simulation Benchmark,-0.024997161458181923,-0.037999193519814206,0.016640881113850363,0
2025-10-20,2025-10-17,M1,Heavy-Tail Marginals,-0.018693133758616646,-0.025544387875610818,0.016640881113850363,0
2025-10-20,2025-10-17,M2,Wavelet + Within-Scale,-0.011324421131849054,-0.01317379411964971,0.016640881113850363,0
2025-10-20,2025-10-17,M3,Full Cross-Scale Multiscale,-0.011881675993242538,-0.013919176642573847,0.016640881113850363,0
2025-10-21,2025-10-20,M0,Historical Simulation Benchmark,-0.024997161458181923,-0.037999193519814206,-0.015483026844253532,0
2025-10-21,2025-10-20,M1,Heavy-Tail Marginals,-0.018855471393188637,-0.025973268011681833,-0.015483026844253532,0
2025-10-21,2025-10-20,M2,Wavelet + Within-Scale,-0.011127278248416953,-0.013570331038290728,-0.015483026844253532,1
2025-10-21,2025-10-20,M3,Full Cross-Scale Multiscale,-0.011768076689517876,-0.014216064934863045,-0.015483026844253532,1
2025-10-22,2025-10-21,M0,Historical Simulation Benchmark,-0.024997161458181923,-0.037999193519814206,0.00435785148671562,0
2025-10-22,2025-10-21,M1,Heavy-Tail Marginals,-0.02062478329009631,-0.026710283184399674,0.00435785148671562,0
2025-10-22,2025-10-21,M2,Wavelet + Within-Scale,-0.011666064118367252,-0.013801728210374667,0.00435785148671562,0
2025-10-22,2025-10-21,M3,Full Cross-Scale Multiscale,-0.011402346052817328,-0.013313320431126648,0.00435785148671562,0
2025-10-23,2025-10-22,M0,Historical Simulation Benchmark,-0.024997161458181923,-0.037999193519814206,0.0130933009912605,0
2025-10-23,2025-10-22,M1,Heavy-Tail Marginals,-0.020573393271094916,-0.02657851694402643,0.0130933009912605,0
2025-10-23,2025-10-22,M2,Wavelet + Within-Scale,-0.01084796853729353,-0.01255693581058621,0.0130933009912605,0
2025-10-23,2025-10-22,M3,Full Cross-Scale Multiscale,-0.011505279034488598,-0.01310815559274727,0.0130933009912605,0
2025-10-24,2025-10-23,M0,Historical Simulation Benchmark,-0.024997161458181923,-0.037999193519814206,0.00258483488496982,0
2025-10-24,2025-10-23,M1,Heavy-Tail Marginals,-0.019991543779723953,-0.02432627586930726,0.00258483488496982,0
2025-10-24,2025-10-23,M2,Wavelet + Within-Scale,-0.010867058669965575,-0.013010804666354302,0.00258483488496982,0
2025-10-24,2025-10-23,M3,Full Cross-Scale Multiscale,-0.012392917499699521,-0.014316378312784006,0.00258483488496982,0
2025-10-27,2025-10-24,M0,Historical Simulation Benchmark,-0.024997161458181923,-0.037999193519814206,0.0020165911347567998,0
2025-10-27,2025-10-24,M1,Heavy-Tail Marginals,-0.02173466857391346,-0.02716650660274812,0.0020165911347567998,0
2025-10-27,2025-10-24,M2,Wavelet + Within-Scale,-0.011318982789820499,-0.012615017224470022,0.0020165911347567998,0
2025-10-27,2025-10-24,M3,Full Cross-Scale Multiscale,-0.011811529087583508,-0.013186663305760757,0.0020165911347567998,0
2025-10-28,2025-10-27,M0,Historical Simulation Benchmark,-0.024997161458181923,-0.037999193519814206,-0.007561127387231541,0
2025-10-28,2025-10-27,M1,Heavy-Tail Marginals,-0.02018128032094947,-0.024562578111886932,-0.007561127387231541,0
2025-10-28,2025-10-27,M2,Wavelet + Within-Scale,-0.012031200475610302,-0.01479038750517114,-0.007561127387231541,0
2025-10-28,2025-10-27,M3,Full Cross-Scale Multiscale,-0.013114125991438002,-0.015466915954836766,-0.007561127387231541,0
2025-10-29,2025-10-28,M0,Historical Simulation Benchmark,-0.024997161458181923,-0.037999193519814206,-0.006016271487679921,0
2025-10-29,2025-10-28,M1,Heavy-Tail Marginals,-0.020501372634590124,-0.027001541746136358,-0.006016271487679921,0
2025-10-29,2025-10-28,M2,Wavelet + Within-Scale,-0.012301094888172994,-0.014226910940610172,-0.006016271487679921,0
2025-10-29,2025-10-28,M3,Full Cross-Scale Multiscale,-0.011971337412262919,-0.013928267369564096,-0.006016271487679921,0
2025-10-30,2025-10-29,M0,Historical Simulation Benchmark,-0.02549183822130007,-0.037999193519814206,-0.0020667854936286404,0
2025-10-30,2025-10-29,M1,Heavy-Tail Marginals,-0.02440777615134655,-0.03357819105008621,-0.0020667854936286404,0
2025-10-30,2025-10-29,M2,Wavelet + Within-Scale,-0.013272156266833562,-0.014445429624782105,-0.0020667854936286404,0
2025-10-30,2025-10-29,M3,Full Cross-Scale Multiscale,-0.01431762589692137,-0.01668194177108106,-0.0020667854936286404,0
2025-10-31,2025-10-30,M0,Historical Simulation Benchmark,-0.02549183822130007,-0.037999193519814206,0.004301453312093041,0
2025-10-31,2025-10-30,M1,Heavy-Tail Marginals,-0.02460309223422352,-0.029990359065398008,0.004301453312093041,0
2025-10-31,2025-10-30,M2,Wavelet + Within-Scale,-0.012392013800392718,-0.01422376154402204,0.004301453312093041,0
2025-10-31,2025-10-30,M3,Full Cross-Scale Multiscale,-0.014504233145659372,-0.016329862951080708,0.004301453312093041,0
2025-11-03,2025-10-31,M0,Historical Simulation Benchmark,-0.02549183822130007,-0.037999193519814206,-0.004435787325563881,0
2025-11-03,2025-10-31,M1,Heavy-Tail Marginals,-0.023739871772495674,-0.02980347827308825,-0.004435787325563881,0
2025-11-03,2025-10-31,M2,Wavelet + Within-Scale,-0.012842594407745827,-0.014097581138648983,-0.004435787325563881,0
2025-11-03,2025-10-31,M3,Full Cross-Scale Multiscale,-0.013397378596748085,-0.015629507143768824,-0.004435787325563881,0
2025-11-04,2025-11-03,M0,Historical Simulation Benchmark,-0.02549183822130007,-0.037999193519814206,-0.01743858475706552,0
2025-11-04,2025-11-03,M1,Heavy-Tail Marginals,-0.024696956144173485,-0.03021787800311046,-0.01743858475706552,0
2025-11-04,2025-11-03,M2,Wavelet + Within-Scale,-0.012183889071673247,-0.014177245462200491,-0.01743858475706552,1
2025-11-04,2025-11-03,M3,Full Cross-Scale Multiscale,-0.012885341555660259,-0.015855501226939427,-0.01743858475706552,1
2025-11-05,2025-11-04,M0,Historical Simulation Benchmark,-0.02549183822130007,-0.037999193519814206,0.00399883282788944,0
2025-11-05,2025-11-04,M1,Heavy-Tail Marginals,-0.025040598377237634,-0.03203506795932412,0.00399883282788944,0
2025-11-05,2025-11-04,M2,Wavelet + Within-Scale,-0.012411683263370133,-0.014004811635479425,0.00399883282788944,0
2025-11-05,2025-11-04,M3,Full Cross-Scale Multiscale,-0.013511274969872245,-0.01588359886660929,0.00399883282788944,0
2025-11-06,2025-11-05,M0,Historical Simulation Benchmark,-0.02549183822130007,-0.037999193519814206,-0.00685417231565916,0
2025-11-06,2025-11-05,M1,Heavy-Tail Marginals,-0.021207337191420646,-0.02655751634881822,-0.00685417231565916,0
2025-11-06,2025-11-05,M2,Wavelet + Within-Scale,-0.013621787848011484,-0.015437159496394353,-0.00685417231565916,0
2025-11-06,2025-11-05,M3,Full Cross-Scale Multiscale,-0.013374625259144362,-0.01541281253153444,-0.00685417231565916,0
2025-11-07,2025-11-06,M0,Historical Simulation Benchmark,-0.02549183822130007,-0.037999193519814206,0.006616757507419381,0
2025-11-07,2025-11-06,M1,Heavy-Tail Marginals,-0.024584724086362406,-0.03311560346711319,0.006616757507419381,0
2025-11-07,2025-11-06,M2,Wavelet + Within-Scale,-0.012424880378530284,-0.01426665409587997,0.006616757507419381,0
2025-11-07,2025-11-06,M3,Full Cross-Scale Multiscale,-0.013501334012364924,-0.015405522415659045,0.006616757507419381,0
2025-11-10,2025-11-07,M0,Historical Simulation Benchmark,-0.02549183822130007,-0.037999193519814206,0.01441161359287824,0
2025-11-10,2025-11-07,M1,Heavy-Tail Marginals,-0.023697868626879667,-0.030750904322445583,0.01441161359287824,0
2025-11-10,2025-11-07,M2,Wavelet + Within-Scale,-0.013027128922651671,-0.014837974569020956,0.01441161359287824,0
2025-11-10,2025-11-07,M3,Full Cross-Scale Multiscale,-0.013979579824032884,-0.01658854963734286,0.01441161359287824,0
2025-11-11,2025-11-10,M0,Historical Simulation Benchmark,-0.02549183822130007,-0.037999193519814206,-0.0009958262255030798,0
2025-11-11,2025-11-10,M1,Heavy-Tail Marginals,-0.023095646928657662,-0.02994565129991388,-0.0009958262255030798,0
2025-11-11,2025-11-10,M2,Wavelet + Within-Scale,-0.01296437180315144,-0.014614227991378414,-0.0009958262255030798,0
2025-11-11,2025-11-10,M3,Full Cross-Scale Multiscale,-0.01344877955490936,-0.015139327062433136,-0.0009958262255030798,0
2025-11-12,2025-11-11,M0,Historical Simulation Benchmark,-0.02549183822130007,-0.037999193519814206,-0.007483965593518759,0
2025-11-12,2025-11-11,M1,Heavy-Tail Marginals,-0.02478671184578602,-0.029224831627058478,-0.007483965593518759,0
2025-11-12,2025-11-11,M2,Wavelet + Within-Scale,-0.01283934792054462,-0.014423572362839024,-0.007483965593518759,0
2025-11-12,2025-11-11,M3,Full Cross-Scale Multiscale,-0.014548453229308804,-0.016524836079122612,-0.007483965593518759,0
2025-11-13,2025-11-12,M0,Historical Simulation Benchmark,-0.02549183822130007,-0.037999193519814206,-0.009281814220041582,0
2025-11-13,2025-11-12,M1,Heavy-Tail Marginals,-0.02318817275909043,-0.026885295548386527,-0.009281814220041582,0
2025-11-13,2025-11-12,M2,Wavelet + Within-Scale,-0.013363662633169269,-0.015719329758261333,-0.009281814220041582,0
2025-11-13,2025-11-12,M3,Full Cross-Scale Multiscale,-0.0138431268691855,-0.015669954163178366,-0.009281814220041582,0
2025-11-14,2025-11-13,M0,Historical Simulation Benchmark,-0.02549183822130007,-0.037999193519814206,-0.010597835902055562,0
2025-11-14,2025-11-13,M1,Heavy-Tail Marginals,-0.02467131626454709,-0.0315624103202009,-0.010597835902055562,0
2025-11-14,2025-11-13,M2,Wavelet + Within-Scale,-0.013304966428364958,-0.015591535337871224,-0.010597835902055562,0
2025-11-14,2025-11-13,M3,Full Cross-Scale Multiscale,-0.013850360928490015,-0.015826733321688147,-0.010597835902055562,0
2025-11-17,2025-11-14,M0,Historical Simulation Benchmark,-0.02549183822130007,-0.037999193519814206,-0.00911617826662022,0
2025-11-17,2025-11-14,M1,Heavy-Tail Marginals,-0.024441596511823396,-0.030688958054398068,-0.00911617826662022,0
2025-11-17,2025-11-14,M2,Wavelet + Within-Scale,-0.013055516920350575,-0.014650789087107246,-0.00911617826662022,0
2025-11-17,2025-11-14,M3,Full Cross-Scale Multiscale,-0.013626358626044425,-0.01548198692611514,-0.00911617826662022,0
2025-11-18,2025-11-17,M0,Historical Simulation Benchmark,-0.02549183822130007,-0.037999193519814206,0.0052785581957658,0
2025-11-18,2025-11-17,M1,Heavy-Tail Marginals,-0.024026328812939507,-0.032651115276924395,0.0052785581957658,0
2025-11-18,2025-11-17,M2,Wavelet + Within-Scale,-0.012549783372821786,-0.015197990583378857,0.0052785581957658,0
2025-11-18,2025-11-17,M3,Full Cross-Scale Multiscale,-0.012617564673622544,-0.015185806631746072,0.0052785581957658,0
2025-11-19,2025-11-18,M0,Historical Simulation Benchmark,-0.02549183822130007,-0.037999193519814206,-0.0067841495217217,0
2025-11-19,2025-11-18,M1,Heavy-Tail Marginals,-0.022825227473075978,-0.02726901709940068,-0.0067841495217217,0
2025-11-19,2025-11-18,M2,Wavelet + Within-Scale,-0.012530877191315551,-0.0144433931583765,-0.0067841495217217,0
2025-11-19,2025-11-18,M3,Full Cross-Scale Multiscale,-0.013233631793188894,-0.015200156472730495,-0.0067841495217217,0
2025-11-20,2025-11-19,M0,Historical Simulation Benchmark,-0.02549183822130007,-0.037999193519814206,-0.015585532912685201,0
2025-11-20,2025-11-19,M1,Heavy-Tail Marginals,-0.02338939828867238,-0.02783149859662623,-0.015585532912685201,0
2025-11-20,2025-11-19,M2,Wavelet + Within-Scale,-0.012360818899464037,-0.015441332150467882,-0.015585532912685201,1
2025-11-20,2025-11-19,M3,Full Cross-Scale Multiscale,-0.013055193154183818,-0.015655539313877604,-0.015585532912685201,1
2025-11-21,2025-11-20,M0,Historical Simulation Benchmark,-0.02549183822130007,-0.037999193519814206,-0.0036959758346695394,0
2025-11-21,2025-11-20,M1,Heavy-Tail Marginals,-0.023399314492612903,-0.03239448730426283,-0.0036959758346695394,0
2025-11-21,2025-11-20,M2,Wavelet + Within-Scale,-0.012139773849844406,-0.014560615854225583,-0.0036959758346695394,0
2025-11-21,2025-11-20,M3,Full Cross-Scale Multiscale,-0.013842522881626733,-0.015638480157409762,-0.0036959758346695394,0
2025-11-24,2025-11-21,M0,Historical Simulation Benchmark,-0.02549183822130007,-0.037999193519814206,0.01691897651099694,0
2025-11-24,2025-11-21,M1,Heavy-Tail Marginals,-0.024330319016796387,-0.030521003109420724,0.01691897651099694,0
2025-11-24,2025-11-21,M2,Wavelet + Within-Scale,-0.013098647379459828,-0.015430492005827167,0.01691897651099694,0
2025-11-24,2025-11-21,M3,Full Cross-Scale Multiscale,-0.014652059315243281,-0.01652014761731633,0.01691897651099694,0
2025-11-25,2025-11-24,M0,Historical Simulation Benchmark,-0.02549183822130007,-0.037999193519814206,-0.00314389035256032,0
2025-11-25,2025-11-24,M1,Heavy-Tail Marginals,-0.024245972296505876,-0.03183406640312381,-0.00314389035256032,0
2025-11-25,2025-11-24,M2,Wavelet + Within-Scale,-0.01361185389095301,-0.015619520607216067,-0.00314389035256032,0
2025-11-25,2025-11-24,M3,Full Cross-Scale Multiscale,-0.01416331083245166,-0.016574019207050452,-0.00314389035256032,0
2025-11-26,2025-11-25,M0,Historical Simulation Benchmark,-0.02549183822130007,-0.037999193519814206,0.012546359325693021,0
2025-11-26,2025-11-25,M1,Heavy-Tail Marginals,-0.024265345951179094,-0.030269518047398563,0.012546359325693021,0
2025-11-26,2025-11-25,M2,Wavelet + Within-Scale,-0.012510885919978721,-0.01480033583549314,0.012546359325693021,0
2025-11-26,2025-11-25,M3,Full Cross-Scale Multiscale,-0.01385188477338371,-0.01624846532818748,0.012546359325693021,0
2025-11-28,2025-11-26,M0,Historical Simulation Benchmark,-0.02549183822130007,-0.037999193519814206,0.007013413667292001,0
2025-11-28,2025-11-26,M1,Heavy-Tail Marginals,-0.024694628621020776,-0.029134733164729247,0.007013413667292001,0
2025-11-28,2025-11-26,M2,Wavelet + Within-Scale,-0.01240178236977038,-0.01345672891060786,0.007013413667292001,0
2025-11-28,2025-11-26,M3,Full Cross-Scale Multiscale,-0.013800987956005461,-0.015810699701526466,0.007013413667292001,0
2025-12-01,2025-11-28,M0,Historical Simulation Benchmark,-0.024994465744585716,-0.036961665580040416,-0.01143674456196702,0
2025-12-01,2025-11-28,M1,Heavy-Tail Marginals,-0.021211263674344363,-0.02940349819077882,-0.01143674456196702,0
2025-12-01,2025-11-28,M2,Wavelet + Within-Scale,-0.010076664507010448,-0.012147541604992781,-0.01143674456196702,1
2025-12-01,2025-11-28,M3,Full Cross-Scale Multiscale,-0.010742982570053005,-0.012473883103364954,-0.01143674456196702,1
2025-12-02,2025-12-01,M0,Historical Simulation Benchmark,-0.024994465744585716,-0.036961665580040416,0.00813226003985496,0
2025-12-02,2025-12-01,M1,Heavy-Tail Marginals,-0.022050713818633865,-0.03079101654866761,0.00813226003985496,0
2025-12-02,2025-12-01,M2,Wavelet + Within-Scale,-0.010199747794726528,-0.012153412647260345,0.00813226003985496,0
2025-12-02,2025-12-01,M3,Full Cross-Scale Multiscale,-0.0107603184370789,-0.012771940051206238,0.00813226003985496,0
2025-12-03,2025-12-02,M0,Historical Simulation Benchmark,-0.024994465744585716,-0.036961665580040416,0.006936246465417422,0
2025-12-03,2025-12-02,M1,Heavy-Tail Marginals,-0.02265372809976907,-0.028600328026457695,0.006936246465417422,0
2025-12-03,2025-12-02,M2,Wavelet + Within-Scale,-0.01088937751465936,-0.012901827148688965,0.006936246465417422,0
2025-12-03,2025-12-02,M3,Full Cross-Scale Multiscale,-0.011201375133368746,-0.012675214624736617,0.006936246465417422,0
2025-12-04,2025-12-03,M0,Historical Simulation Benchmark,-0.024994465744585716,-0.036961665580040416,-0.0012751433711811803,0
2025-12-04,2025-12-03,M1,Heavy-Tail Marginals,-0.023524153939178616,-0.03212183567574817,-0.0012751433711811803,0
2025-12-04,2025-12-03,M2,Wavelet + Within-Scale,-0.01046267939781055,-0.01236722187102261,-0.0012751433711811803,0
2025-12-04,2025-12-03,M3,Full Cross-Scale Multiscale,-0.011758393246210747,-0.013206108685193207,-0.0012751433711811803,0
2025-12-05,2025-12-04,M0,Historical Simulation Benchmark,-0.024994465744585716,-0.036961665580040416,-0.004980723981012,0
2025-12-05,2025-12-04,M1,Heavy-Tail Marginals,-0.0216239203053646,-0.028065777341955988,-0.004980723981012,0
2025-12-05,2025-12-04,M2,Wavelet + Within-Scale,-0.010692337125648805,-0.012636033102646178,-0.004980723981012,0
2025-12-05,2025-12-04,M3,Full Cross-Scale Multiscale,-0.01131771842170269,-0.013334607273090628,-0.004980723981012,0
2025-12-08,2025-12-05,M0,Historical Simulation Benchmark,-0.024994465744585716,-0.036961665580040416,-0.0027793239045712593,0
2025-12-08,2025-12-05,M1,Heavy-Tail Marginals,-0.02575231662879214,-0.030647321760332014,-0.0027793239045712593,0
2025-12-08,2025-12-05,M2,Wavelet + Within-Scale,-0.009801594555086585,-0.011281861686467868,-0.0027793239045712593,0
2025-12-08,2025-12-05,M3,Full Cross-Scale Multiscale,-0.01090465825939165,-0.012396563412170918,-0.0027793239045712593,0
2025-12-09,2025-12-08,M0,Historical Simulation Benchmark,-0.024994465744585716,-0.036961665580040416,0.0032417501301594803,0
2025-12-09,2025-12-08,M1,Heavy-Tail Marginals,-0.02209888260751773,-0.026516250928182855,0.0032417501301594803,0
2025-12-09,2025-12-08,M2,Wavelet + Within-Scale,-0.010446316290743012,-0.012113093816979892,0.0032417501301594803,0
2025-12-09,2025-12-08,M3,Full Cross-Scale Multiscale,-0.010751225671051676,-0.012339637310704211,0.0032417501301594803,0
2025-12-10,2025-12-09,M0,Historical Simulation Benchmark,-0.024994465744585716,-0.036961665580040416,0.003300840148435221,0
2025-12-10,2025-12-09,M1,Heavy-Tail Marginals,-0.024932752894881186,-0.03072800844591257,0.003300840148435221,0
2025-12-10,2025-12-09,M2,Wavelet + Within-Scale,-0.009736468677656587,-0.01108570789824673,0.003300840148435221,0
2025-12-10,2025-12-09,M3,Full Cross-Scale Multiscale,-0.0110687738290749,-0.01230010652735101,0.003300840148435221,0
2025-12-11,2025-12-10,M0,Historical Simulation Benchmark,-0.024994465744585716,-0.036961665580040416,-3.7291346516028605e-07,0
2025-12-11,2025-12-10,M1,Heavy-Tail Marginals,-0.021196788936739357,-0.027020777024212943,-3.7291346516028605e-07,0
2025-12-11,2025-12-10,M2,Wavelet + Within-Scale,-0.010276687757207817,-0.012051834010197191,-3.7291346516028605e-07,0
2025-12-11,2025-12-10,M3,Full Cross-Scale Multiscale,-0.011238478177707348,-0.01288179044980572,-3.7291346516028605e-07,0
2025-12-12,2025-12-11,M0,Historical Simulation Benchmark,-0.024994465744585716,-0.036961665580040416,-0.007765174192055261,0
2025-12-12,2025-12-11,M1,Heavy-Tail Marginals,-0.02313228829700197,-0.02676702012989604,-0.007765174192055261,0
2025-12-12,2025-12-11,M2,Wavelet + Within-Scale,-0.01135026149325076,-0.012893976499764809,-0.007765174192055261,0
2025-12-12,2025-12-11,M3,Full Cross-Scale Multiscale,-0.011305195725024897,-0.012968268715141711,-0.007765174192055261,0
2025-12-15,2025-12-12,M0,Historical Simulation Benchmark,-0.024994465744585716,-0.036961665580040416,-0.011364874795701101,0
2025-12-15,2025-12-12,M1,Heavy-Tail Marginals,-0.023935991465351466,-0.03046801811486901,-0.011364874795701101,0
2025-12-15,2025-12-12,M2,Wavelet + Within-Scale,-0.01017456206956394,-0.012252893642492364,-0.011364874795701101,1
2025-12-15,2025-12-12,M3,Full Cross-Scale Multiscale,-0.011251670033686177,-0.013129656959394087,-0.011364874795701101,1
2025-12-16,2025-12-15,M0,Historical Simulation Benchmark,-0.024994465744585716,-0.036961665580040416,-0.00180474627603888,0
2025-12-16,2025-12-15,M1,Heavy-Tail Marginals,-0.022056626284610827,-0.028167955597637497,-0.00180474627603888,0
2025-12-16,2025-12-15,M2,Wavelet + Within-Scale,-0.010217254171942513,-0.011549694781681514,-0.00180474627603888,0
2025-12-16,2025-12-15,M3,Full Cross-Scale Multiscale,-0.011396163402173167,-0.012898933143614563,-0.00180474627603888,0
2025-12-17,2025-12-16,M0,Historical Simulation Benchmark,-0.024994465744585716,-0.036961665580040416,0.0009442337033996988,0
2025-12-17,2025-12-16,M1,Heavy-Tail Marginals,-0.022595586595602478,-0.029445032614426166,0.0009442337033996988,0
2025-12-17,2025-12-16,M2,Wavelet + Within-Scale,-0.010478486827802629,-0.012850885889647608,0.0009442337033996988,0
2025-12-17,2025-12-16,M3,Full Cross-Scale Multiscale,-0.011340720203850976,-0.01313194869104487,0.0009442337033996988,0
2025-12-18,2025-12-17,M0,Historical Simulation Benchmark,-0.024994465744585716,-0.036961665580040416,-0.0022647432144182,0
2025-12-18,2025-12-17,M1,Heavy-Tail Marginals,-0.024737570033563853,-0.032632524062377724,-0.0022647432144182,0
2025-12-18,2025-12-17,M2,Wavelet + Within-Scale,-0.010693085339933689,-0.012369036651707346,-0.0022647432144182,0
2025-12-18,2025-12-17,M3,Full Cross-Scale Multiscale,-0.011764838982292932,-0.013635338155505206,-0.0022647432144182,0
2025-12-19,2025-12-18,M0,Historical Simulation Benchmark,-0.024994465744585716,-0.036961665580040416,0.0101512364370735,0
2025-12-19,2025-12-18,M1,Heavy-Tail Marginals,-0.025243579534927167,-0.03257693519842768,0.0101512364370735,0
2025-12-19,2025-12-18,M2,Wavelet + Within-Scale,-0.010462024883626847,-0.012992848031028644,0.0101512364370735,0
2025-12-19,2025-12-18,M3,Full Cross-Scale Multiscale,-0.011590289093900563,-0.014679702107359577,0.0101512364370735,0
2025-12-22,2025-12-19,M0,Historical Simulation Benchmark,-0.024994465744585716,-0.036961665580040416,0.0114102136384035,0
2025-12-22,2025-12-19,M1,Heavy-Tail Marginals,-0.022689644347206116,-0.033280640952552745,0.0114102136384035,0
2025-12-22,2025-12-19,M2,Wavelet + Within-Scale,-0.011081026556311744,-0.012769419632694881,0.0114102136384035,0
2025-12-22,2025-12-19,M3,Full Cross-Scale Multiscale,-0.010709182617490643,-0.012218796912598156,0.0114102136384035,0
2025-12-23,2025-12-22,M0,Historical Simulation Benchmark,-0.024994465744585716,-0.036961665580040416,0.0026431868607894797,0
2025-12-23,2025-12-22,M1,Heavy-Tail Marginals,-0.02190224569034018,-0.027957771743246946,0.0026431868607894797,0
2025-12-23,2025-12-22,M2,Wavelet + Within-Scale,-0.00965267516464141,-0.012262450269942196,0.0026431868607894797,0
2025-12-23,2025-12-22,M3,Full Cross-Scale Multiscale,-0.011102167605106317,-0.013722948473643077,0.0026431868607894797,0
2025-12-24,2025-12-23,M0,Historical Simulation Benchmark,-0.024994465744585716,-0.036961665580040416,0.0005610706075251601,0
2025-12-24,2025-12-23,M1,Heavy-Tail Marginals,-0.02220044922066903,-0.03160669833323902,0.0005610706075251601,0
2025-12-24,2025-12-23,M2,Wavelet + Within-Scale,-0.010343895837340966,-0.011594071969322214,0.0005610706075251601,0
2025-12-24,2025-12-23,M3,Full Cross-Scale Multiscale,-0.011387602982555756,-0.012752076433198839,0.0005610706075251601,0
2025-12-26,2025-12-24,M0,Historical Simulation Benchmark,-0.024994465744585716,-0.036961665580040416,-0.00318317216340088,0
2025-12-26,2025-12-24,M1,Heavy-Tail Marginals,-0.023807718725856596,-0.028512441230033138,-0.00318317216340088,0
2025-12-26,2025-12-24,M2,Wavelet + Within-Scale,-0.010440465281109708,-0.012421025718249788,-0.00318317216340088,0
2025-12-26,2025-12-24,M3,Full Cross-Scale Multiscale,-0.011325557933317746,-0.013701570782227643,-0.00318317216340088,0
2025-12-29,2025-12-26,M0,Historical Simulation Benchmark,-0.024994465744585716,-0.036961665580040416,-0.00642582102058182,0
2025-12-29,2025-12-26,M1,Heavy-Tail Marginals,-0.02546488517929086,-0.03366527503255798,-0.00642582102058182,0
2025-12-29,2025-12-26,M2,Wavelet + Within-Scale,-0.010516246815352214,-0.012222768461348366,-0.00642582102058182,0
2025-12-29,2025-12-26,M3,Full Cross-Scale Multiscale,-0.011467516395293427,-0.013817477818738655,-0.00642582102058182,0
2025-12-30,2025-12-29,M0,Historical Simulation Benchmark,-0.024994465744585716,-0.036961665580040416,0.0030106951566334,0
2025-12-30,2025-12-29,M1,Heavy-Tail Marginals,-0.025126665448929705,-0.031282658684366735,0.0030106951566334,0
2025-12-30,2025-12-29,M2,Wavelet + Within-Scale,-0.010610121023410355,-0.012757754360273457,0.0030106951566334,0
2025-12-30,2025-12-29,M3,Full Cross-Scale Multiscale,-0.011093074963704628,-0.012871598552076322,0.0030106951566334,0
